Gender,Age_Group,Marital_Status,Income_Level,Time_of_Day,Day,Location,Cuisine_Type
Female,45-54,Widowed,Low,Breakfast,Wednesday,Bhavanipuram,South Indian
Other,25-34,Widowed,Upper-Middle,Breakfast,Friday,Auto Nagar,South Indian
Other,35-44,Married,Low,Late Night,Thursday,Poranki,Bakery
Male,45-54,Single,Middle,Late Night,Friday,Ramachandra Nagar,Fast Food
Male,55-64,Married,Upper-Middle,Dinner,Thursday,One Town,Street Food
Male,35-44,Widowed,Middle,Dinner,Saturday,Auto Nagar,Biryani
Other,55-64,Married,Low,Breakfast,Tuesday,Benz Circle,Bakery
Female,55-64,Widowed,Middle,Dinner,Thursday,Governorpet,South Indian
Male,18-24,Married,High,Snack,Sunday,One Town,Street Food
Female,35-44,Widowed,Upper-Middle,Breakfast,Monday,Gunadala,South Indian
Male,18-24,Widowed,Upper-Middle,Snack,Tuesday,Patamata,Continental
Other,55-64,Married,High,Late Night,Friday,Gunadala,South Indian
Male,18-24,Divorced,Upper-Middle,Dinner,Tuesday,Poranki,Biryani
Male,25-34,Single,High,Snack,Wednesday,Ramachandra Nagar,Street Food
Other,35-44,Married,Low,Snack,Thursday,MG Road,Biryani
Male,35-44,Single,Upper-Middle,Snack,Wednesday,Governorpet,South Indian
Male,25-34,Divorced,Middle,Dinner,Sunday,Poranki,Biryani
Other,25-34,Married,Middle,Snack,Tuesday,Auto Nagar,North Indian
Female,25-34,Single,High,Lunch,Tuesday,Auto Nagar,Biryani
Male,25-34,Single,Middle,Breakfast,Wednesday,MG Road,Chinese
Male,45-54,Married,High,Lunch,Wednesday,Governorpet,Biryani
Other,18-24,Married,Low,Late Night,Thursday,Bhavanipuram,Biryani
Other,55-64,Single,Low,Lunch,Thursday,Ramachandra Nagar,North Indian
Male,55-64,Single,Middle,Snack,Tuesday,Patamata,Continental
Female,25-34,Single,Upper-Middle,Snack,Saturday,Auto Nagar,Street Food
Male,35-44,Married,Middle,Dinner,Wednesday,Poranki,Bakery
Other,18-24,Married,Upper-Middle,Late Night,Tuesday,Auto Nagar,Fast Food
Male,55-64,Single,High,Dinner,Monday,Governorpet,South Indian
Other,18-24,Married,Low,Snack,Wednesday,Ramachandra Nagar,Street Food
Female,55-64,Married,Upper-Middle,Breakfast,Tuesday,Bhavanipuram,Biryani
Other,55-64,Divorced,Middle,Late Night,Friday,Bhavanipuram,Biryani
Male,18-24,Widowed,High,Dinner,Tuesday,Bhavanipuram,Biryani
Male,18-24,Single,Upper-Middle,Snack,Monday,Patamata,Street Food
Male,55-64,Single,Middle,Dinner,Monday,Bhavanipuram,Biryani
Other,18-24,Divorced,High,Lunch,Saturday,One Town,Street Food
Other,55-64,Married,Low,Lunch,Sunday,Patamata,Continental
Other,25-34,Widowed,Low,Lunch,Saturday,Patamata,Continental
Male,55-64,Divorced,Upper-Middle,Lunch,Saturday,Gunadala,South Indian
Other,25-34,Married,Low,Late Night,Wednesday,One Town,Fast Food
Other,45-54,Widowed,Low,Dinner,Sunday,Benz Circle,Biryani
Female,45-54,Widowed,High,Snack,Friday,Poranki,Street Food
Male,55-64,Single,Upper-Middle,Breakfast,Wednesday,Patamata,South Indian
Male,55-64,Divorced,Middle,Late Night,Saturday,Bhavanipuram,Biryani
Other,18-24,Single,Middle,Dinner,Friday,Governorpet,Biryani
Female,18-24,Married,Middle,Lunch,Tuesday,Poranki,Bakery
Other,18-24,Married,Low,Snack,Sunday,Benz Circle,Fast Food
Female,18-24,Married,Middle,Snack,Tuesday,Patamata,South Indian
Other,45-54,Single,Upper-Middle,Late Night,Friday,Poranki,Bakery
Female,55-64,Married,Upper-Middle,Late Night,Tuesday,Poranki,Bakery
Female,35-44,Divorced,High,Snack,Monday,Poranki,Bakery
Female,25-34,Married,Middle,Dinner,Sunday,Poranki,Biryani
Female,55-64,Divorced,Low,Breakfast,Friday,Ramachandra Nagar,North Indian
Female,55-64,Divorced,Low,Late Night,Wednesday,Gunadala,Continental
Other,25-34,Single,Middle,Lunch,Monday,Poranki,Bakery
Female,25-34,Divorced,Middle,Lunch,Thursday,Ramachandra Nagar,Biryani
Male,18-24,Single,Upper-Middle,Snack,Sunday,Gunadala,South Indian
Female,18-24,Married,Middle,Snack,Wednesday,Bhavanipuram,Biryani
Other,45-54,Married,Middle,Breakfast,Monday,One Town,Street Food
Female,55-64,Widowed,Upper-Middle,Late Night,Monday,Poranki,Bakery
Male,25-34,Widowed,High,Breakfast,Friday,Auto Nagar,South Indian
Male,55-64,Widowed,Upper-Middle,Snack,Friday,Auto Nagar,Biryani
Other,35-44,Widowed,Low,Dinner,Monday,Gunadala,South Indian
Female,45-54,Divorced,Low,Late Night,Wednesday,Auto Nagar,Fast Food
Male,45-54,Divorced,Upper-Middle,Dinner,Sunday,One Town,Street Food
Female,45-54,Widowed,Low,Snack,Thursday,Governorpet,Chinese
Male,18-24,Single,Upper-Middle,Snack,Saturday,Bhavanipuram,Biryani
Other,35-44,Married,Low,Snack,Thursday,Poranki,Bakery
Male,18-24,Married,Upper-Middle,Dinner,Monday,Ramachandra Nagar,North Indian
Female,18-24,Divorced,Middle,Lunch,Thursday,Benz Circle,Fast Food
Female,25-34,Married,High,Breakfast,Saturday,Poranki,Bakery
Other,35-44,Widowed,Middle,Dinner,Friday,Governorpet,South Indian
Other,18-24,Single,High,Snack,Sunday,Bhavanipuram,Biryani
Male,35-44,Widowed,Middle,Dinner,Friday,Bhavanipuram,Biryani
Male,45-54,Widowed,Upper-Middle,Late Night,Monday,Benz Circle,Fast Food
Female,55-64,Married,Middle,Breakfast,Tuesday,MG Road,Chinese
Other,18-24,Married,Middle,Dinner,Saturday,Governorpet,South Indian
Male,25-34,Married,Middle,Breakfast,Monday,Poranki,Bakery
Other,25-34,Single,Low,Snack,Sunday,Gunadala,South Indian
Female,55-64,Widowed,Low,Snack,Friday,Auto Nagar,Biryani
Other,55-64,Divorced,Low,Breakfast,Tuesday,Poranki,Bakery
Other,35-44,Widowed,High,Lunch,Monday,Governorpet,South Indian
Other,25-34,Married,Middle,Late Night,Tuesday,Poranki,Bakery
Other,45-54,Divorced,Low,Lunch,Monday,Auto Nagar,Biryani
Female,55-64,Widowed,Middle,Dinner,Wednesday,Patamata,Biryani
Other,45-54,Divorced,Low,Dinner,Saturday,Benz Circle,Fast Food
Male,35-44,Widowed,Upper-Middle,Breakfast,Thursday,MG Road,Chinese
Male,35-44,Married,Low,Breakfast,Friday,Benz Circle,Chinese
Other,25-34,Single,High,Lunch,Monday,Bhavanipuram,Continental
Male,18-24,Divorced,Upper-Middle,Dinner,Wednesday,Governorpet,South Indian
Other,35-44,Married,High,Dinner,Saturday,Bhavanipuram,Biryani
Female,35-44,Married,Low,Dinner,Wednesday,Patamata,Biryani
Male,18-24,Married,Middle,Snack,Monday,Governorpet,Street Food
Female,25-34,Widowed,Middle,Late Night,Friday,MG Road,Fast Food
Male,55-64,Widowed,Upper-Middle,Lunch,Thursday,Patamata,Continental
Male,25-34,Widowed,Upper-Middle,Late Night,Monday,Gunadala,Biryani
Female,35-44,Married,Middle,Lunch,Tuesday,Benz Circle,Fast Food
Other,45-54,Widowed,Middle,Late Night,Monday,Bhavanipuram,Bakery
Female,25-34,Married,High,Late Night,Friday,Governorpet,Fast Food
Other,45-54,Widowed,Low,Lunch,Wednesday,One Town,Biryani
Male,55-64,Married,Middle,Late Night,Monday,Bhavanipuram,Fast Food
Male,55-64,Divorced,Low,Late Night,Monday,Patamata,Fast Food
Other,18-24,Married,Upper-Middle,Late Night,Wednesday,Poranki,Bakery
Other,25-34,Single,Upper-Middle,Dinner,Thursday,Bhavanipuram,Biryani
Other,18-24,Married,Upper-Middle,Snack,Friday,Bhavanipuram,Biryani
Other,45-54,Divorced,Upper-Middle,Snack,Monday,Poranki,Bakery
Female,45-54,Widowed,High,Breakfast,Tuesday,Poranki,Bakery
Other,18-24,Single,Low,Dinner,Thursday,Auto Nagar,Biryani
Female,25-34,Divorced,Low,Dinner,Monday,MG Road,Biryani
Female,45-54,Widowed,Low,Late Night,Friday,MG Road,Chinese
Male,18-24,Widowed,Middle,Snack,Sunday,Bhavanipuram,Biryani
Other,35-44,Divorced,Upper-Middle,Snack,Tuesday,Poranki,Street Food
Female,25-34,Divorced,High,Snack,Sunday,Auto Nagar,Chinese
Male,55-64,Divorced,Low,Lunch,Tuesday,Gunadala,South Indian
Female,55-64,Single,Low,Breakfast,Saturday,Gunadala,South Indian
Female,18-24,Married,Middle,Lunch,Friday,Governorpet,Biryani
Other,18-24,Divorced,High,Breakfast,Saturday,Bhavanipuram,South Indian
Female,35-44,Divorced,Middle,Lunch,Monday,One Town,Bakery
Female,35-44,Widowed,Upper-Middle,Late Night,Thursday,Governorpet,Fast Food
Male,45-54,Widowed,Middle,Dinner,Saturday,Benz Circle,Fast Food
Female,45-54,Married,High,Late Night,Friday,Governorpet,Street Food
Other,35-44,Widowed,Upper-Middle,Snack,Sunday,MG Road,Chinese
Male,25-34,Widowed,Low,Breakfast,Wednesday,Auto Nagar,South Indian
Other,25-34,Married,Middle,Breakfast,Sunday,One Town,Street Food
Female,25-34,Divorced,Middle,Dinner,Saturday,Benz Circle,Fast Food
Female,55-64,Single,High,Lunch,Sunday,MG Road,Chinese
Male,55-64,Single,Low,Breakfast,Saturday,One Town,Street Food
Male,55-64,Married,Low,Dinner,Monday,MG Road,Chinese
Female,18-24,Divorced,Upper-Middle,Breakfast,Tuesday,Gunadala,South Indian
Female,55-64,Divorced,Upper-Middle,Late Night,Tuesday,Gunadala,South Indian
Female,25-34,Divorced,Upper-Middle,Breakfast,Friday,One Town,Street Food
Female,55-64,Divorced,Middle,Lunch,Saturday,Gunadala,South Indian
Female,18-24,Widowed,Upper-Middle,Snack,Tuesday,MG Road,Chinese
Female,35-44,Married,Upper-Middle,Breakfast,Tuesday,Ramachandra Nagar,North Indian
Female,25-34,Widowed,Low,Late Night,Sunday,Ramachandra Nagar,North Indian
Other,35-44,Divorced,Middle,Breakfast,Sunday,Gunadala,Continental
Female,35-44,Single,High,Snack,Thursday,Poranki,Bakery
Female,45-54,Divorced,Middle,Breakfast,Friday,MG Road,South Indian
Other,45-54,Single,High,Breakfast,Saturday,Gunadala,South Indian
Other,45-54,Widowed,Upper-Middle,Lunch,Monday,Auto Nagar,Biryani
Other,18-24,Divorced,Middle,Breakfast,Wednesday,Ramachandra Nagar,North Indian
Male,45-54,Single,Upper-Middle,Lunch,Thursday,Ramachandra Nagar,Biryani
Female,55-64,Divorced,Upper-Middle,Breakfast,Monday,Poranki,Bakery
Male,18-24,Married,High,Breakfast,Saturday,Poranki,Bakery
Male,35-44,Married,Middle,Breakfast,Saturday,Auto Nagar,Bakery
Male,45-54,Single,High,Lunch,Friday,Benz Circle,Biryani
Male,55-64,Married,Middle,Lunch,Saturday,MG Road,Biryani
Other,55-64,Divorced,Low,Breakfast,Tuesday,Patamata,Chinese
Female,18-24,Single,Middle,Dinner,Wednesday,Auto Nagar,Biryani
Female,45-54,Widowed,Middle,Dinner,Monday,One Town,Street Food
Other,25-34,Divorced,High,Lunch,Wednesday,Patamata,Continental
Other,45-54,Widowed,Upper-Middle,Breakfast,Thursday,Ramachandra Nagar,North Indian
Male,35-44,Married,Upper-Middle,Dinner,Wednesday,Benz Circle,Fast Food
Female,45-54,Divorced,Upper-Middle,Snack,Sunday,Ramachandra Nagar,Street Food
Female,35-44,Widowed,Upper-Middle,Late Night,Sunday,Patamata,Continental
Other,25-34,Married,Low,Lunch,Monday,Gunadala,Biryani
Female,55-64,Married,Upper-Middle,Dinner,Monday,Auto Nagar,Biryani
Male,18-24,Divorced,Middle,Breakfast,Sunday,Patamata,Continental
Female,35-44,Widowed,Middle,Late Night,Sunday,MG Road,Chinese
Male,55-64,Divorced,High,Late Night,Wednesday,MG Road,Street Food
Female,18-24,Single,High,Breakfast,Saturday,Auto Nagar,Biryani
Male,18-24,Divorced,High,Late Night,Tuesday,Governorpet,South Indian
Male,18-24,Widowed,Low,Snack,Sunday,Gunadala,South Indian
Female,35-44,Divorced,Low,Breakfast,Friday,Bhavanipuram,South Indian
Other,18-24,Single,Low,Lunch,Tuesday,Patamata,Continental
Male,45-54,Married,High,Lunch,Sunday,Auto Nagar,Biryani
Male,45-54,Married,Middle,Lunch,Monday,Patamata,Continental
Female,25-34,Married,Upper-Middle,Late Night,Monday,Governorpet,South Indian
Female,18-24,Divorced,Low,Late Night,Thursday,MG Road,Chinese
Other,35-44,Single,Middle,Lunch,Sunday,One Town,Biryani
Female,35-44,Married,Upper-Middle,Late Night,Thursday,MG Road,Chinese
Other,25-34,Divorced,Middle,Lunch,Saturday,Benz Circle,Biryani
Female,45-54,Widowed,Middle,Snack,Tuesday,Auto Nagar,Biryani
Male,45-54,Single,High,Snack,Monday,MG Road,Chinese
Other,45-54,Widowed,Middle,Snack,Tuesday,Patamata,Continental
Other,25-34,Divorced,Low,Breakfast,Wednesday,One Town,Street Food
Other,55-64,Widowed,Low,Dinner,Saturday,Governorpet,South Indian
Other,55-64,Single,Middle,Lunch,Saturday,Ramachandra Nagar,North Indian
Other,35-44,Divorced,Middle,Dinner,Sunday,Patamata,Continental
Other,35-44,Married,Low,Dinner,Sunday,MG Road,South Indian
Other,45-54,Widowed,High,Snack,Wednesday,Patamata,North Indian
Other,55-64,Single,Low,Breakfast,Monday,Bhavanipuram,Biryani
Female,45-54,Single,Middle,Breakfast,Monday,Governorpet,South Indian
Female,35-44,Single,High,Breakfast,Wednesday,Patamata,Continental
Male,25-34,Married,High,Lunch,Thursday,Poranki,Chinese
Male,35-44,Married,High,Dinner,Friday,Bhavanipuram,Biryani
Male,45-54,Widowed,Low,Snack,Sunday,Patamata,Street Food
Male,55-64,Single,High,Breakfast,Monday,Benz Circle,Fast Food
Female,55-64,Single,Low,Lunch,Thursday,Patamata,Biryani
Female,55-64,Widowed,High,Lunch,Friday,MG Road,Chinese
Other,45-54,Single,Upper-Middle,Breakfast,Friday,Governorpet,South Indian
Male,25-34,Widowed,Upper-Middle,Breakfast,Thursday,Gunadala,South Indian
Male,35-44,Divorced,Low,Dinner,Monday,One Town,Street Food
Female,25-34,Widowed,High,Breakfast,Saturday,Benz Circle,Fast Food
Male,45-54,Single,Low,Late Night,Friday,MG Road,Chinese
Other,18-24,Widowed,High,Snack,Wednesday,Gunadala,South Indian
Female,25-34,Married,Low,Lunch,Monday,Patamata,Continental
Female,18-24,Divorced,Low,Snack,Friday,MG Road,Street Food
Female,18-24,Divorced,Middle,Late Night,Friday,Gunadala,South Indian
Female,55-64,Widowed,Middle,Breakfast,Saturday,Bhavanipuram,Biryani
Male,55-64,Divorced,Upper-Middle,Dinner,Friday,Auto Nagar,Biryani
Other,45-54,Single,Upper-Middle,Breakfast,Saturday,One Town,Street Food
Female,45-54,Single,Middle,Snack,Monday,MG Road,North Indian
Female,18-24,Widowed,Low,Breakfast,Tuesday,MG Road,South Indian
Male,45-54,Married,High,Late Night,Wednesday,Benz Circle,Fast Food
Female,45-54,Married,Middle,Lunch,Thursday,Benz Circle,Biryani
Other,55-64,Single,Low,Lunch,Tuesday,One Town,Biryani
Male,25-34,Married,High,Late Night,Tuesday,MG Road,Fast Food
Male,35-44,Married,Middle,Snack,Thursday,Auto Nagar,Biryani
Other,18-24,Single,Upper-Middle,Dinner,Tuesday,Bhavanipuram,Biryani
Other,35-44,Widowed,High,Breakfast,Wednesday,Ramachandra Nagar,North Indian
Female,35-44,Divorced,High,Breakfast,Saturday,Gunadala,South Indian
Male,35-44,Single,Upper-Middle,Breakfast,Friday,Gunadala,South Indian
Other,18-24,Married,Middle,Lunch,Monday,Auto Nagar,Biryani
Male,45-54,Widowed,High,Lunch,Monday,Ramachandra Nagar,North Indian
Other,35-44,Married,Middle,Late Night,Wednesday,Gunadala,South Indian
Other,55-64,Widowed,Middle,Snack,Sunday,MG Road,Chinese
Male,55-64,Single,High,Snack,Thursday,Ramachandra Nagar,Street Food
Female,18-24,Married,High,Dinner,Saturday,Bhavanipuram,Biryani
Male,25-34,Single,High,Dinner,Wednesday,Governorpet,Biryani
Other,25-34,Married,Upper-Middle,Lunch,Monday,MG Road,Chinese
Female,55-64,Single,High,Snack,Saturday,Gunadala,South Indian
Female,18-24,Married,Low,Breakfast,Sunday,Ramachandra Nagar,South Indian
Male,18-24,Divorced,Upper-Middle,Lunch,Wednesday,One Town,Biryani
Male,35-44,Married,Middle,Late Night,Thursday,MG Road,Fast Food
Male,45-54,Married,Low,Breakfast,Saturday,Bhavanipuram,Biryani
Male,35-44,Widowed,High,Snack,Thursday,Gunadala,Street Food
Other,25-34,Widowed,Low,Snack,Tuesday,MG Road,Chinese
Other,45-54,Widowed,Upper-Middle,Breakfast,Wednesday,Patamata,Continental
Female,45-54,Married,Middle,Snack,Monday,Auto Nagar,South Indian
Female,25-34,Divorced,High,Breakfast,Sunday,Auto Nagar,Biryani
Other,45-54,Divorced,High,Lunch,Wednesday,Benz Circle,Biryani
Male,25-34,Married,Low,Breakfast,Saturday,One Town,Fast Food
Other,25-34,Divorced,High,Snack,Thursday,Bhavanipuram,Biryani
Female,45-54,Single,Low,Breakfast,Wednesday,Poranki,Bakery
Female,55-64,Single,Low,Breakfast,Monday,One Town,South Indian
Other,35-44,Widowed,Middle,Late Night,Thursday,Ramachandra Nagar,North Indian
Female,25-34,Single,High,Dinner,Wednesday,Auto Nagar,Chinese
Female,18-24,Divorced,Upper-Middle,Dinner,Saturday,Bhavanipuram,Biryani
Female,45-54,Single,Low,Dinner,Wednesday,MG Road,Chinese
Other,18-24,Married,Upper-Middle,Snack,Thursday,One Town,Street Food
Female,35-44,Single,Low,Snack,Friday,Governorpet,South Indian
Female,35-44,Married,High,Lunch,Friday,Auto Nagar,Biryani
Female,55-64,Divorced,Upper-Middle,Snack,Monday,Benz Circle,Fast Food
Male,35-44,Divorced,High,Late Night,Wednesday,MG Road,Chinese
Female,35-44,Widowed,High,Snack,Wednesday,Gunadala,South Indian
Female,55-64,Single,Middle,Lunch,Thursday,Patamata,Continental
Other,35-44,Widowed,High,Breakfast,Saturday,Governorpet,South Indian
Male,18-24,Married,Low,Late Night,Saturday,Bhavanipuram,Fast Food
Other,45-54,Married,High,Breakfast,Thursday,MG Road,South Indian
Male,35-44,Divorced,Low,Lunch,Saturday,MG Road,Biryani
Male,18-24,Single,High,Late Night,Sunday,Benz Circle,Fast Food
Male,25-34,Divorced,Middle,Snack,Tuesday,Ramachandra Nagar,Chinese
Male,25-34,Divorced,Upper-Middle,Lunch,Thursday,Governorpet,South Indian
Female,18-24,Single,Middle,Snack,Sunday,One Town,Street Food
Female,25-34,Widowed,Upper-Middle,Dinner,Sunday,Ramachandra Nagar,Biryani
Female,45-54,Single,Middle,Snack,Tuesday,MG Road,Chinese
Male,18-24,Married,Upper-Middle,Snack,Tuesday,Gunadala,Fast Food
Female,55-64,Married,High,Lunch,Tuesday,Governorpet,South Indian
Male,35-44,Married,Upper-Middle,Late Night,Tuesday,One Town,Street Food
Female,55-64,Married,High,Late Night,Friday,Patamata,Continental
Other,45-54,Single,Low,Late Night,Sunday,Ramachandra Nagar,North Indian
Other,45-54,Widowed,High,Dinner,Thursday,MG Road,Chinese
Female,45-54,Widowed,Low,Dinner,Saturday,Poranki,Biryani
Other,35-44,Divorced,Upper-Middle,Dinner,Friday,Gunadala,Biryani
Female,18-24,Single,Upper-Middle,Snack,Saturday,One Town,Biryani
Other,35-44,Married,Upper-Middle,Lunch,Wednesday,Auto Nagar,Biryani
Female,25-34,Widowed,Low,Breakfast,Tuesday,Auto Nagar,Biryani
Other,35-44,Widowed,Middle,Late Night,Wednesday,Bhavanipuram,Biryani
Female,45-54,Married,Upper-Middle,Dinner,Monday,MG Road,Chinese
Female,18-24,Single,Upper-Middle,Late Night,Monday,Gunadala,South Indian
Male,55-64,Widowed,High,Breakfast,Wednesday,Benz Circle,Fast Food
Other,55-64,Divorced,Low,Snack,Wednesday,One Town,Street Food
Male,18-24,Single,Middle,Dinner,Saturday,Auto Nagar,Biryani
Female,55-64,Divorced,High,Breakfast,Wednesday,One Town,South Indian
Female,35-44,Divorced,Low,Lunch,Wednesday,Patamata,Continental
Other,18-24,Divorced,Upper-Middle,Lunch,Friday,Benz Circle,Fast Food
Other,55-64,Divorced,Middle,Lunch,Saturday,Governorpet,South Indian
Other,45-54,Divorced,Low,Lunch,Saturday,Benz Circle,Biryani
Female,55-64,Divorced,Upper-Middle,Snack,Saturday,Bhavanipuram,South Indian
Other,35-44,Widowed,Upper-Middle,Dinner,Wednesday,Patamata,Continental
Female,18-24,Married,Middle,Late Night,Wednesday,MG Road,Biryani
Female,35-44,Divorced,Upper-Middle,Dinner,Friday,Auto Nagar,Biryani
Other,25-34,Married,High,Dinner,Monday,Auto Nagar,Biryani
Female,55-64,Single,High,Dinner,Thursday,One Town,Street Food
Male,45-54,Widowed,Middle,Lunch,Monday,MG Road,Chinese
Other,18-24,Single,Upper-Middle,Late Night,Saturday,Ramachandra Nagar,North Indian
Female,18-24,Divorced,High,Dinner,Tuesday,One Town,Street Food
Male,55-64,Married,High,Snack,Thursday,Poranki,Bakery
Male,45-54,Married,Upper-Middle,Dinner,Sunday,Bhavanipuram,South Indian
Female,55-64,Divorced,High,Snack,Thursday,One Town,Street Food
Female,55-64,Divorced,High,Dinner,Friday,MG Road,Chinese
Male,18-24,Widowed,High,Late Night,Friday,Poranki,Bakery
Female,45-54,Single,High,Dinner,Tuesday,Governorpet,Biryani
Other,55-64,Divorced,High,Lunch,Monday,Bhavanipuram,Biryani
Other,55-64,Widowed,Middle,Breakfast,Sunday,Bhavanipuram,Biryani
Male,35-44,Married,Low,Breakfast,Friday,Auto Nagar,Biryani
Male,55-64,Divorced,Middle,Snack,Saturday,Auto Nagar,Biryani
Other,45-54,Married,Middle,Breakfast,Saturday,Bhavanipuram,Biryani
Female,18-24,Single,Upper-Middle,Lunch,Friday,Poranki,Biryani
Other,55-64,Single,Low,Dinner,Monday,One Town,Chinese
Male,18-24,Divorced,Upper-Middle,Snack,Saturday,Bhavanipuram,Biryani
Other,45-54,Widowed,Low,Dinner,Saturday,Bhavanipuram,Biryani
Male,55-64,Married,Middle,Lunch,Wednesday,Patamata,Continental
Other,45-54,Married,Upper-Middle,Dinner,Saturday,Gunadala,Biryani
Female,45-54,Widowed,Upper-Middle,Dinner,Tuesday,Poranki,Biryani
Female,35-44,Divorced,Low,Late Night,Thursday,MG Road,Fast Food
Female,55-64,Widowed,Low,Breakfast,Monday,One Town,Street Food
Male,55-64,Single,Middle,Snack,Saturday,MG Road,Chinese
Other,18-24,Single,Low,Breakfast,Monday,Patamata,Fast Food
Male,55-64,Single,High,Snack,Thursday,One Town,Street Food
Female,55-64,Single,Middle,Breakfast,Thursday,Bhavanipuram,Biryani
Female,55-64,Single,Low,Late Night,Saturday,Patamata,Continental
Female,25-34,Divorced,Middle,Lunch,Thursday,Patamata,Biryani
Female,18-24,Divorced,Low,Dinner,Tuesday,Benz Circle,Fast Food
Female,25-34,Married,Middle,Dinner,Sunday,One Town,Street Food
Female,25-34,Widowed,Upper-Middle,Breakfast,Wednesday,Patamata,Continental
Other,55-64,Divorced,High,Dinner,Wednesday,Poranki,Bakery
Female,45-54,Divorced,Upper-Middle,Snack,Monday,Patamata,Street Food
Other,55-64,Married,Upper-Middle,Breakfast,Sunday,Ramachandra Nagar,North Indian
Other,18-24,Married,High,Breakfast,Friday,Auto Nagar,South Indian
Male,35-44,Divorced,Upper-Middle,Lunch,Saturday,Ramachandra Nagar,North Indian
Other,45-54,Married,High,Snack,Saturday,Ramachandra Nagar,North Indian
Female,18-24,Single,High,Late Night,Thursday,Auto Nagar,Biryani
Other,25-34,Divorced,Upper-Middle,Dinner,Monday,Patamata,Biryani
Other,35-44,Divorced,Upper-Middle,Late Night,Tuesday,Poranki,Fast Food
Male,55-64,Married,Middle,Breakfast,Wednesday,Poranki,South Indian
Male,35-44,Widowed,Low,Lunch,Saturday,MG Road,Chinese
Other,55-64,Single,Middle,Lunch,Wednesday,Poranki,Bakery
Male,45-54,Married,High,Dinner,Sunday,Bhavanipuram,Biryani
Female,45-54,Widowed,Upper-Middle,Lunch,Friday,Ramachandra Nagar,Biryani
Male,45-54,Married,Upper-Middle,Breakfast,Thursday,MG Road,Chinese
Other,25-34,Widowed,Low,Breakfast,Monday,MG Road,Chinese
Other,45-54,Widowed,Middle,Snack,Saturday,Ramachandra Nagar,North Indian
Female,45-54,Divorced,High,Snack,Tuesday,MG Road,Chinese
Female,45-54,Widowed,Low,Breakfast,Monday,Benz Circle,Fast Food
Male,55-64,Single,Upper-Middle,Dinner,Wednesday,Gunadala,South Indian
Male,55-64,Married,Upper-Middle,Breakfast,Sunday,Poranki,Bakery
Male,18-24,Single,Upper-Middle,Breakfast,Sunday,Auto Nagar,Biryani
Female,45-54,Single,High,Late Night,Thursday,Poranki,Bakery
Female,55-64,Divorced,Upper-Middle,Snack,Saturday,Auto Nagar,Biryani
Male,18-24,Divorced,Middle,Dinner,Saturday,One Town,Street Food
Female,25-34,Divorced,Upper-Middle,Snack,Thursday,Benz Circle,Continental
Female,55-64,Divorced,Low,Late Night,Monday,Gunadala,Fast Food
Other,45-54,Widowed,Upper-Middle,Breakfast,Saturday,MG Road,Street Food
Other,18-24,Divorced,High,Snack,Sunday,Bhavanipuram,Biryani
Female,25-34,Widowed,Middle,Lunch,Friday,Gunadala,South Indian
Female,35-44,Single,Low,Dinner,Wednesday,Auto Nagar,Biryani
Other,18-24,Single,Middle,Lunch,Thursday,Patamata,Continental
Other,25-34,Single,High,Late Night,Sunday,Benz Circle,Fast Food
Male,18-24,Divorced,Upper-Middle,Snack,Friday,One Town,Street Food
Male,35-44,Single,High,Dinner,Saturday,Ramachandra Nagar,Biryani
Male,25-34,Widowed,Middle,Dinner,Sunday,MG Road,Bakery
Male,55-64,Single,Upper-Middle,Snack,Thursday,Governorpet,South Indian
Other,55-64,Single,Upper-Middle,Snack,Friday,Auto Nagar,Street Food
Female,45-54,Single,Low,Late Night,Saturday,Bhavanipuram,Biryani
Female,35-44,Widowed,Middle,Snack,Thursday,Governorpet,South Indian
Male,55-64,Single,Middle,Late Night,Sunday,One Town,Street Food
Male,35-44,Married,Low,Breakfast,Sunday,Bhavanipuram,Biryani
Other,45-54,Widowed,Middle,Dinner,Saturday,MG Road,Chinese
Male,35-44,Divorced,Upper-Middle,Snack,Thursday,Patamata,Continental
Female,55-64,Single,Middle,Dinner,Monday,Poranki,Biryani
Other,18-24,Divorced,Upper-Middle,Breakfast,Friday,Gunadala,South Indian
Female,55-64,Single,Upper-Middle,Snack,Sunday,Gunadala,South Indian
Female,55-64,Widowed,Low,Late Night,Sunday,Poranki,Fast Food
Female,25-34,Widowed,Middle,Breakfast,Thursday,Governorpet,South Indian
Other,18-24,Divorced,High,Snack,Tuesday,Benz Circle,Fast Food
Other,55-64,Widowed,Middle,Breakfast,Monday,Auto Nagar,Biryani
Female,18-24,Divorced,Upper-Middle,Snack,Sunday,Patamata,Continental
Other,25-34,Divorced,Middle,Breakfast,Tuesday,Gunadala,South Indian
Female,55-64,Single,Middle,Dinner,Tuesday,MG Road,Chinese
Female,35-44,Divorced,High,Breakfast,Thursday,MG Road,South Indian
Other,45-54,Single,Upper-Middle,Breakfast,Wednesday,Benz Circle,South Indian
Female,55-64,Divorced,Upper-Middle,Late Night,Friday,Bhavanipuram,Biryani
Male,55-64,Divorced,High,Late Night,Friday,One Town,Street Food
Male,55-64,Widowed,High,Late Night,Saturday,Poranki,Bakery
Other,35-44,Single,Upper-Middle,Breakfast,Tuesday,Governorpet,Biryani
Female,18-24,Married,Middle,Dinner,Tuesday,Poranki,Bakery
Male,55-64,Widowed,Middle,Snack,Thursday,Governorpet,South Indian
Female,18-24,Single,Low,Lunch,Monday,Poranki,Biryani
Female,55-64,Widowed,High,Late Night,Tuesday,One Town,Street Food
Female,18-24,Married,Upper-Middle,Dinner,Saturday,Benz Circle,Fast Food
Other,18-24,Married,Middle,Lunch,Thursday,MG Road,Chinese
Female,35-44,Single,Low,Breakfast,Wednesday,Bhavanipuram,Biryani
Other,25-34,Single,Middle,Snack,Thursday,One Town,Street Food
Male,35-44,Single,High,Breakfast,Monday,Governorpet,South Indian
Other,18-24,Divorced,Upper-Middle,Lunch,Tuesday,Ramachandra Nagar,North Indian
Other,55-64,Single,High,Lunch,Sunday,MG Road,Bakery
Female,35-44,Single,Upper-Middle,Breakfast,Thursday,MG Road,South Indian
Male,55-64,Divorced,High,Dinner,Monday,Governorpet,Biryani
Other,35-44,Divorced,High,Breakfast,Wednesday,Governorpet,South Indian
Male,25-34,Divorced,High,Breakfast,Thursday,MG Road,Chinese
Female,35-44,Widowed,High,Snack,Thursday,Gunadala,South Indian
Female,18-24,Divorced,Middle,Late Night,Tuesday,One Town,Fast Food
Other,55-64,Single,Middle,Late Night,Friday,Auto Nagar,Biryani
Male,25-34,Widowed,Low,Late Night,Monday,Gunadala,Fast Food
Other,45-54,Married,Middle,Breakfast,Saturday,MG Road,Chinese
Other,35-44,Widowed,Middle,Dinner,Thursday,MG Road,Biryani
Male,55-64,Divorced,Upper-Middle,Lunch,Friday,One Town,Biryani
Male,35-44,Widowed,Low,Breakfast,Saturday,Governorpet,South Indian
Male,18-24,Divorced,Upper-Middle,Dinner,Sunday,Bhavanipuram,Biryani
Female,25-34,Single,High,Breakfast,Sunday,MG Road,Chinese
Other,55-64,Married,High,Dinner,Wednesday,Benz Circle,Fast Food
Male,25-34,Single,Low,Late Night,Sunday,MG Road,Chinese
Female,35-44,Married,Middle,Breakfast,Friday,Poranki,Bakery
Other,35-44,Divorced,High,Dinner,Thursday,Patamata,Continental
Female,25-34,Widowed,Middle,Snack,Monday,Auto Nagar,Biryani
Other,18-24,Widowed,Middle,Lunch,Friday,Gunadala,South Indian
Other,18-24,Single,Middle,Late Night,Wednesday,Patamata,Fast Food
Male,35-44,Divorced,Upper-Middle,Dinner,Saturday,Poranki,Bakery
Other,35-44,Single,High,Snack,Saturday,Auto Nagar,Biryani
Other,45-54,Divorced,Low,Dinner,Friday,Ramachandra Nagar,North Indian
Female,25-34,Widowed,High,Snack,Saturday,Governorpet,Continental
Other,25-34,Married,High,Breakfast,Monday,Governorpet,South Indian
Male,55-64,Divorced,Low,Snack,Wednesday,MG Road,Chinese
Other,25-34,Married,Middle,Lunch,Friday,One Town,Biryani
Other,18-24,Divorced,Upper-Middle,Breakfast,Tuesday,Governorpet,South Indian
Male,45-54,Single,Upper-Middle,Breakfast,Thursday,One Town,South Indian
Female,25-34,Divorced,High,Breakfast,Friday,Governorpet,South Indian
Female,18-24,Married,Middle,Dinner,Sunday,One Town,Street Food
Male,55-64,Widowed,Upper-Middle,Breakfast,Saturday,One Town,South Indian
Male,45-54,Divorced,Middle,Breakfast,Tuesday,Auto Nagar,Biryani
Female,35-44,Married,Middle,Lunch,Thursday,One Town,Street Food
Female,35-44,Single,Upper-Middle,Breakfast,Friday,Patamata,Continental
Male,18-24,Married,Middle,Breakfast,Sunday,One Town,Biryani
Female,18-24,Widowed,Middle,Dinner,Friday,One Town,Street Food
Other,18-24,Divorced,Upper-Middle,Breakfast,Sunday,Benz Circle,South Indian
Other,45-54,Single,Middle,Dinner,Wednesday,Bhavanipuram,Biryani
Male,45-54,Single,Middle,Lunch,Tuesday,Ramachandra Nagar,North Indian
Male,25-34,Widowed,High,Late Night,Thursday,Benz Circle,Fast Food
Female,18-24,Widowed,Middle,Lunch,Sunday,MG Road,Chinese
Male,45-54,Married,Upper-Middle,Breakfast,Friday,Ramachandra Nagar,North Indian
Female,55-64,Single,High,Dinner,Friday,Governorpet,South Indian
Other,45-54,Divorced,Upper-Middle,Lunch,Sunday,Poranki,Bakery
Other,25-34,Single,Upper-Middle,Lunch,Wednesday,Auto Nagar,Biryani
Female,18-24,Single,Low,Late Night,Thursday,Gunadala,Fast Food
Other,55-64,Married,Low,Snack,Friday,Governorpet,South Indian
Other,55-64,Widowed,High,Snack,Wednesday,Benz Circle,Street Food
Other,25-34,Widowed,Low,Snack,Tuesday,Benz Circle,Fast Food
Other,45-54,Married,Low,Lunch,Monday,Bhavanipuram,Biryani
Female,18-24,Single,High,Dinner,Sunday,Patamata,Biryani
Male,18-24,Single,High,Dinner,Tuesday,Benz Circle,Fast Food
Female,18-24,Single,High,Breakfast,Thursday,Gunadala,South Indian
Other,18-24,Single,Low,Breakfast,Tuesday,Bhavanipuram,Biryani
Female,18-24,Single,Upper-Middle,Breakfast,Sunday,Patamata,Continental
Male,18-24,Single,Upper-Middle,Lunch,Tuesday,One Town,Street Food
Female,18-24,Single,Low,Lunch,Tuesday,MG Road,Chinese
Female,55-64,Married,High,Lunch,Thursday,One Town,Street Food
Female,55-64,Married,Upper-Middle,Late Night,Thursday,Ramachandra Nagar,North Indian
Female,18-24,Married,Middle,Snack,Sunday,Poranki,Bakery
Female,35-44,Widowed,Upper-Middle,Breakfast,Wednesday,MG Road,Chinese
Other,18-24,Widowed,High,Breakfast,Monday,Ramachandra Nagar,North Indian
Female,55-64,Single,Middle,Breakfast,Wednesday,Poranki,South Indian
Other,35-44,Married,Upper-Middle,Dinner,Sunday,Poranki,Biryani
Other,45-54,Married,Upper-Middle,Breakfast,Sunday,One Town,South Indian
Female,35-44,Single,Low,Snack,Wednesday,Patamata,Continental
Other,45-54,Divorced,Upper-Middle,Snack,Friday,Ramachandra Nagar,North Indian
Female,25-34,Married,Middle,Snack,Sunday,Governorpet,South Indian
Female,45-54,Married,Upper-Middle,Lunch,Saturday,Gunadala,South Indian
Male,25-34,Divorced,Upper-Middle,Snack,Thursday,Patamata,Continental
Male,18-24,Widowed,Upper-Middle,Late Night,Saturday,Poranki,Biryani
Other,35-44,Married,Middle,Dinner,Wednesday,Auto Nagar,Biryani
Other,25-34,Widowed,Middle,Dinner,Friday,Benz Circle,Fast Food
Male,18-24,Widowed,Upper-Middle,Lunch,Saturday,Auto Nagar,Biryani
Female,35-44,Divorced,Middle,Snack,Monday,Gunadala,South Indian
Other,35-44,Single,Middle,Breakfast,Tuesday,Benz Circle,Fast Food
Other,55-64,Married,Middle,Snack,Saturday,Patamata,Continental
Male,35-44,Single,Middle,Late Night,Friday,Gunadala,Fast Food
Male,45-54,Single,Low,Breakfast,Tuesday,Poranki,Biryani
Other,55-64,Married,Upper-Middle,Snack,Thursday,Ramachandra Nagar,North Indian
Male,25-34,Married,Upper-Middle,Breakfast,Sunday,Auto Nagar,South Indian
Male,25-34,Divorced,Middle,Snack,Wednesday,Poranki,Bakery
Female,45-54,Single,Low,Lunch,Thursday,Ramachandra Nagar,North Indian
Other,18-24,Single,Low,Late Night,Sunday,Bhavanipuram,Fast Food
Male,25-34,Married,Upper-Middle,Lunch,Monday,Gunadala,South Indian
Male,35-44,Widowed,High,Late Night,Wednesday,Poranki,Bakery
Other,25-34,Single,Middle,Breakfast,Monday,Benz Circle,Fast Food
Male,25-34,Married,High,Late Night,Monday,Bhavanipuram,Fast Food
Female,45-54,Married,Upper-Middle,Late Night,Monday,Patamata,Fast Food
Male,25-34,Married,Upper-Middle,Late Night,Friday,Bhavanipuram,Biryani
Female,25-34,Divorced,Upper-Middle,Snack,Saturday,Ramachandra Nagar,North Indian
Male,45-54,Divorced,Middle,Dinner,Tuesday,One Town,Biryani
Female,55-64,Single,High,Late Night,Tuesday,Bhavanipuram,Fast Food
Female,35-44,Widowed,Low,Late Night,Friday,Bhavanipuram,Biryani
Female,45-54,Divorced,Middle,Snack,Sunday,Bhavanipuram,Street Food
Other,45-54,Single,Low,Snack,Sunday,Benz Circle,Fast Food
Other,25-34,Widowed,High,Breakfast,Sunday,Bhavanipuram,South Indian
Male,55-64,Married,High,Snack,Friday,Poranki,Bakery
Female,35-44,Married,Middle,Snack,Friday,Gunadala,Street Food
Female,25-34,Divorced,High,Late Night,Tuesday,Bhavanipuram,Biryani
Other,45-54,Divorced,High,Late Night,Saturday,Governorpet,South Indian
Other,35-44,Widowed,High,Late Night,Friday,Gunadala,South Indian
Female,35-44,Single,Middle,Snack,Wednesday,MG Road,Street Food
Male,35-44,Married,High,Lunch,Wednesday,Auto Nagar,Continental
Male,18-24,Divorced,Upper-Middle,Snack,Wednesday,Auto Nagar,Biryani
Other,25-34,Single,Upper-Middle,Snack,Wednesday,One Town,Street Food
Female,45-54,Single,High,Late Night,Wednesday,Benz Circle,Fast Food
Male,18-24,Divorced,Middle,Lunch,Tuesday,Gunadala,Biryani
Male,35-44,Divorced,High,Late Night,Monday,Auto Nagar,Fast Food
Other,18-24,Widowed,Upper-Middle,Snack,Tuesday,Poranki,Bakery
Other,55-64,Divorced,High,Late Night,Friday,Ramachandra Nagar,Fast Food
Other,35-44,Single,Middle,Lunch,Monday,Poranki,Chinese
Male,18-24,Married,High,Lunch,Friday,Patamata,North Indian
Other,55-64,Single,Low,Dinner,Sunday,Auto Nagar,Biryani
Male,18-24,Widowed,Low,Breakfast,Wednesday,Auto Nagar,Biryani
Female,35-44,Divorced,Upper-Middle,Lunch,Sunday,Auto Nagar,Street Food
Other,55-64,Single,Upper-Middle,Late Night,Friday,Poranki,Bakery
Male,45-54,Widowed,Middle,Breakfast,Monday,Auto Nagar,Bakery
Other,55-64,Married,High,Snack,Friday,Poranki,Street Food
Female,25-34,Widowed,Middle,Late Night,Friday,Auto Nagar,Biryani
Other,45-54,Single,Middle,Lunch,Friday,Benz Circle,Biryani
Other,25-34,Single,High,Dinner,Monday,Ramachandra Nagar,Biryani
Other,45-54,Married,High,Snack,Sunday,Ramachandra Nagar,North Indian
Female,18-24,Widowed,Low,Breakfast,Tuesday,Governorpet,South Indian
Male,25-34,Divorced,Middle,Breakfast,Friday,Poranki,South Indian
Other,45-54,Widowed,Middle,Snack,Monday,Benz Circle,Fast Food
Female,18-24,Widowed,High,Lunch,Tuesday,Benz Circle,Chinese
Other,45-54,Widowed,High,Lunch,Sunday,MG Road,Chinese
Male,25-34,Married,Low,Late Night,Thursday,Patamata,Chinese
Male,55-64,Divorced,Low,Late Night,Tuesday,MG Road,Chinese
Female,18-24,Widowed,Upper-Middle,Snack,Tuesday,Bhavanipuram,Street Food
Other,45-54,Single,Low,Late Night,Sunday,Poranki,Bakery
Other,55-64,Widowed,Middle,Dinner,Monday,Patamata,Biryani
Other,55-64,Single,High,Dinner,Sunday,Poranki,Bakery
Female,18-24,Single,Low,Breakfast,Sunday,Ramachandra Nagar,North Indian
Other,18-24,Single,Middle,Dinner,Tuesday,MG Road,Biryani
Other,55-64,Married,Middle,Lunch,Friday,Bhavanipuram,Biryani
Female,18-24,Single,High,Lunch,Sunday,Benz Circle,North Indian
Other,25-34,Single,Upper-Middle,Breakfast,Friday,Governorpet,South Indian
Male,18-24,Divorced,Low,Dinner,Thursday,Auto Nagar,Continental
Female,35-44,Single,Middle,Lunch,Thursday,Auto Nagar,Biryani
Other,18-24,Widowed,Upper-Middle,Snack,Thursday,Poranki,Continental
Male,25-34,Married,Upper-Middle,Breakfast,Friday,Poranki,Bakery
Other,25-34,Married,Upper-Middle,Lunch,Friday,Ramachandra Nagar,North Indian
Female,45-54,Married,Upper-Middle,Dinner,Tuesday,Gunadala,South Indian
Male,18-24,Married,Middle,Lunch,Saturday,Poranki,Bakery
Female,55-64,Married,Upper-Middle,Snack,Friday,Patamata,Continental
Female,25-34,Divorced,Middle,Dinner,Saturday,Auto Nagar,South Indian
Male,18-24,Single,Low,Late Night,Friday,Benz Circle,Bakery
Other,45-54,Married,Middle,Breakfast,Monday,Patamata,Continental
Other,35-44,Widowed,High,Late Night,Wednesday,Auto Nagar,Fast Food
Other,35-44,Widowed,Upper-Middle,Snack,Wednesday,Ramachandra Nagar,Street Food
Other,25-34,Single,High,Dinner,Tuesday,Ramachandra Nagar,Biryani
Other,35-44,Married,High,Late Night,Saturday,Gunadala,Fast Food
Other,18-24,Divorced,High,Dinner,Monday,Auto Nagar,Biryani
Other,18-24,Divorced,Middle,Snack,Saturday,Ramachandra Nagar,North Indian
Other,25-34,Single,Low,Snack,Monday,Ramachandra Nagar,Street Food
Male,45-54,Divorced,Upper-Middle,Breakfast,Tuesday,Auto Nagar,North Indian
Female,18-24,Married,Upper-Middle,Snack,Monday,Ramachandra Nagar,North Indian
Female,18-24,Single,Low,Dinner,Wednesday,MG Road,Chinese
Other,45-54,Widowed,Upper-Middle,Late Night,Wednesday,One Town,Street Food
Male,18-24,Divorced,High,Breakfast,Thursday,Poranki,Bakery
Female,18-24,Married,Middle,Snack,Wednesday,Poranki,Bakery
Other,25-34,Divorced,Low,Late Night,Saturday,Benz Circle,Fast Food
Female,45-54,Widowed,Upper-Middle,Breakfast,Saturday,Poranki,South Indian
Other,18-24,Widowed,Low,Snack,Monday,MG Road,Bakery
Female,45-54,Divorced,High,Late Night,Monday,One Town,Bakery
Male,45-54,Married,Upper-Middle,Lunch,Tuesday,Ramachandra Nagar,North Indian
Other,25-34,Single,High,Late Night,Tuesday,Benz Circle,Fast Food
Other,45-54,Widowed,Upper-Middle,Dinner,Saturday,Gunadala,South Indian
Female,55-64,Single,Upper-Middle,Breakfast,Saturday,Governorpet,South Indian
Female,18-24,Single,Middle,Late Night,Tuesday,Governorpet,Fast Food
Male,25-34,Divorced,Upper-Middle,Lunch,Monday,Patamata,Biryani
Female,18-24,Married,Low,Breakfast,Sunday,Gunadala,South Indian
Other,25-34,Widowed,Middle,Snack,Sunday,Auto Nagar,Street Food
Male,45-54,Married,Middle,Lunch,Monday,Poranki,Bakery
Male,55-64,Married,High,Lunch,Saturday,Patamata,Continental
Female,35-44,Single,Upper-Middle,Lunch,Tuesday,Poranki,Bakery
Other,55-64,Single,High,Dinner,Saturday,MG Road,Chinese
Male,18-24,Single,Middle,Late Night,Sunday,Ramachandra Nagar,North Indian
Male,35-44,Single,Low,Dinner,Tuesday,Bhavanipuram,Biryani
Female,45-54,Widowed,Middle,Lunch,Tuesday,Bhavanipuram,Biryani
Male,55-64,Widowed,Low,Breakfast,Tuesday,Governorpet,South Indian
Female,18-24,Widowed,High,Dinner,Sunday,Governorpet,South Indian
Female,55-64,Married,Middle,Dinner,Monday,Poranki,Bakery
Female,18-24,Single,Low,Lunch,Monday,Ramachandra Nagar,North Indian
Male,45-54,Widowed,Upper-Middle,Breakfast,Monday,Bhavanipuram,Chinese
Male,25-34,Widowed,High,Late Night,Wednesday,Governorpet,Fast Food
Male,45-54,Married,Low,Lunch,Friday,Gunadala,South Indian
Male,55-64,Divorced,Upper-Middle,Lunch,Thursday,Poranki,Bakery
Female,25-34,Single,Low,Snack,Friday,Gunadala,South Indian
Female,45-54,Widowed,Middle,Lunch,Monday,Bhavanipuram,Biryani
Male,25-34,Widowed,Low,Lunch,Sunday,One Town,Street Food
Female,25-34,Single,Upper-Middle,Lunch,Friday,Poranki,Bakery
Other,55-64,Married,Low,Late Night,Monday,One Town,Street Food
Other,55-64,Widowed,Low,Dinner,Friday,MG Road,Biryani
Male,55-64,Divorced,Middle,Breakfast,Saturday,Auto Nagar,Biryani
Female,35-44,Divorced,Middle,Snack,Friday,Benz Circle,Fast Food
Other,25-34,Single,Middle,Late Night,Saturday,Gunadala,Chinese
Male,25-34,Single,Middle,Dinner,Thursday,Governorpet,South Indian
Female,18-24,Widowed,Upper-Middle,Lunch,Sunday,Poranki,Biryani
Other,35-44,Divorced,Upper-Middle,Lunch,Saturday,MG Road,Chinese
Male,18-24,Single,Middle,Breakfast,Saturday,Auto Nagar,Biryani
Male,25-34,Married,High,Snack,Sunday,Patamata,Street Food
Other,35-44,Single,Low,Dinner,Wednesday,Poranki,North Indian
Female,45-54,Single,High,Dinner,Saturday,Patamata,Biryani
Male,35-44,Widowed,Low,Lunch,Friday,Governorpet,South Indian
Female,45-54,Divorced,High,Lunch,Monday,Governorpet,Biryani
Male,45-54,Divorced,Middle,Snack,Sunday,Benz Circle,Fast Food
Male,35-44,Divorced,Middle,Late Night,Friday,Gunadala,South Indian
Male,25-34,Divorced,Upper-Middle,Snack,Monday,Patamata,Continental
Female,35-44,Single,Middle,Breakfast,Tuesday,MG Road,South Indian
Male,18-24,Divorced,Low,Breakfast,Thursday,Gunadala,South Indian
Female,18-24,Widowed,High,Breakfast,Wednesday,Benz Circle,South Indian
Male,55-64,Divorced,Middle,Snack,Thursday,Governorpet,South Indian
Other,55-64,Married,High,Lunch,Saturday,Poranki,South Indian
Other,25-34,Single,Upper-Middle,Late Night,Wednesday,Benz Circle,Fast Food
Other,45-54,Single,High,Breakfast,Wednesday,Ramachandra Nagar,South Indian
Female,55-64,Single,High,Late Night,Wednesday,Governorpet,Fast Food
Female,45-54,Married,Upper-Middle,Lunch,Wednesday,Ramachandra Nagar,North Indian
Male,18-24,Widowed,Low,Lunch,Tuesday,MG Road,Chinese
Female,45-54,Widowed,Upper-Middle,Late Night,Thursday,Ramachandra Nagar,Fast Food
Other,25-34,Widowed,Upper-Middle,Snack,Sunday,Benz Circle,Fast Food
Male,35-44,Widowed,Middle,Breakfast,Monday,One Town,South Indian
Male,55-64,Single,Upper-Middle,Breakfast,Monday,Governorpet,South Indian
Other,45-54,Married,Low,Late Night,Sunday,Bhavanipuram,Fast Food
Female,18-24,Single,Low,Breakfast,Saturday,Poranki,Bakery
Female,45-54,Divorced,High,Late Night,Thursday,Gunadala,Fast Food
Male,55-64,Single,Middle,Breakfast,Saturday,Gunadala,South Indian
Other,55-64,Single,Middle,Late Night,Sunday,Benz Circle,Fast Food
Other,45-54,Married,Middle,Lunch,Tuesday,Ramachandra Nagar,North Indian
Female,18-24,Married,Middle,Late Night,Tuesday,Auto Nagar,Fast Food
Male,35-44,Single,Upper-Middle,Dinner,Tuesday,Auto Nagar,Biryani
Other,18-24,Married,Low,Breakfast,Sunday,Benz Circle,South Indian
Male,55-64,Widowed,Upper-Middle,Dinner,Wednesday,Bhavanipuram,Biryani
Female,18-24,Widowed,Middle,Dinner,Sunday,Gunadala,Biryani
Female,35-44,Single,Upper-Middle,Late Night,Monday,Benz Circle,Fast Food
Other,25-34,Widowed,Middle,Snack,Monday,Bhavanipuram,Street Food
Male,18-24,Single,Upper-Middle,Late Night,Friday,Ramachandra Nagar,North Indian
Male,35-44,Married,Upper-Middle,Late Night,Monday,MG Road,Chinese
Female,18-24,Divorced,Upper-Middle,Lunch,Thursday,Auto Nagar,Biryani
Other,25-34,Divorced,Upper-Middle,Dinner,Thursday,Patamata,Street Food
Female,35-44,Single,Middle,Dinner,Wednesday,Ramachandra Nagar,North Indian
Female,55-64,Married,Middle,Snack,Monday,Bhavanipuram,Street Food
Female,35-44,Married,Middle,Lunch,Wednesday,Auto Nagar,Biryani
Other,18-24,Married,Low,Breakfast,Thursday,Ramachandra Nagar,North Indian
Male,25-34,Married,Low,Lunch,Wednesday,MG Road,Fast Food
Male,45-54,Married,Upper-Middle,Snack,Wednesday,MG Road,Continental
Male,18-24,Single,Upper-Middle,Snack,Wednesday,Patamata,Fast Food
Female,35-44,Single,High,Snack,Friday,Auto Nagar,Street Food
Female,18-24,Single,Upper-Middle,Lunch,Friday,Gunadala,South Indian
Male,35-44,Widowed,Middle,Lunch,Sunday,Benz Circle,Fast Food
Other,55-64,Single,Middle,Snack,Saturday,Auto Nagar,Bakery
Male,35-44,Widowed,High,Late Night,Tuesday,One Town,Street Food
Other,45-54,Single,Low,Dinner,Thursday,Gunadala,Biryani
Male,35-44,Divorced,Upper-Middle,Dinner,Friday,Ramachandra Nagar,Biryani
Other,25-34,Widowed,Middle,Breakfast,Wednesday,Gunadala,South Indian
Female,25-34,Divorced,Middle,Snack,Tuesday,Poranki,Street Food
Male,45-54,Divorced,Low,Dinner,Tuesday,Governorpet,South Indian
Other,55-64,Married,Low,Late Night,Wednesday,Poranki,Fast Food
Other,35-44,Married,Middle,Dinner,Saturday,Gunadala,South Indian
Male,55-64,Single,High,Dinner,Sunday,One Town,Street Food
Male,55-64,Single,Upper-Middle,Lunch,Thursday,Benz Circle,Biryani
Male,35-44,Divorced,Middle,Lunch,Saturday,Gunadala,South Indian
Female,55-64,Widowed,Upper-Middle,Breakfast,Friday,One Town,South Indian
Male,35-44,Divorced,Upper-Middle,Late Night,Monday,Auto Nagar,Biryani
Female,18-24,Single,Upper-Middle,Late Night,Tuesday,One Town,Biryani
Other,55-64,Single,Low,Dinner,Thursday,MG Road,Chinese
Male,18-24,Married,High,Breakfast,Friday,Patamata,Continental
Other,45-54,Widowed,Low,Late Night,Saturday,One Town,Street Food
Female,55-64,Single,High,Dinner,Tuesday,Bhavanipuram,Biryani
Other,55-64,Married,Upper-Middle,Snack,Sunday,Auto Nagar,Street Food
Other,55-64,Widowed,Low,Late Night,Sunday,Ramachandra Nagar,North Indian
Other,35-44,Single,High,Late Night,Wednesday,Gunadala,South Indian
Other,18-24,Single,Middle,Snack,Tuesday,Poranki,Bakery
Male,18-24,Married,Upper-Middle,Snack,Friday,Poranki,Bakery
Other,18-24,Single,Middle,Breakfast,Wednesday,Ramachandra Nagar,North Indian
Male,55-64,Married,Low,Late Night,Saturday,MG Road,Bakery
Female,45-54,Married,Middle,Late Night,Saturday,Governorpet,South Indian
Male,18-24,Widowed,Middle,Late Night,Wednesday,Poranki,Bakery
Male,45-54,Married,Upper-Middle,Dinner,Saturday,Patamata,Continental
Other,45-54,Single,High,Lunch,Wednesday,Patamata,Biryani
Female,35-44,Single,Low,Breakfast,Tuesday,Gunadala,South Indian
Male,45-54,Married,Upper-Middle,Dinner,Wednesday,Patamata,Biryani
Male,25-34,Single,Middle,Lunch,Thursday,MG Road,Chinese
Male,45-54,Widowed,Upper-Middle,Late Night,Saturday,Auto Nagar,Biryani
Male,45-54,Divorced,High,Breakfast,Sunday,Auto Nagar,South Indian
Other,25-34,Married,Low,Snack,Friday,Patamata,Continental
Female,18-24,Single,Low,Breakfast,Sunday,Governorpet,South Indian
Female,45-54,Divorced,Low,Lunch,Friday,Auto Nagar,Biryani
Other,35-44,Widowed,Upper-Middle,Lunch,Monday,Auto Nagar,Biryani
Female,25-34,Divorced,Middle,Snack,Sunday,One Town,Street Food
Other,35-44,Widowed,High,Lunch,Sunday,Governorpet,South Indian
Male,25-34,Single,Middle,Lunch,Friday,Patamata,Biryani
Female,25-34,Single,Low,Late Night,Tuesday,Gunadala,South Indian
Other,18-24,Divorced,High,Late Night,Saturday,Benz Circle,Fast Food
Other,55-64,Divorced,Low,Dinner,Friday,Benz Circle,Biryani
Female,18-24,Widowed,Low,Dinner,Monday,Gunadala,South Indian
Female,25-34,Single,Low,Late Night,Monday,Ramachandra Nagar,North Indian
Other,55-64,Single,Middle,Snack,Tuesday,Auto Nagar,Chinese
Other,18-24,Divorced,Upper-Middle,Dinner,Wednesday,Patamata,Continental
Other,55-64,Widowed,High,Lunch,Saturday,Benz Circle,Fast Food
Female,55-64,Single,Upper-Middle,Lunch,Sunday,Patamata,Continental
Female,45-54,Married,Low,Breakfast,Wednesday,Bhavanipuram,Biryani
Other,25-34,Single,High,Lunch,Friday,MG Road,Chinese
Male,18-24,Divorced,Upper-Middle,Late Night,Friday,One Town,Street Food
Female,55-64,Single,Upper-Middle,Dinner,Monday,Auto Nagar,Biryani
Female,25-34,Widowed,Low,Late Night,Friday,One Town,Fast Food
Other,25-34,Single,Low,Breakfast,Tuesday,Ramachandra Nagar,South Indian
Other,45-54,Divorced,High,Snack,Sunday,Benz Circle,Street Food
Female,55-64,Widowed,High,Late Night,Tuesday,Benz Circle,Fast Food
Other,45-54,Widowed,Upper-Middle,Dinner,Saturday,Poranki,Biryani
Other,45-54,Divorced,Middle,Snack,Monday,Bhavanipuram,Biryani
Male,45-54,Divorced,High,Late Night,Tuesday,Gunadala,Fast Food
Other,55-64,Single,High,Breakfast,Saturday,Bhavanipuram,Biryani
Female,45-54,Married,Low,Snack,Monday,Ramachandra Nagar,Street Food
Male,18-24,Married,Middle,Breakfast,Wednesday,One Town,Street Food
Other,45-54,Divorced,Low,Dinner,Sunday,Ramachandra Nagar,North Indian
Male,35-44,Divorced,Low,Dinner,Thursday,Benz Circle,Fast Food
Female,18-24,Widowed,Upper-Middle,Lunch,Saturday,Benz Circle,Fast Food
Male,25-34,Married,High,Snack,Saturday,Benz Circle,Fast Food
Female,55-64,Single,Low,Late Night,Wednesday,Governorpet,South Indian
Other,45-54,Widowed,Middle,Late Night,Friday,Patamata,Continental
Other,35-44,Married,High,Snack,Monday,Ramachandra Nagar,North Indian
Male,25-34,Widowed,High,Lunch,Sunday,Gunadala,Fast Food
Female,45-54,Single,Middle,Late Night,Monday,MG Road,Chinese
Other,25-34,Divorced,High,Snack,Monday,Patamata,Continental
Other,45-54,Married,Middle,Late Night,Thursday,Bhavanipuram,Biryani
Other,25-34,Divorced,Low,Breakfast,Sunday,Governorpet,South Indian
Male,55-64,Single,High,Dinner,Tuesday,Benz Circle,Fast Food
Other,55-64,Single,Middle,Dinner,Monday,Benz Circle,Fast Food
Male,25-34,Divorced,High,Late Night,Monday,Patamata,Fast Food
Male,55-64,Divorced,Low,Late Night,Friday,One Town,Street Food
Male,45-54,Divorced,High,Snack,Tuesday,Bhavanipuram,Biryani
Female,18-24,Divorced,High,Dinner,Sunday,Patamata,Continental
Other,45-54,Widowed,Low,Dinner,Thursday,Bhavanipuram,Biryani
Male,18-24,Widowed,Upper-Middle,Dinner,Wednesday,One Town,Street Food
Male,55-64,Married,High,Dinner,Wednesday,One Town,Street Food
Male,45-54,Divorced,High,Lunch,Friday,Governorpet,Biryani
Female,25-34,Married,Low,Breakfast,Friday,Patamata,South Indian
Female,25-34,Divorced,Upper-Middle,Snack,Friday,Governorpet,Street Food
Female,45-54,Widowed,Middle,Breakfast,Tuesday,Patamata,Continental
Female,45-54,Widowed,Low,Breakfast,Wednesday,Poranki,South Indian
Male,35-44,Widowed,High,Breakfast,Saturday,Auto Nagar,Biryani
Male,25-34,Single,High,Late Night,Sunday,Patamata,Fast Food
Other,25-34,Married,High,Breakfast,Sunday,MG Road,Chinese
Male,55-64,Widowed,Middle,Late Night,Sunday,MG Road,Fast Food
Male,45-54,Married,Low,Dinner,Thursday,MG Road,Biryani
Female,55-64,Widowed,Upper-Middle,Lunch,Thursday,Patamata,Continental
Female,55-64,Single,Low,Lunch,Monday,One Town,Street Food
Other,55-64,Married,Low,Breakfast,Sunday,MG Road,South Indian
Female,35-44,Married,High,Dinner,Monday,One Town,North Indian
Male,25-34,Divorced,Middle,Snack,Thursday,Poranki,Bakery
Male,55-64,Married,Middle,Late Night,Tuesday,Poranki,Bakery
Male,35-44,Divorced,High,Snack,Sunday,Bhavanipuram,Street Food
Female,55-64,Single,High,Snack,Wednesday,MG Road,Chinese
Male,35-44,Single,Low,Late Night,Monday,Benz Circle,Fast Food
Female,55-64,Widowed,High,Late Night,Sunday,MG Road,Chinese
Other,18-24,Single,Upper-Middle,Lunch,Thursday,Gunadala,South Indian
Other,55-64,Divorced,High,Snack,Friday,One Town,Street Food
Other,45-54,Married,Middle,Late Night,Tuesday,Benz Circle,Fast Food
Other,45-54,Married,Low,Lunch,Thursday,Poranki,Bakery
Female,18-24,Widowed,Low,Dinner,Sunday,One Town,Street Food
Other,35-44,Divorced,Upper-Middle,Late Night,Wednesday,MG Road,Chinese
Other,45-54,Married,Upper-Middle,Breakfast,Saturday,Bhavanipuram,South Indian
Other,18-24,Single,Middle,Lunch,Sunday,Governorpet,South Indian
Other,18-24,Divorced,Low,Late Night,Saturday,Gunadala,South Indian
Female,35-44,Widowed,Upper-Middle,Dinner,Saturday,Ramachandra Nagar,Biryani
Other,35-44,Divorced,Upper-Middle,Breakfast,Thursday,Benz Circle,Fast Food
Other,18-24,Widowed,Low,Breakfast,Wednesday,Gunadala,South Indian
Male,45-54,Divorced,Middle,Lunch,Sunday,Auto Nagar,Biryani
Other,55-64,Single,Low,Dinner,Tuesday,Benz Circle,Fast Food
Other,45-54,Divorced,Upper-Middle,Breakfast,Friday,Ramachandra Nagar,North Indian
Male,35-44,Divorced,High,Snack,Thursday,One Town,Street Food
Other,45-54,Single,High,Breakfast,Friday,MG Road,Chinese
Other,45-54,Widowed,High,Late Night,Tuesday,Governorpet,Biryani
Male,25-34,Single,Upper-Middle,Breakfast,Sunday,MG Road,South Indian
Male,35-44,Single,Upper-Middle,Breakfast,Thursday,Auto Nagar,Biryani
Male,25-34,Widowed,High,Breakfast,Sunday,Benz Circle,Fast Food
Other,45-54,Divorced,High,Snack,Saturday,Benz Circle,Street Food
Other,18-24,Widowed,High,Snack,Thursday,One Town,Street Food
Female,35-44,Divorced,Middle,Dinner,Friday,MG Road,Chinese
Female,55-64,Divorced,Middle,Snack,Sunday,MG Road,Street Food
Other,55-64,Single,Middle,Lunch,Sunday,Ramachandra Nagar,Biryani
Male,18-24,Married,Upper-Middle,Dinner,Friday,Ramachandra Nagar,Biryani
Male,55-64,Married,Middle,Lunch,Thursday,Bhavanipuram,Biryani
Male,45-54,Married,Middle,Dinner,Sunday,Patamata,Biryani
Female,55-64,Widowed,High,Lunch,Tuesday,Auto Nagar,Biryani
Male,55-64,Married,High,Snack,Monday,Ramachandra Nagar,North Indian
Other,35-44,Married,High,Late Night,Wednesday,Governorpet,South Indian
Female,45-54,Widowed,Middle,Lunch,Sunday,Poranki,Bakery
Male,45-54,Married,Upper-Middle,Snack,Friday,Bhavanipuram,Biryani
Female,55-64,Widowed,High,Late Night,Tuesday,Bhavanipuram,Biryani
Male,25-34,Single,High,Dinner,Saturday,Ramachandra Nagar,North Indian
Male,55-64,Widowed,Upper-Middle,Snack,Monday,Patamata,Continental
Female,35-44,Widowed,High,Late Night,Saturday,Poranki,Fast Food
Female,55-64,Divorced,Middle,Dinner,Saturday,Gunadala,South Indian
Other,45-54,Single,High,Late Night,Friday,Gunadala,South Indian
Female,25-34,Widowed,Low,Lunch,Friday,Bhavanipuram,South Indian
Female,45-54,Married,High,Lunch,Friday,Patamata,Continental
Female,25-34,Divorced,Upper-Middle,Lunch,Thursday,Governorpet,South Indian
Male,25-34,Divorced,High,Snack,Tuesday,Gunadala,Biryani
Male,55-64,Married,Upper-Middle,Late Night,Saturday,Poranki,Bakery
Female,45-54,Divorced,High,Dinner,Friday,One Town,Biryani
Male,55-64,Single,Middle,Snack,Friday,Auto Nagar,Street Food
Male,45-54,Married,Low,Breakfast,Thursday,One Town,Street Food
Male,45-54,Widowed,Low,Snack,Wednesday,MG Road,Street Food
Other,55-64,Divorced,Middle,Breakfast,Thursday,Patamata,Continental
Other,25-34,Single,Middle,Breakfast,Thursday,MG Road,Chinese
Male,25-34,Divorced,Upper-Middle,Lunch,Monday,Governorpet,Biryani
Male,35-44,Married,Upper-Middle,Dinner,Sunday,Gunadala,South Indian
Female,55-64,Widowed,Upper-Middle,Breakfast,Monday,Gunadala,South Indian
Other,55-64,Single,Low,Dinner,Thursday,Bhavanipuram,Biryani
Other,35-44,Widowed,Upper-Middle,Breakfast,Monday,Ramachandra Nagar,North Indian
Female,25-34,Divorced,Low,Breakfast,Friday,Benz Circle,Fast Food
Male,45-54,Married,Upper-Middle,Dinner,Friday,Benz Circle,Fast Food
Female,35-44,Single,High,Dinner,Monday,Governorpet,Biryani
Male,18-24,Married,Middle,Dinner,Friday,One Town,Street Food
Other,35-44,Divorced,High,Dinner,Sunday,Benz Circle,Biryani
Other,35-44,Divorced,Middle,Lunch,Thursday,Bhavanipuram,Biryani
Female,18-24,Divorced,Low,Breakfast,Friday,Ramachandra Nagar,South Indian
Male,55-64,Single,Upper-Middle,Late Night,Tuesday,Patamata,Continental
Male,45-54,Divorced,Upper-Middle,Snack,Thursday,Bhavanipuram,Biryani
Other,35-44,Single,High,Snack,Tuesday,Poranki,Bakery
Female,18-24,Married,Low,Breakfast,Tuesday,Bhavanipuram,Biryani
Male,18-24,Single,Low,Lunch,Tuesday,One Town,Street Food
Male,25-34,Married,High,Breakfast,Wednesday,Governorpet,South Indian
Female,45-54,Divorced,Upper-Middle,Late Night,Wednesday,Auto Nagar,Fast Food
Male,25-34,Widowed,Upper-Middle,Snack,Thursday,MG Road,Chinese
Other,35-44,Divorced,Upper-Middle,Late Night,Tuesday,MG Road,Chinese
Male,55-64,Widowed,Low,Dinner,Monday,Auto Nagar,Biryani
Male,25-34,Divorced,Middle,Dinner,Tuesday,Gunadala,South Indian
Male,25-34,Widowed,Low,Breakfast,Thursday,Bhavanipuram,Biryani
Male,18-24,Widowed,High,Late Night,Monday,Gunadala,South Indian
Other,18-24,Divorced,High,Breakfast,Monday,Ramachandra Nagar,South Indian
Other,35-44,Widowed,Upper-Middle,Late Night,Wednesday,Auto Nagar,Biryani
Other,45-54,Married,High,Snack,Thursday,Benz Circle,Street Food
Female,35-44,Married,Low,Late Night,Monday,Poranki,Bakery
Male,18-24,Widowed,High,Snack,Sunday,Benz Circle,Fast Food
Other,35-44,Married,Low,Dinner,Tuesday,Bhavanipuram,Biryani
Other,45-54,Divorced,Low,Late Night,Saturday,Auto Nagar,Biryani
Female,35-44,Single,Middle,Breakfast,Thursday,Gunadala,South Indian
Other,25-34,Married,Low,Breakfast,Wednesday,Patamata,Continental
Male,25-34,Married,High,Dinner,Monday,Patamata,Continental
Female,55-64,Married,Upper-Middle,Breakfast,Saturday,Poranki,Bakery
Other,55-64,Single,Middle,Snack,Thursday,Gunadala,Chinese
Female,55-64,Single,Middle,Snack,Tuesday,Patamata,Continental
Other,35-44,Married,Upper-Middle,Lunch,Wednesday,Benz Circle,Fast Food
Male,55-64,Divorced,High,Snack,Thursday,Bhavanipuram,Street Food
Female,25-34,Divorced,Upper-Middle,Dinner,Sunday,Gunadala,South Indian
Other,18-24,Divorced,Upper-Middle,Breakfast,Thursday,Governorpet,Biryani
Male,18-24,Married,Middle,Breakfast,Tuesday,Poranki,South Indian
Other,25-34,Married,Upper-Middle,Lunch,Friday,Poranki,Bakery
Male,18-24,Divorced,High,Breakfast,Thursday,Ramachandra Nagar,North Indian
Other,55-64,Divorced,Upper-Middle,Dinner,Tuesday,MG Road,Chinese
Male,55-64,Divorced,High,Snack,Wednesday,Bhavanipuram,Biryani
Male,45-54,Married,Upper-Middle,Late Night,Saturday,Poranki,Fast Food
Female,35-44,Married,Middle,Snack,Sunday,One Town,Street Food
Female,55-64,Single,Upper-Middle,Dinner,Sunday,Patamata,Continental
Male,45-54,Divorced,Low,Dinner,Tuesday,Benz Circle,South Indian
Male,55-64,Widowed,Low,Dinner,Friday,One Town,Biryani
Other,25-34,Widowed,High,Late Night,Monday,Gunadala,South Indian
Female,25-34,Single,Upper-Middle,Late Night,Monday,Benz Circle,Fast Food
Female,18-24,Single,Upper-Middle,Late Night,Tuesday,Patamata,Fast Food
Female,35-44,Divorced,Middle,Late Night,Sunday,Gunadala,South Indian
Female,35-44,Single,High,Snack,Saturday,One Town,Street Food
Male,55-64,Widowed,Upper-Middle,Lunch,Friday,Gunadala,Biryani
Male,18-24,Widowed,Upper-Middle,Snack,Tuesday,Auto Nagar,Street Food
Female,55-64,Married,High,Lunch,Friday,Patamata,Biryani
Male,45-54,Widowed,Upper-Middle,Breakfast,Saturday,Gunadala,South Indian
Other,55-64,Widowed,High,Breakfast,Monday,Poranki,South Indian
Male,25-34,Married,Upper-Middle,Late Night,Tuesday,Gunadala,South Indian
Male,18-24,Divorced,Middle,Dinner,Monday,Governorpet,South Indian
Female,45-54,Widowed,High,Lunch,Tuesday,Bhavanipuram,Biryani
Female,18-24,Single,Upper-Middle,Snack,Tuesday,One Town,North Indian
Other,55-64,Married,Upper-Middle,Late Night,Monday,One Town,Street Food
Male,18-24,Widowed,Upper-Middle,Late Night,Sunday,Patamata,Continental
Other,45-54,Widowed,High,Late Night,Wednesday,Ramachandra Nagar,North Indian
Other,45-54,Divorced,Upper-Middle,Dinner,Tuesday,Governorpet,South Indian
Other,18-24,Widowed,High,Breakfast,Tuesday,Gunadala,South Indian
Female,35-44,Widowed,Middle,Dinner,Sunday,Governorpet,South Indian
Male,25-34,Widowed,Low,Lunch,Tuesday,MG Road,Biryani
Other,18-24,Divorced,High,Dinner,Wednesday,Benz Circle,Fast Food
Other,25-34,Widowed,High,Late Night,Monday,MG Road,North Indian
Other,25-34,Divorced,Upper-Middle,Dinner,Tuesday,Poranki,Bakery
Other,55-64,Single,Middle,Breakfast,Saturday,MG Road,Chinese
Female,35-44,Single,Middle,Snack,Monday,Patamata,Continental
Male,55-64,Divorced,Upper-Middle,Snack,Thursday,Ramachandra Nagar,North Indian
Male,55-64,Married,High,Snack,Monday,Poranki,Street Food
Female,25-34,Divorced,Low,Breakfast,Saturday,Ramachandra Nagar,North Indian
Female,45-54,Married,High,Lunch,Wednesday,Benz Circle,Fast Food
Other,25-34,Single,Middle,Late Night,Saturday,Bhavanipuram,Biryani
Male,35-44,Divorced,Low,Breakfast,Sunday,Benz Circle,Fast Food
Female,18-24,Divorced,Low,Lunch,Saturday,Patamata,Continental
Male,55-64,Single,Low,Lunch,Sunday,Patamata,South Indian
Male,45-54,Single,Middle,Late Night,Friday,Bhavanipuram,Biryani
Female,18-24,Single,High,Breakfast,Wednesday,Ramachandra Nagar,North Indian
Other,45-54,Widowed,Low,Lunch,Tuesday,Benz Circle,Fast Food
Male,45-54,Single,Upper-Middle,Snack,Monday,Gunadala,South Indian
Other,18-24,Married,Middle,Late Night,Tuesday,Gunadala,South Indian
Other,18-24,Widowed,High,Lunch,Thursday,Auto Nagar,Biryani
Other,35-44,Single,High,Snack,Wednesday,Bhavanipuram,Street Food
Male,25-34,Single,Middle,Snack,Monday,Benz Circle,Fast Food
Female,55-64,Divorced,Low,Breakfast,Monday,Governorpet,South Indian
Female,18-24,Widowed,High,Late Night,Monday,Auto Nagar,Biryani
Female,55-64,Single,High,Breakfast,Wednesday,Patamata,Continental
Other,35-44,Divorced,Low,Lunch,Tuesday,Poranki,Biryani
Female,55-64,Single,Upper-Middle,Lunch,Monday,Auto Nagar,Biryani
Female,35-44,Widowed,Upper-Middle,Late Night,Tuesday,Gunadala,South Indian
Male,25-34,Widowed,Low,Snack,Wednesday,MG Road,Chinese
Other,35-44,Widowed,High,Breakfast,Thursday,Gunadala,South Indian
Other,35-44,Married,Low,Late Night,Saturday,Ramachandra Nagar,North Indian
Female,35-44,Single,Upper-Middle,Late Night,Wednesday,Benz Circle,Fast Food
Female,45-54,Widowed,High,Late Night,Thursday,Benz Circle,Fast Food
Male,18-24,Widowed,Low,Snack,Thursday,Auto Nagar,Street Food
Female,25-34,Single,Middle,Dinner,Thursday,Patamata,Continental
Female,55-64,Single,High,Late Night,Friday,Bhavanipuram,Biryani
Other,25-34,Single,Middle,Lunch,Monday,Gunadala,Biryani
Other,35-44,Divorced,Middle,Lunch,Friday,Governorpet,South Indian
Male,55-64,Married,Middle,Late Night,Saturday,One Town,Street Food
Other,45-54,Single,High,Late Night,Saturday,Patamata,Fast Food
Female,18-24,Married,Upper-Middle,Snack,Monday,Bhavanipuram,Biryani
Male,45-54,Married,Middle,Dinner,Wednesday,Patamata,Continental
Male,35-44,Married,Upper-Middle,Dinner,Friday,Auto Nagar,Biryani
Female,35-44,Single,Upper-Middle,Breakfast,Tuesday,Bhavanipuram,Biryani
Female,18-24,Married,Upper-Middle,Breakfast,Saturday,Bhavanipuram,Biryani
Female,55-64,Widowed,High,Lunch,Sunday,Ramachandra Nagar,Biryani
Female,25-34,Single,Low,Snack,Wednesday,Poranki,Biryani
Male,25-34,Divorced,Low,Lunch,Tuesday,Patamata,Continental
Male,55-64,Married,Middle,Lunch,Thursday,Patamata,Continental
Female,18-24,Single,High,Breakfast,Wednesday,Poranki,Bakery
Male,55-64,Divorced,Low,Snack,Thursday,Governorpet,Street Food
Other,25-34,Married,Middle,Breakfast,Tuesday,Auto Nagar,Biryani
Male,55-64,Widowed,High,Breakfast,Sunday,One Town,Street Food
Female,35-44,Married,High,Snack,Tuesday,Auto Nagar,Street Food
Female,25-34,Married,Middle,Breakfast,Thursday,Gunadala,Bakery
Female,18-24,Divorced,High,Lunch,Thursday,Bhavanipuram,Biryani
Male,45-54,Married,Upper-Middle,Late Night,Saturday,One Town,Fast Food
Other,45-54,Widowed,Upper-Middle,Breakfast,Sunday,Gunadala,South Indian
Other,35-44,Widowed,Middle,Late Night,Tuesday,Patamata,Continental
Other,25-34,Married,High,Lunch,Monday,Poranki,Bakery
Other,25-34,Divorced,Middle,Snack,Tuesday,Benz Circle,North Indian
Other,55-64,Widowed,Middle,Lunch,Monday,Auto Nagar,Biryani
Other,25-34,Married,Low,Lunch,Tuesday,MG Road,Biryani
Female,18-24,Widowed,Upper-Middle,Late Night,Sunday,MG Road,Chinese
Male,45-54,Divorced,High,Dinner,Friday,Auto Nagar,Biryani
Other,35-44,Widowed,Low,Lunch,Tuesday,Ramachandra Nagar,North Indian
Female,55-64,Married,Low,Snack,Monday,One Town,Street Food
Female,25-34,Divorced,High,Lunch,Saturday,Patamata,Continental
Other,18-24,Married,Middle,Late Night,Monday,Auto Nagar,Biryani
Male,55-64,Divorced,High,Late Night,Friday,Benz Circle,Fast Food
Other,18-24,Divorced,Middle,Snack,Friday,One Town,Street Food
Male,45-54,Divorced,High,Breakfast,Wednesday,One Town,Street Food
Other,18-24,Divorced,Upper-Middle,Lunch,Monday,Poranki,Bakery
Male,25-34,Single,Low,Lunch,Tuesday,Benz Circle,Chinese
Female,25-34,Divorced,High,Dinner,Monday,Ramachandra Nagar,North Indian
Other,45-54,Widowed,Middle,Lunch,Tuesday,Ramachandra Nagar,Continental
Female,35-44,Single,Upper-Middle,Breakfast,Thursday,Bhavanipuram,Bakery
Other,25-34,Single,Low,Late Night,Monday,Bhavanipuram,Biryani
Female,35-44,Widowed,Upper-Middle,Late Night,Saturday,Patamata,Fast Food
Male,25-34,Single,Low,Breakfast,Saturday,Benz Circle,Fast Food
Other,35-44,Single,High,Lunch,Friday,Ramachandra Nagar,Biryani
Male,35-44,Widowed,Upper-Middle,Snack,Monday,Ramachandra Nagar,North Indian
Female,25-34,Single,Low,Late Night,Sunday,Auto Nagar,Biryani
Male,35-44,Married,Upper-Middle,Late Night,Monday,Gunadala,South Indian
Other,35-44,Married,Low,Snack,Sunday,Bhavanipuram,Biryani
Other,45-54,Divorced,Upper-Middle,Dinner,Tuesday,MG Road,Biryani
Other,25-34,Married,Upper-Middle,Snack,Monday,Patamata,Continental
Other,25-34,Divorced,High,Late Night,Tuesday,Gunadala,South Indian
Female,18-24,Divorced,Middle,Lunch,Monday,Poranki,North Indian
Female,55-64,Married,Upper-Middle,Dinner,Wednesday,Governorpet,South Indian
Other,25-34,Married,Upper-Middle,Late Night,Thursday,Poranki,Continental
Male,55-64,Widowed,Middle,Lunch,Sunday,One Town,Street Food
Other,25-34,Widowed,Upper-Middle,Dinner,Tuesday,Poranki,Bakery
Other,35-44,Widowed,High,Breakfast,Wednesday,Bhavanipuram,Biryani
Male,55-64,Single,Low,Breakfast,Monday,Poranki,Bakery
Other,35-44,Divorced,High,Lunch,Thursday,Gunadala,Biryani
Male,45-54,Single,High,Snack,Thursday,Auto Nagar,Biryani
Other,35-44,Married,Middle,Breakfast,Thursday,Bhavanipuram,Biryani
Female,18-24,Divorced,High,Breakfast,Saturday,Poranki,Bakery
Other,25-34,Married,Upper-Middle,Lunch,Wednesday,Gunadala,South Indian
Male,55-64,Widowed,Middle,Snack,Tuesday,Benz Circle,Fast Food
Male,25-34,Married,High,Snack,Saturday,One Town,Street Food
Male,25-34,Divorced,Low,Late Night,Wednesday,Gunadala,South Indian
Female,35-44,Divorced,Upper-Middle,Late Night,Friday,Auto Nagar,Biryani
Other,45-54,Widowed,High,Snack,Saturday,One Town,Street Food
Other,18-24,Widowed,Middle,Dinner,Thursday,One Town,Street Food
Other,25-34,Married,Middle,Snack,Thursday,One Town,Street Food
Male,55-64,Single,Middle,Lunch,Monday,Gunadala,South Indian
Other,18-24,Widowed,Middle,Late Night,Wednesday,Ramachandra Nagar,North Indian
Other,45-54,Married,Upper-Middle,Lunch,Tuesday,Poranki,Bakery
Female,25-34,Widowed,Low,Lunch,Monday,Ramachandra Nagar,North Indian
Female,18-24,Married,Upper-Middle,Late Night,Sunday,Auto Nagar,Biryani
Female,55-64,Widowed,Upper-Middle,Snack,Monday,Governorpet,South Indian
Male,18-24,Widowed,Low,Late Night,Saturday,Poranki,Bakery
Female,18-24,Widowed,Upper-Middle,Dinner,Monday,Governorpet,Bakery
Female,35-44,Single,High,Dinner,Saturday,Governorpet,Continental
Female,18-24,Widowed,High,Lunch,Sunday,Auto Nagar,Biryani
Male,25-34,Single,Upper-Middle,Lunch,Saturday,Governorpet,South Indian
Female,35-44,Married,Middle,Dinner,Monday,Poranki,Bakery
Female,45-54,Divorced,Middle,Breakfast,Sunday,Bhavanipuram,Biryani
Male,45-54,Married,High,Lunch,Tuesday,Gunadala,Biryani
Female,25-34,Married,High,Snack,Saturday,Benz Circle,North Indian
Male,35-44,Divorced,Upper-Middle,Late Night,Friday,Governorpet,South Indian
Female,18-24,Divorced,High,Lunch,Monday,Patamata,Biryani
Other,18-24,Divorced,Low,Dinner,Sunday,Auto Nagar,Biryani
Other,45-54,Widowed,High,Snack,Thursday,Auto Nagar,Biryani
Male,45-54,Widowed,Low,Dinner,Tuesday,Gunadala,South Indian
Male,35-44,Divorced,High,Breakfast,Tuesday,Governorpet,South Indian
Female,45-54,Widowed,Middle,Lunch,Tuesday,Gunadala,Fast Food
Female,35-44,Divorced,Middle,Dinner,Monday,Benz Circle,Fast Food
Female,18-24,Married,High,Dinner,Saturday,Poranki,Bakery
Female,35-44,Divorced,Upper-Middle,Late Night,Saturday,Benz Circle,Fast Food
Female,55-64,Divorced,High,Dinner,Tuesday,Patamata,Biryani
Male,25-34,Widowed,High,Dinner,Wednesday,Patamata,Biryani
Other,45-54,Widowed,Upper-Middle,Snack,Thursday,Gunadala,South Indian
Other,35-44,Married,Low,Dinner,Thursday,Patamata,Continental
Other,18-24,Divorced,Middle,Lunch,Monday,Bhavanipuram,Chinese
Female,55-64,Married,High,Snack,Sunday,Benz Circle,Fast Food
Female,55-64,Widowed,Upper-Middle,Breakfast,Thursday,One Town,Street Food
Male,45-54,Widowed,High,Dinner,Friday,Auto Nagar,Biryani
Female,45-54,Married,High,Snack,Friday,Poranki,Street Food
Male,18-24,Single,High,Lunch,Monday,Auto Nagar,Biryani
Male,25-34,Single,High,Snack,Friday,Patamata,Street Food
Male,55-64,Widowed,High,Lunch,Thursday,Gunadala,Fast Food
Male,25-34,Single,Low,Dinner,Saturday,MG Road,Biryani
Female,35-44,Widowed,Upper-Middle,Lunch,Monday,Governorpet,Biryani
Male,25-34,Married,Middle,Late Night,Sunday,Patamata,Bakery
Female,55-64,Single,High,Snack,Wednesday,Ramachandra Nagar,North Indian
Female,55-64,Widowed,High,Breakfast,Friday,Patamata,South Indian
Other,18-24,Single,Upper-Middle,Snack,Thursday,MG Road,Chinese
Female,35-44,Married,Upper-Middle,Lunch,Sunday,Bhavanipuram,Biryani
Other,18-24,Single,High,Dinner,Wednesday,MG Road,Chinese
Female,18-24,Widowed,Upper-Middle,Breakfast,Friday,Gunadala,South Indian
Female,25-34,Single,Upper-Middle,Dinner,Saturday,Ramachandra Nagar,North Indian
Female,35-44,Married,Middle,Breakfast,Friday,Patamata,South Indian
Male,45-54,Divorced,Middle,Snack,Monday,Gunadala,Street Food
Other,55-64,Widowed,Low,Lunch,Tuesday,Benz Circle,Fast Food
Other,55-64,Widowed,Upper-Middle,Late Night,Friday,Auto Nagar,Fast Food
Female,25-34,Widowed,Middle,Snack,Thursday,Bhavanipuram,Biryani
Other,25-34,Widowed,High,Late Night,Thursday,MG Road,Chinese
Other,45-54,Single,Upper-Middle,Snack,Wednesday,MG Road,Chinese
Male,18-24,Divorced,Low,Dinner,Sunday,Poranki,Biryani
Other,35-44,Divorced,Upper-Middle,Snack,Friday,One Town,Street Food
Other,25-34,Widowed,Upper-Middle,Breakfast,Tuesday,Ramachandra Nagar,North Indian
Other,35-44,Married,Low,Late Night,Tuesday,Poranki,Bakery
Other,25-34,Single,Low,Dinner,Friday,Ramachandra Nagar,Biryani
Female,55-64,Single,Middle,Snack,Wednesday,Bhavanipuram,Biryani
Female,18-24,Married,High,Lunch,Friday,Auto Nagar,Biryani
Other,25-34,Widowed,Low,Late Night,Friday,Auto Nagar,Continental
Female,18-24,Single,Low,Breakfast,Wednesday,Ramachandra Nagar,North Indian
Male,45-54,Divorced,Upper-Middle,Dinner,Monday,Governorpet,South Indian
Male,18-24,Single,Low,Lunch,Sunday,Bhavanipuram,Biryani
Male,55-64,Single,Low,Late Night,Friday,Benz Circle,Biryani
Female,18-24,Divorced,High,Lunch,Wednesday,Benz Circle,Biryani
Female,18-24,Widowed,Middle,Dinner,Sunday,Governorpet,Bakery
Other,55-64,Married,Middle,Dinner,Sunday,Bhavanipuram,Biryani
Male,25-34,Single,Upper-Middle,Late Night,Thursday,Bhavanipuram,Biryani
Male,45-54,Married,Middle,Breakfast,Friday,Poranki,Bakery
Male,18-24,Widowed,Upper-Middle,Lunch,Monday,MG Road,Biryani
Male,55-64,Divorced,Middle,Dinner,Sunday,Gunadala,South Indian
Other,45-54,Married,Upper-Middle,Breakfast,Tuesday,Patamata,North Indian
Male,25-34,Married,Upper-Middle,Late Night,Tuesday,Auto Nagar,Biryani
Other,35-44,Single,Middle,Snack,Wednesday,Patamata,Street Food
Male,45-54,Married,Low,Lunch,Saturday,Poranki,Fast Food
Other,18-24,Divorced,Low,Late Night,Saturday,MG Road,Chinese
Female,18-24,Married,Middle,Late Night,Monday,Governorpet,South Indian
Other,45-54,Divorced,Upper-Middle,Snack,Wednesday,Patamata,Street Food
Male,55-64,Single,Low,Lunch,Thursday,Gunadala,South Indian
Other,35-44,Widowed,High,Breakfast,Friday,Bhavanipuram,Biryani
Other,25-34,Single,Upper-Middle,Lunch,Thursday,Bhavanipuram,Biryani
Other,18-24,Widowed,Middle,Snack,Tuesday,Governorpet,South Indian
Male,45-54,Single,Low,Breakfast,Sunday,Governorpet,South Indian
Other,45-54,Divorced,Low,Lunch,Monday,Patamata,Continental
Other,55-64,Single,Upper-Middle,Dinner,Thursday,Ramachandra Nagar,North Indian
Male,25-34,Single,Middle,Snack,Wednesday,Benz Circle,Street Food
Male,35-44,Single,Low,Lunch,Friday,Ramachandra Nagar,North Indian
Female,25-34,Divorced,Upper-Middle,Dinner,Tuesday,Bhavanipuram,Biryani
Female,45-54,Married,Middle,Breakfast,Monday,Patamata,Continental
Female,25-34,Single,Upper-Middle,Late Night,Wednesday,Poranki,Bakery
Male,45-54,Divorced,Upper-Middle,Breakfast,Saturday,Patamata,Continental
Female,35-44,Married,Upper-Middle,Snack,Monday,MG Road,Chinese
Other,18-24,Divorced,High,Snack,Monday,MG Road,Chinese
Female,55-64,Married,Upper-Middle,Lunch,Sunday,Patamata,Biryani
Female,25-34,Widowed,Low,Late Night,Saturday,MG Road,Chinese
Female,25-34,Widowed,High,Breakfast,Sunday,Ramachandra Nagar,North Indian
Female,55-64,Divorced,High,Snack,Wednesday,Ramachandra Nagar,North Indian
Other,25-34,Married,High,Lunch,Monday,Patamata,Continental
Female,55-64,Single,Low,Lunch,Sunday,Benz Circle,Biryani
Male,18-24,Divorced,High,Dinner,Sunday,Bhavanipuram,Biryani
Male,45-54,Single,Low,Late Night,Wednesday,Poranki,Bakery
Other,45-54,Widowed,Upper-Middle,Snack,Sunday,Patamata,Street Food
Male,55-64,Married,Middle,Dinner,Tuesday,Gunadala,Biryani
Female,25-34,Divorced,Low,Lunch,Tuesday,MG Road,Chinese
Male,45-54,Divorced,Middle,Late Night,Friday,MG Road,Chinese
Other,18-24,Married,Middle,Snack,Sunday,Auto Nagar,Street Food
Male,55-64,Married,Middle,Lunch,Wednesday,One Town,Biryani
Female,18-24,Married,High,Breakfast,Friday,Governorpet,South Indian
Other,35-44,Divorced,Low,Late Night,Monday,Poranki,Bakery
Male,55-64,Widowed,High,Late Night,Monday,One Town,Street Food
Female,25-34,Single,Low,Late Night,Saturday,Benz Circle,Fast Food
Other,55-64,Widowed,Low,Lunch,Friday,Governorpet,Chinese
Other,55-64,Widowed,High,Lunch,Wednesday,Governorpet,South Indian
Female,45-54,Single,Middle,Late Night,Sunday,MG Road,Chinese
Female,55-64,Widowed,High,Dinner,Monday,Gunadala,South Indian
Female,18-24,Widowed,Low,Snack,Wednesday,Ramachandra Nagar,North Indian
Other,18-24,Married,Middle,Snack,Sunday,Bhavanipuram,Biryani
Other,25-34,Divorced,Upper-Middle,Breakfast,Sunday,One Town,Chinese
Other,45-54,Single,Middle,Breakfast,Monday,One Town,Bakery
Female,25-34,Widowed,High,Snack,Sunday,Gunadala,South Indian
Other,55-64,Widowed,Middle,Snack,Tuesday,Benz Circle,Fast Food
Female,25-34,Single,Low,Late Night,Wednesday,One Town,Fast Food
Other,25-34,Married,Upper-Middle,Late Night,Tuesday,Auto Nagar,Fast Food
Other,55-64,Divorced,Middle,Snack,Friday,Governorpet,South Indian
Male,18-24,Married,Upper-Middle,Late Night,Monday,Patamata,Continental
Other,55-64,Divorced,Upper-Middle,Breakfast,Tuesday,MG Road,Chinese
Female,55-64,Divorced,Low,Late Night,Friday,Auto Nagar,Biryani
Other,18-24,Married,Upper-Middle,Breakfast,Tuesday,Poranki,Biryani
Female,18-24,Widowed,High,Breakfast,Saturday,Patamata,Continental
Other,55-64,Married,Upper-Middle,Lunch,Friday,MG Road,Chinese
Female,55-64,Married,Middle,Dinner,Wednesday,Benz Circle,Fast Food
Female,55-64,Married,Upper-Middle,Dinner,Saturday,Bhavanipuram,Continental
Female,55-64,Divorced,Middle,Snack,Thursday,Auto Nagar,Street Food
Female,55-64,Divorced,Upper-Middle,Dinner,Monday,Governorpet,Fast Food
Female,35-44,Married,Low,Snack,Sunday,Poranki,Bakery
Other,55-64,Widowed,High,Lunch,Saturday,Gunadala,Biryani
Other,18-24,Widowed,Upper-Middle,Dinner,Monday,Gunadala,South Indian
Male,25-34,Single,Upper-Middle,Breakfast,Sunday,Benz Circle,Fast Food
Other,35-44,Married,High,Lunch,Wednesday,Gunadala,South Indian
Female,55-64,Divorced,Middle,Snack,Saturday,Gunadala,South Indian
Male,25-34,Widowed,High,Dinner,Monday,Governorpet,Biryani
Female,55-64,Single,High,Lunch,Tuesday,Poranki,Biryani
Female,25-34,Divorced,Upper-Middle,Dinner,Monday,Bhavanipuram,Biryani
Female,25-34,Widowed,Upper-Middle,Snack,Sunday,Poranki,Bakery
Male,55-64,Single,High,Breakfast,Saturday,Benz Circle,Fast Food
Female,25-34,Married,Upper-Middle,Snack,Wednesday,Benz Circle,North Indian
Female,18-24,Widowed,Low,Late Night,Wednesday,Poranki,Bakery
Female,45-54,Single,Low,Lunch,Saturday,One Town,Street Food
Other,55-64,Widowed,Upper-Middle,Dinner,Wednesday,Benz Circle,Fast Food
Male,35-44,Married,Low,Snack,Monday,Gunadala,South Indian
Other,45-54,Divorced,High,Breakfast,Sunday,Gunadala,South Indian
Other,18-24,Married,Middle,Dinner,Thursday,Governorpet,South Indian
Other,25-34,Married,Upper-Middle,Late Night,Saturday,Governorpet,South Indian
Male,18-24,Widowed,Upper-Middle,Snack,Monday,Benz Circle,Street Food
Female,55-64,Widowed,Low,Snack,Wednesday,MG Road,Chinese
Female,25-34,Divorced,High,Lunch,Thursday,Gunadala,South Indian
Female,55-64,Divorced,Upper-Middle,Breakfast,Sunday,Gunadala,South Indian
Male,25-34,Divorced,Low,Late Night,Sunday,One Town,Street Food
Other,35-44,Divorced,Low,Late Night,Sunday,Patamata,Continental
Male,35-44,Widowed,Low,Lunch,Wednesday,Gunadala,Biryani
Other,18-24,Widowed,Middle,Breakfast,Wednesday,Patamata,North Indian
Male,55-64,Divorced,Upper-Middle,Lunch,Wednesday,Benz Circle,Bakery
Other,45-54,Widowed,Middle,Lunch,Saturday,Ramachandra Nagar,Biryani
Female,45-54,Divorced,Middle,Lunch,Saturday,Auto Nagar,Biryani
Female,35-44,Single,Low,Lunch,Monday,Bhavanipuram,Biryani
Other,45-54,Married,High,Dinner,Thursday,Patamata,Continental
Male,55-64,Divorced,High,Dinner,Saturday,Poranki,Bakery
Female,55-64,Divorced,Middle,Breakfast,Monday,Governorpet,South Indian
Male,35-44,Married,High,Dinner,Friday,Auto Nagar,Biryani
Male,45-54,Single,Upper-Middle,Late Night,Tuesday,Governorpet,Fast Food
Male,45-54,Single,Middle,Dinner,Monday,Patamata,Biryani
Other,55-64,Widowed,High,Snack,Tuesday,One Town,Street Food
Male,55-64,Married,Upper-Middle,Snack,Monday,Ramachandra Nagar,Street Food
Female,55-64,Married,Upper-Middle,Dinner,Tuesday,Bhavanipuram,Biryani
Female,25-34,Married,High,Snack,Thursday,One Town,Street Food
Male,45-54,Single,Low,Snack,Monday,Gunadala,South Indian
Male,55-64,Married,Upper-Middle,Lunch,Tuesday,MG Road,Chinese
Female,55-64,Divorced,Upper-Middle,Breakfast,Thursday,Benz Circle,Fast Food
Other,45-54,Married,Middle,Dinner,Sunday,Patamata,Continental
Other,18-24,Single,High,Breakfast,Tuesday,Poranki,South Indian
Other,25-34,Married,High,Lunch,Sunday,One Town,Biryani
Other,45-54,Single,Upper-Middle,Dinner,Wednesday,Poranki,Bakery
Male,18-24,Married,Middle,Late Night,Sunday,Patamata,Fast Food
Female,45-54,Widowed,Middle,Dinner,Wednesday,Ramachandra Nagar,North Indian
Other,35-44,Single,Low,Breakfast,Sunday,Gunadala,South Indian
Other,35-44,Divorced,Upper-Middle,Lunch,Monday,Poranki,Biryani
Other,45-54,Married,Middle,Late Night,Monday,Auto Nagar,Biryani
Female,18-24,Widowed,Upper-Middle,Dinner,Sunday,Bhavanipuram,Biryani
Other,18-24,Single,Low,Snack,Sunday,MG Road,Chinese
Female,55-64,Married,Low,Breakfast,Wednesday,MG Road,Chinese
Female,25-34,Widowed,Low,Late Night,Sunday,Benz Circle,Fast Food
Female,18-24,Widowed,Middle,Lunch,Monday,Gunadala,Biryani
Male,55-64,Divorced,Upper-Middle,Dinner,Friday,Governorpet,South Indian
Female,25-34,Widowed,High,Lunch,Wednesday,Gunadala,South Indian
Male,45-54,Married,Middle,Breakfast,Sunday,Governorpet,South Indian
Male,55-64,Single,Low,Snack,Tuesday,Poranki,Bakery
Female,55-64,Single,Upper-Middle,Lunch,Thursday,Governorpet,South Indian
Other,55-64,Married,Middle,Late Night,Thursday,Auto Nagar,Biryani
Other,18-24,Single,Low,Late Night,Saturday,Governorpet,South Indian
Male,25-34,Divorced,Low,Dinner,Friday,Poranki,Bakery
Female,25-34,Married,Upper-Middle,Dinner,Monday,Poranki,Biryani
Male,25-34,Divorced,Upper-Middle,Snack,Tuesday,Patamata,Continental
Other,18-24,Married,Upper-Middle,Dinner,Wednesday,Gunadala,South Indian
Male,45-54,Married,Low,Dinner,Tuesday,Poranki,Bakery
Female,35-44,Married,High,Dinner,Friday,One Town,Street Food
Male,45-54,Single,Middle,Dinner,Saturday,Patamata,Continental
Female,45-54,Divorced,Low,Late Night,Tuesday,Poranki,Bakery
Male,45-54,Widowed,Middle,Dinner,Tuesday,Benz Circle,Biryani
Male,25-34,Married,Low,Breakfast,Sunday,Bhavanipuram,South Indian
Male,55-64,Single,Upper-Middle,Late Night,Friday,Poranki,Bakery
Male,55-64,Married,Middle,Lunch,Tuesday,Patamata,Biryani
Female,45-54,Married,Upper-Middle,Breakfast,Saturday,Auto Nagar,South Indian
Other,55-64,Married,High,Breakfast,Wednesday,One Town,Street Food
Female,55-64,Single,Low,Snack,Thursday,Patamata,Continental
Female,25-34,Widowed,Low,Lunch,Saturday,Patamata,Continental
Other,55-64,Married,Low,Lunch,Wednesday,Poranki,Biryani
Male,45-54,Married,Low,Lunch,Tuesday,Poranki,Bakery
Female,35-44,Divorced,High,Dinner,Thursday,Bhavanipuram,Biryani
Other,25-34,Widowed,Upper-Middle,Lunch,Sunday,Ramachandra Nagar,Biryani
Female,45-54,Divorced,High,Late Night,Tuesday,Poranki,Bakery
Female,55-64,Single,High,Breakfast,Saturday,Auto Nagar,South Indian
Female,35-44,Married,Middle,Snack,Wednesday,Gunadala,South Indian
Male,35-44,Widowed,Middle,Breakfast,Wednesday,Poranki,Bakery
Other,25-34,Widowed,Middle,Breakfast,Thursday,Poranki,Bakery
Male,18-24,Married,Low,Breakfast,Monday,Governorpet,South Indian
Other,25-34,Married,High,Snack,Tuesday,Auto Nagar,Street Food
Female,25-34,Widowed,Upper-Middle,Dinner,Thursday,Gunadala,Biryani
Male,35-44,Widowed,High,Lunch,Wednesday,One Town,Fast Food
Female,45-54,Married,Upper-Middle,Snack,Sunday,Gunadala,Street Food
Other,18-24,Widowed,High,Breakfast,Monday,Bhavanipuram,Biryani
Other,45-54,Single,Low,Lunch,Tuesday,Auto Nagar,Biryani
Male,55-64,Single,Middle,Late Night,Monday,Ramachandra Nagar,North Indian
Female,35-44,Widowed,Middle,Breakfast,Saturday,MG Road,South Indian
Female,18-24,Divorced,Low,Breakfast,Monday,Poranki,Biryani
Male,55-64,Divorced,Upper-Middle,Breakfast,Monday,Benz Circle,South Indian
Female,55-64,Married,Middle,Snack,Sunday,Patamata,Street Food
Female,45-54,Divorced,Upper-Middle,Lunch,Wednesday,Bhavanipuram,Biryani
Other,18-24,Widowed,Middle,Dinner,Sunday,Bhavanipuram,Biryani
Female,18-24,Married,Low,Late Night,Saturday,Ramachandra Nagar,North Indian
Female,45-54,Widowed,Middle,Late Night,Wednesday,Auto Nagar,Bakery
Male,25-34,Married,High,Snack,Tuesday,Benz Circle,Street Food
Male,45-54,Widowed,Low,Late Night,Friday,Patamata,South Indian
Male,18-24,Married,Low,Lunch,Tuesday,Bhavanipuram,Biryani
Male,45-54,Divorced,Low,Dinner,Friday,Auto Nagar,South Indian
Female,25-34,Single,Middle,Snack,Tuesday,Benz Circle,Street Food
Female,35-44,Single,High,Late Night,Sunday,Auto Nagar,Biryani
Male,55-64,Married,Upper-Middle,Lunch,Thursday,Auto Nagar,Biryani
Female,25-34,Married,High,Dinner,Tuesday,MG Road,Chinese
Female,45-54,Married,Upper-Middle,Dinner,Saturday,Ramachandra Nagar,North Indian
Female,45-54,Single,Middle,Dinner,Friday,Governorpet,South Indian
Male,55-64,Married,Low,Lunch,Sunday,Gunadala,Biryani
Male,35-44,Widowed,Middle,Lunch,Monday,Patamata,Continental
Other,55-64,Married,Upper-Middle,Snack,Monday,Gunadala,South Indian
Other,35-44,Widowed,Upper-Middle,Snack,Sunday,Bhavanipuram,Biryani
Other,18-24,Single,Upper-Middle,Breakfast,Wednesday,Auto Nagar,South Indian
Male,45-54,Widowed,Middle,Late Night,Wednesday,One Town,Street Food
Female,45-54,Divorced,Low,Dinner,Saturday,MG Road,Chinese
Male,25-34,Divorced,Low,Late Night,Tuesday,MG Road,Chinese
Female,25-34,Married,Middle,Snack,Friday,Governorpet,South Indian
Other,25-34,Widowed,Middle,Breakfast,Thursday,Governorpet,Chinese
Female,45-54,Widowed,High,Dinner,Monday,Gunadala,South Indian
Male,18-24,Married,Low,Snack,Tuesday,Poranki,Street Food
Other,45-54,Widowed,Low,Dinner,Wednesday,Patamata,Continental
Other,18-24,Married,High,Lunch,Wednesday,Ramachandra Nagar,North Indian
Female,25-34,Divorced,Middle,Lunch,Thursday,Auto Nagar,Biryani
Female,25-34,Married,High,Breakfast,Wednesday,MG Road,Chinese
Female,35-44,Divorced,Upper-Middle,Breakfast,Tuesday,Ramachandra Nagar,North Indian
Female,55-64,Single,Low,Dinner,Sunday,Auto Nagar,Biryani
Female,45-54,Single,High,Dinner,Friday,Auto Nagar,Biryani
Female,55-64,Widowed,Middle,Late Night,Wednesday,Auto Nagar,Biryani
Other,45-54,Single,Upper-Middle,Dinner,Monday,Patamata,Bakery
Female,45-54,Widowed,Upper-Middle,Breakfast,Sunday,Patamata,South Indian
Other,55-64,Single,Middle,Late Night,Sunday,Auto Nagar,Continental
Other,45-54,Single,Low,Dinner,Monday,Patamata,Biryani
Male,55-64,Single,Low,Lunch,Monday,Benz Circle,Fast Food
Female,25-34,Widowed,High,Snack,Wednesday,MG Road,Chinese
Other,25-34,Widowed,Middle,Lunch,Monday,Patamata,North Indian
Male,35-44,Divorced,Upper-Middle,Dinner,Sunday,MG Road,Chinese
Male,18-24,Divorced,Middle,Snack,Thursday,Patamata,Continental
Other,45-54,Married,High,Late Night,Sunday,Poranki,Bakery
Other,18-24,Widowed,High,Late Night,Thursday,One Town,Fast Food
Male,45-54,Widowed,High,Late Night,Sunday,Bhavanipuram,Fast Food
Male,25-34,Divorced,Upper-Middle,Breakfast,Friday,MG Road,Chinese
Female,55-64,Single,High,Dinner,Tuesday,Benz Circle,Fast Food
Female,55-64,Married,High,Late Night,Tuesday,Ramachandra Nagar,Fast Food
Other,55-64,Divorced,Low,Snack,Friday,Auto Nagar,Street Food
Male,18-24,Divorced,Middle,Dinner,Monday,One Town,Biryani
Female,18-24,Single,Middle,Lunch,Monday,Gunadala,South Indian
Female,35-44,Widowed,High,Lunch,Tuesday,Bhavanipuram,Biryani
Female,25-34,Divorced,High,Late Night,Sunday,Poranki,Fast Food
Female,35-44,Divorced,Middle,Breakfast,Wednesday,Bhavanipuram,Street Food
Female,55-64,Divorced,Low,Breakfast,Monday,One Town,South Indian
Male,45-54,Married,Middle,Snack,Tuesday,Ramachandra Nagar,Street Food
Male,45-54,Single,Upper-Middle,Late Night,Sunday,Auto Nagar,Continental
Male,45-54,Single,Low,Snack,Sunday,Auto Nagar,Fast Food
Female,35-44,Married,Upper-Middle,Snack,Saturday,Poranki,Bakery
Other,35-44,Divorced,Middle,Late Night,Wednesday,One Town,Street Food
Male,18-24,Widowed,Middle,Snack,Thursday,One Town,Street Food
Female,35-44,Married,High,Lunch,Friday,Poranki,Bakery
Male,55-64,Divorced,Middle,Snack,Friday,Poranki,Street Food
Female,45-54,Divorced,Middle,Late Night,Saturday,Ramachandra Nagar,North Indian
Male,55-64,Married,Upper-Middle,Lunch,Saturday,Gunadala,Biryani
Other,25-34,Widowed,Middle,Snack,Thursday,Ramachandra Nagar,Street Food
Male,45-54,Widowed,Low,Dinner,Sunday,Ramachandra Nagar,North Indian
Female,55-64,Single,Upper-Middle,Late Night,Friday,Bhavanipuram,Biryani
Male,55-64,Married,Low,Breakfast,Thursday,Patamata,Continental
Other,55-64,Widowed,High,Snack,Monday,Patamata,Continental
Other,18-24,Married,Upper-Middle,Dinner,Saturday,MG Road,Chinese
Female,55-64,Widowed,High,Late Night,Tuesday,MG Road,Chinese
Male,18-24,Single,Middle,Lunch,Saturday,Governorpet,South Indian
Other,25-34,Divorced,Low,Breakfast,Monday,Poranki,Bakery
Female,55-64,Divorced,High,Lunch,Saturday,Patamata,Continental
Male,35-44,Divorced,Upper-Middle,Late Night,Friday,Ramachandra Nagar,North Indian
Female,45-54,Single,Low,Dinner,Friday,One Town,Street Food
Male,45-54,Single,High,Dinner,Thursday,MG Road,Biryani
Female,55-64,Single,Low,Snack,Monday,Auto Nagar,Biryani
Male,35-44,Married,High,Lunch,Saturday,MG Road,Chinese
Other,25-34,Divorced,High,Lunch,Thursday,One Town,Street Food
Male,25-34,Married,Low,Late Night,Friday,Auto Nagar,Fast Food
Male,25-34,Single,Upper-Middle,Late Night,Tuesday,Gunadala,Fast Food
Male,55-64,Widowed,High,Breakfast,Wednesday,Ramachandra Nagar,South Indian
Male,55-64,Single,Upper-Middle,Breakfast,Thursday,Bhavanipuram,Biryani
Male,25-34,Widowed,High,Breakfast,Thursday,Ramachandra Nagar,North Indian
Other,18-24,Single,Upper-Middle,Late Night,Monday,MG Road,Chinese
Male,35-44,Divorced,Middle,Lunch,Saturday,Governorpet,Biryani
Female,35-44,Divorced,High,Snack,Thursday,Patamata,Continental
Female,35-44,Divorced,Middle,Snack,Sunday,Auto Nagar,Biryani
Male,45-54,Married,High,Late Night,Monday,One Town,Continental
Female,45-54,Single,Upper-Middle,Dinner,Saturday,Patamata,Continental
Male,18-24,Divorced,Upper-Middle,Dinner,Saturday,Ramachandra Nagar,North Indian
Male,45-54,Married,Low,Late Night,Thursday,MG Road,Fast Food
Male,55-64,Married,Upper-Middle,Dinner,Friday,Bhavanipuram,Biryani
Other,45-54,Divorced,Middle,Late Night,Saturday,Ramachandra Nagar,Fast Food
Other,35-44,Single,Low,Dinner,Tuesday,MG Road,Chinese
Other,25-34,Divorced,High,Snack,Thursday,Gunadala,Chinese
Male,55-64,Married,Upper-Middle,Snack,Friday,Poranki,Street Food
Male,35-44,Widowed,Low,Late Night,Sunday,Poranki,Bakery
Other,45-54,Single,Middle,Dinner,Sunday,MG Road,Chinese
Male,35-44,Single,Low,Breakfast,Tuesday,Benz Circle,Fast Food
Other,18-24,Widowed,High,Dinner,Wednesday,Poranki,Biryani
Female,18-24,Divorced,High,Lunch,Thursday,Auto Nagar,Biryani
Male,55-64,Widowed,Upper-Middle,Breakfast,Friday,MG Road,Chinese
Other,18-24,Single,Middle,Snack,Sunday,One Town,Street Food
Other,45-54,Widowed,Middle,Lunch,Tuesday,MG Road,Chinese
Female,45-54,Married,Upper-Middle,Breakfast,Thursday,Poranki,Bakery
Male,45-54,Single,Middle,Dinner,Friday,One Town,Street Food
Male,18-24,Divorced,Upper-Middle,Lunch,Tuesday,Ramachandra Nagar,North Indian
Other,55-64,Divorced,Upper-Middle,Dinner,Sunday,Auto Nagar,Biryani
Male,55-64,Married,Upper-Middle,Dinner,Monday,Auto Nagar,Bakery
Female,35-44,Married,Upper-Middle,Snack,Thursday,Patamata,Continental
Male,25-34,Single,High,Breakfast,Monday,Auto Nagar,Biryani
Other,18-24,Married,Upper-Middle,Breakfast,Friday,MG Road,South Indian
Other,45-54,Married,Middle,Lunch,Friday,Auto Nagar,Biryani
Female,25-34,Widowed,High,Breakfast,Sunday,Patamata,Continental
Female,35-44,Widowed,Low,Lunch,Monday,Poranki,Bakery
Female,35-44,Single,High,Dinner,Friday,Auto Nagar,Biryani
Male,25-34,Single,High,Breakfast,Tuesday,Gunadala,South Indian
Female,35-44,Widowed,Middle,Snack,Friday,Bhavanipuram,North Indian
Male,35-44,Single,Middle,Lunch,Friday,Gunadala,South Indian
Female,18-24,Divorced,Upper-Middle,Late Night,Friday,Governorpet,South Indian
Female,25-34,Single,Middle,Late Night,Thursday,Poranki,Bakery
Male,18-24,Widowed,Middle,Snack,Sunday,Auto Nagar,Street Food
Female,25-34,Single,High,Dinner,Tuesday,Ramachandra Nagar,North Indian
Male,45-54,Divorced,Middle,Late Night,Thursday,Governorpet,South Indian
Male,25-34,Single,Low,Breakfast,Wednesday,Poranki,Bakery
Male,35-44,Widowed,Middle,Late Night,Thursday,MG Road,Chinese
Other,35-44,Widowed,Upper-Middle,Snack,Friday,Bhavanipuram,Biryani
Male,35-44,Married,Low,Snack,Thursday,Bhavanipuram,Street Food
Other,18-24,Single,Middle,Lunch,Wednesday,Patamata,Continental
Female,18-24,Married,Upper-Middle,Snack,Saturday,Bhavanipuram,Street Food
Male,35-44,Divorced,Upper-Middle,Late Night,Monday,Gunadala,Fast Food
Male,35-44,Divorced,Low,Dinner,Friday,Patamata,Continental
Male,55-64,Widowed,Low,Late Night,Thursday,Bhavanipuram,North Indian
Female,18-24,Single,Middle,Breakfast,Tuesday,Bhavanipuram,Biryani
Female,35-44,Widowed,Upper-Middle,Snack,Thursday,Bhavanipuram,Biryani
Male,55-64,Married,Upper-Middle,Snack,Wednesday,Patamata,Continental
Male,18-24,Widowed,Upper-Middle,Breakfast,Friday,One Town,Street Food
Other,45-54,Widowed,Middle,Late Night,Monday,Poranki,Fast Food
Male,25-34,Widowed,Middle,Lunch,Thursday,Ramachandra Nagar,North Indian
Female,18-24,Married,Low,Breakfast,Thursday,Governorpet,South Indian
Male,45-54,Widowed,Upper-Middle,Snack,Monday,Gunadala,South Indian
Other,25-34,Single,Low,Late Night,Friday,Gunadala,South Indian
Female,45-54,Single,Middle,Snack,Wednesday,Gunadala,South Indian
Other,45-54,Widowed,Upper-Middle,Breakfast,Sunday,Ramachandra Nagar,North Indian
Other,55-64,Widowed,Low,Breakfast,Monday,Auto Nagar,South Indian
Female,55-64,Married,Middle,Late Night,Wednesday,Bhavanipuram,Biryani
Female,45-54,Widowed,Low,Dinner,Monday,Auto Nagar,Biryani
Other,18-24,Widowed,Low,Lunch,Friday,Benz Circle,Fast Food
Other,35-44,Divorced,Upper-Middle,Snack,Wednesday,Poranki,Street Food
Male,45-54,Single,High,Snack,Tuesday,Benz Circle,Fast Food
Other,35-44,Single,Middle,Lunch,Thursday,Governorpet,South Indian
Other,45-54,Divorced,Middle,Lunch,Wednesday,Bhavanipuram,Biryani
Other,55-64,Single,High,Late Night,Wednesday,MG Road,South Indian
Male,35-44,Single,Upper-Middle,Lunch,Wednesday,Bhavanipuram,Biryani
Other,25-34,Married,Upper-Middle,Lunch,Friday,Patamata,Biryani
Other,18-24,Divorced,Upper-Middle,Dinner,Wednesday,Governorpet,South Indian
Female,45-54,Divorced,Middle,Lunch,Thursday,Auto Nagar,Continental
Female,18-24,Single,High,Late Night,Wednesday,MG Road,Fast Food
Other,18-24,Married,Middle,Snack,Friday,Benz Circle,Fast Food
Male,18-24,Divorced,Upper-Middle,Late Night,Wednesday,One Town,Street Food
Other,45-54,Widowed,Middle,Snack,Friday,Patamata,Continental
Female,45-54,Single,Low,Dinner,Tuesday,Patamata,Fast Food
Female,55-64,Married,Middle,Breakfast,Saturday,MG Road,Chinese
Male,25-34,Single,Upper-Middle,Dinner,Tuesday,Patamata,Continental
Female,35-44,Married,Middle,Snack,Monday,MG Road,South Indian
Female,45-54,Married,Upper-Middle,Late Night,Sunday,Auto Nagar,North Indian
Female,55-64,Single,Low,Late Night,Sunday,MG Road,Fast Food
Male,35-44,Widowed,Middle,Breakfast,Saturday,Benz Circle,South Indian
Female,55-64,Divorced,Low,Dinner,Tuesday,Benz Circle,Fast Food
Male,25-34,Married,Middle,Dinner,Wednesday,Ramachandra Nagar,North Indian
Female,25-34,Widowed,Upper-Middle,Breakfast,Tuesday,One Town,North Indian
Female,25-34,Married,Upper-Middle,Dinner,Wednesday,Benz Circle,Fast Food
Female,35-44,Divorced,Low,Late Night,Friday,One Town,Street Food
Other,55-64,Widowed,Low,Lunch,Saturday,One Town,Street Food
Male,25-34,Divorced,Upper-Middle,Breakfast,Thursday,Bhavanipuram,Biryani
Other,35-44,Married,Upper-Middle,Dinner,Friday,Benz Circle,Fast Food
Other,25-34,Widowed,Upper-Middle,Lunch,Friday,One Town,Street Food
Male,55-64,Widowed,High,Breakfast,Wednesday,Auto Nagar,Biryani
Other,55-64,Married,Low,Snack,Thursday,Governorpet,Street Food
Female,45-54,Single,Middle,Dinner,Sunday,Governorpet,Biryani
Female,25-34,Widowed,Middle,Late Night,Monday,Patamata,Continental
Female,55-64,Widowed,Upper-Middle,Snack,Monday,Auto Nagar,Biryani
Male,55-64,Single,High,Late Night,Friday,Bhavanipuram,Biryani
Male,35-44,Widowed,Middle,Breakfast,Sunday,Governorpet,South Indian
Male,18-24,Married,High,Breakfast,Saturday,Governorpet,South Indian
Other,18-24,Married,High,Late Night,Sunday,MG Road,Fast Food
Female,45-54,Widowed,Upper-Middle,Snack,Saturday,Patamata,Bakery
Male,55-64,Widowed,High,Late Night,Monday,MG Road,Chinese
Female,55-64,Divorced,Upper-Middle,Breakfast,Saturday,Auto Nagar,North Indian
Other,55-64,Divorced,Low,Lunch,Sunday,Benz Circle,Biryani
Other,35-44,Widowed,Low,Lunch,Thursday,Benz Circle,Street Food
Female,25-34,Widowed,Middle,Snack,Thursday,MG Road,Street Food
Other,45-54,Single,Low,Snack,Saturday,MG Road,Chinese
Male,25-34,Single,High,Lunch,Tuesday,Ramachandra Nagar,North Indian
Other,35-44,Divorced,Low,Late Night,Tuesday,Bhavanipuram,Biryani
Male,25-34,Single,Low,Late Night,Wednesday,Ramachandra Nagar,Fast Food
Male,18-24,Widowed,High,Breakfast,Tuesday,Bhavanipuram,Biryani
Other,18-24,Divorced,High,Snack,Saturday,Benz Circle,Fast Food
Female,35-44,Widowed,Upper-Middle,Lunch,Saturday,Bhavanipuram,South Indian
Male,35-44,Widowed,Low,Breakfast,Monday,Gunadala,South Indian
Female,18-24,Divorced,High,Late Night,Monday,MG Road,Chinese
Female,55-64,Divorced,High,Snack,Friday,Patamata,Continental
Other,25-34,Single,Upper-Middle,Dinner,Friday,Ramachandra Nagar,North Indian
Female,35-44,Single,High,Late Night,Monday,MG Road,Chinese
Female,35-44,Single,High,Late Night,Thursday,Gunadala,South Indian
Other,35-44,Married,Middle,Snack,Monday,Poranki,Bakery
Female,35-44,Married,Low,Snack,Thursday,Benz Circle,Fast Food
Female,35-44,Single,Middle,Dinner,Sunday,Ramachandra Nagar,North Indian
Male,35-44,Married,Low,Breakfast,Wednesday,Patamata,Continental
Male,18-24,Married,Upper-Middle,Snack,Monday,Benz Circle,Fast Food
Other,45-54,Married,Upper-Middle,Late Night,Tuesday,Patamata,Continental
Female,18-24,Single,Upper-Middle,Late Night,Thursday,Bhavanipuram,Fast Food
Male,18-24,Married,Upper-Middle,Breakfast,Wednesday,Patamata,Continental
Male,25-34,Widowed,Middle,Breakfast,Saturday,Governorpet,South Indian
Female,25-34,Divorced,Low,Dinner,Saturday,Ramachandra Nagar,Biryani
Male,35-44,Divorced,Upper-Middle,Snack,Tuesday,Gunadala,Fast Food
Other,35-44,Single,High,Late Night,Wednesday,MG Road,Chinese
Male,25-34,Single,High,Lunch,Wednesday,Auto Nagar,Biryani
Female,18-24,Single,Low,Snack,Tuesday,Gunadala,South Indian
Female,35-44,Widowed,High,Snack,Sunday,One Town,Street Food
Female,25-34,Widowed,Middle,Late Night,Friday,Bhavanipuram,Biryani
Male,25-34,Widowed,High,Breakfast,Thursday,Auto Nagar,Bakery
Female,25-34,Single,Low,Dinner,Thursday,Poranki,Bakery
Male,35-44,Widowed,Low,Snack,Thursday,Auto Nagar,Biryani
Female,45-54,Divorced,Low,Breakfast,Monday,Patamata,South Indian
Other,35-44,Single,Low,Snack,Saturday,Patamata,Continental
Female,25-34,Single,Low,Lunch,Thursday,Patamata,Continental
Female,25-34,Single,Low,Snack,Sunday,One Town,Street Food
Other,55-64,Single,High,Lunch,Wednesday,Patamata,Continental
Female,35-44,Married,Low,Snack,Friday,One Town,Street Food
Male,55-64,Widowed,Upper-Middle,Late Night,Sunday,Patamata,Continental
Male,35-44,Divorced,Middle,Lunch,Sunday,Gunadala,South Indian
Female,25-34,Single,Low,Late Night,Thursday,Benz Circle,Fast Food
Female,25-34,Married,Low,Lunch,Tuesday,Poranki,Chinese
Other,25-34,Divorced,Middle,Lunch,Thursday,MG Road,Biryani
Other,35-44,Married,Middle,Late Night,Saturday,Governorpet,South Indian
Other,25-34,Married,High,Late Night,Friday,Poranki,Fast Food
Other,18-24,Married,Upper-Middle,Late Night,Thursday,Poranki,Bakery
Other,55-64,Divorced,Low,Lunch,Sunday,Auto Nagar,Biryani
Female,18-24,Married,Upper-Middle,Snack,Friday,Governorpet,Street Food
Male,25-34,Divorced,Middle,Snack,Saturday,One Town,Street Food
Male,45-54,Single,Middle,Dinner,Monday,Auto Nagar,Bakery
Other,55-64,Widowed,High,Dinner,Saturday,Bhavanipuram,Biryani
Other,35-44,Divorced,Middle,Snack,Sunday,Ramachandra Nagar,Street Food
Other,18-24,Single,Upper-Middle,Snack,Tuesday,Gunadala,South Indian
Other,35-44,Single,Low,Snack,Tuesday,Patamata,Street Food
Male,45-54,Divorced,High,Snack,Monday,One Town,Street Food
Other,25-34,Divorced,Low,Lunch,Saturday,Poranki,Bakery
Male,25-34,Divorced,Low,Lunch,Wednesday,Ramachandra Nagar,North Indian
Female,55-64,Widowed,Upper-Middle,Breakfast,Saturday,Gunadala,South Indian
Male,55-64,Married,High,Snack,Saturday,Governorpet,Street Food
Other,55-64,Divorced,Middle,Snack,Wednesday,Patamata,Continental
Female,25-34,Married,High,Snack,Friday,Gunadala,South Indian
Female,25-34,Divorced,Upper-Middle,Breakfast,Thursday,Bhavanipuram,South Indian
Male,45-54,Married,Middle,Snack,Wednesday,Benz Circle,Street Food
Female,55-64,Widowed,Upper-Middle,Snack,Sunday,Governorpet,South Indian
Male,35-44,Divorced,High,Lunch,Sunday,Poranki,Street Food
Other,55-64,Divorced,Upper-Middle,Late Night,Friday,Benz Circle,Fast Food
Other,25-34,Widowed,Low,Snack,Thursday,One Town,Street Food
Other,55-64,Single,Low,Late Night,Wednesday,Auto Nagar,Biryani
Female,25-34,Divorced,Low,Snack,Thursday,MG Road,Street Food
Male,45-54,Single,Low,Lunch,Monday,Ramachandra Nagar,Biryani
Male,25-34,Married,High,Snack,Friday,One Town,Street Food
Other,45-54,Widowed,Upper-Middle,Snack,Sunday,One Town,Street Food
Female,55-64,Married,Upper-Middle,Snack,Sunday,Benz Circle,Street Food
Female,45-54,Married,Middle,Snack,Saturday,Patamata,Street Food
Male,35-44,Divorced,High,Snack,Friday,Auto Nagar,Biryani
Other,45-54,Single,Upper-Middle,Lunch,Tuesday,Benz Circle,Fast Food
Other,45-54,Widowed,Low,Dinner,Monday,Poranki,Bakery
Other,25-34,Widowed,Upper-Middle,Lunch,Thursday,Gunadala,South Indian
Male,18-24,Single,Middle,Late Night,Tuesday,Poranki,Bakery
Male,25-34,Widowed,High,Dinner,Thursday,Auto Nagar,Biryani
Male,35-44,Widowed,Upper-Middle,Breakfast,Monday,One Town,Street Food
Other,25-34,Widowed,Low,Lunch,Friday,One Town,Street Food
Female,35-44,Widowed,Middle,Breakfast,Sunday,Bhavanipuram,South Indian
Male,35-44,Single,Middle,Snack,Saturday,Patamata,Continental
Female,18-24,Married,Low,Snack,Friday,Gunadala,South Indian
Other,18-24,Widowed,Upper-Middle,Late Night,Saturday,Poranki,Bakery
Female,45-54,Married,Upper-Middle,Snack,Thursday,One Town,Street Food
Female,55-64,Married,Middle,Lunch,Tuesday,Poranki,Continental
Male,18-24,Married,Middle,Breakfast,Friday,Governorpet,South Indian
Female,18-24,Married,High,Dinner,Wednesday,One Town,North Indian
Other,25-34,Single,Low,Breakfast,Saturday,One Town,North Indian
Male,25-34,Widowed,Middle,Lunch,Friday,One Town,Biryani
Other,45-54,Divorced,Low,Breakfast,Thursday,Patamata,South Indian
Male,18-24,Divorced,High,Breakfast,Sunday,Benz Circle,Fast Food
Female,35-44,Married,Middle,Dinner,Saturday,Poranki,Bakery
Other,55-64,Married,High,Lunch,Sunday,Gunadala,Biryani
Male,25-34,Married,Upper-Middle,Late Night,Thursday,MG Road,Chinese
Other,55-64,Widowed,Upper-Middle,Breakfast,Saturday,One Town,South Indian
Other,45-54,Single,Middle,Snack,Tuesday,Patamata,Street Food
Male,25-34,Divorced,Upper-Middle,Dinner,Friday,Benz Circle,Fast Food
Male,45-54,Divorced,Middle,Breakfast,Thursday,Auto Nagar,Continental
Male,55-64,Single,Middle,Breakfast,Saturday,Benz Circle,South Indian
Other,55-64,Widowed,High,Dinner,Saturday,Poranki,Biryani
Female,25-34,Married,Middle,Lunch,Saturday,One Town,Street Food
Female,55-64,Widowed,Upper-Middle,Lunch,Monday,Ramachandra Nagar,North Indian
Other,45-54,Married,Low,Snack,Wednesday,One Town,Street Food
Male,55-64,Married,High,Late Night,Thursday,MG Road,Chinese
Other,35-44,Widowed,High,Late Night,Saturday,Poranki,Bakery
Male,55-64,Single,Upper-Middle,Late Night,Thursday,Benz Circle,Fast Food
Male,25-34,Widowed,Middle,Dinner,Tuesday,MG Road,Chinese
Other,18-24,Married,High,Breakfast,Monday,Ramachandra Nagar,North Indian
Female,55-64,Single,High,Breakfast,Sunday,Patamata,South Indian
Female,45-54,Single,Middle,Snack,Tuesday,Gunadala,Street Food
Other,25-34,Divorced,Middle,Breakfast,Wednesday,Patamata,Fast Food
Male,45-54,Married,Upper-Middle,Lunch,Friday,Ramachandra Nagar,North Indian
Female,55-64,Divorced,Middle,Breakfast,Thursday,Benz Circle,South Indian
Female,25-34,Married,High,Late Night,Wednesday,Gunadala,South Indian
Female,18-24,Divorced,Upper-Middle,Snack,Saturday,Poranki,Bakery
Male,18-24,Widowed,Middle,Dinner,Sunday,Auto Nagar,Biryani
Other,18-24,Single,Middle,Snack,Tuesday,Ramachandra Nagar,Street Food
Female,55-64,Married,Upper-Middle,Dinner,Saturday,Gunadala,Biryani
Other,45-54,Single,Low,Late Night,Friday,One Town,Street Food
Male,18-24,Married,High,Late Night,Saturday,Ramachandra Nagar,Fast Food
Female,55-64,Married,Low,Lunch,Thursday,Patamata,Continental
Male,18-24,Single,Low,Snack,Wednesday,Ramachandra Nagar,North Indian
Female,35-44,Married,Low,Breakfast,Saturday,Benz Circle,Fast Food
Male,35-44,Married,Upper-Middle,Snack,Tuesday,Bhavanipuram,Biryani
Other,25-34,Single,Upper-Middle,Snack,Saturday,MG Road,Bakery
Other,25-34,Widowed,Middle,Dinner,Tuesday,Governorpet,South Indian
Other,25-34,Married,Upper-Middle,Late Night,Saturday,Gunadala,Fast Food
Male,55-64,Single,Low,Dinner,Thursday,One Town,Street Food
Male,18-24,Divorced,Upper-Middle,Dinner,Saturday,Governorpet,South Indian
Other,35-44,Married,Middle,Dinner,Friday,One Town,Street Food
Female,35-44,Single,Upper-Middle,Late Night,Saturday,Governorpet,South Indian
Other,55-64,Single,Middle,Late Night,Monday,Auto Nagar,Fast Food
Male,55-64,Single,Low,Late Night,Sunday,Patamata,Fast Food
Female,45-54,Divorced,Middle,Breakfast,Friday,One Town,Continental
Female,55-64,Married,High,Late Night,Thursday,Auto Nagar,Biryani
Female,55-64,Widowed,High,Dinner,Wednesday,Poranki,Biryani
Male,25-34,Single,Upper-Middle,Lunch,Thursday,Poranki,Biryani
Female,55-64,Single,Low,Late Night,Saturday,Ramachandra Nagar,Fast Food
Other,35-44,Married,Middle,Breakfast,Wednesday,Governorpet,South Indian
Female,18-24,Divorced,Low,Snack,Saturday,Patamata,Street Food
Female,35-44,Divorced,High,Breakfast,Wednesday,MG Road,Bakery
Female,18-24,Widowed,Middle,Breakfast,Wednesday,Governorpet,Fast Food
Female,18-24,Widowed,Low,Late Night,Thursday,Gunadala,South Indian
Other,45-54,Married,Upper-Middle,Snack,Wednesday,Auto Nagar,Street Food
Male,25-34,Married,Upper-Middle,Dinner,Saturday,Auto Nagar,Biryani
Other,55-64,Single,Upper-Middle,Snack,Tuesday,Gunadala,South Indian
Other,18-24,Widowed,Low,Late Night,Wednesday,Benz Circle,Fast Food
Other,55-64,Single,Upper-Middle,Snack,Sunday,Governorpet,South Indian
Male,45-54,Married,Upper-Middle,Dinner,Tuesday,Ramachandra Nagar,North Indian
Other,18-24,Divorced,Low,Snack,Sunday,Bhavanipuram,Street Food
Male,35-44,Divorced,High,Dinner,Wednesday,Poranki,Bakery
Other,35-44,Widowed,High,Dinner,Sunday,MG Road,Chinese
Male,55-64,Married,Middle,Dinner,Saturday,Benz Circle,Fast Food
Female,25-34,Married,Upper-Middle,Snack,Monday,Benz Circle,Fast Food
Female,25-34,Divorced,Upper-Middle,Dinner,Wednesday,Auto Nagar,Biryani
Male,18-24,Widowed,High,Lunch,Sunday,MG Road,Biryani
Female,45-54,Widowed,High,Lunch,Monday,Governorpet,Continental
Male,25-34,Divorced,Low,Snack,Saturday,Poranki,Bakery
Female,18-24,Married,Low,Dinner,Wednesday,Ramachandra Nagar,North Indian
Other,25-34,Divorced,Upper-Middle,Snack,Saturday,Patamata,Continental
Male,35-44,Married,Upper-Middle,Lunch,Sunday,Auto Nagar,Biryani
Female,18-24,Divorced,Low,Breakfast,Wednesday,Bhavanipuram,Continental
Male,45-54,Widowed,Middle,Snack,Tuesday,One Town,Street Food
Male,35-44,Widowed,Low,Snack,Sunday,Poranki,Bakery
Other,55-64,Married,Low,Lunch,Sunday,Ramachandra Nagar,North Indian
Male,35-44,Widowed,Middle,Late Night,Thursday,Patamata,Fast Food
Male,35-44,Widowed,Middle,Breakfast,Friday,MG Road,Chinese
Female,18-24,Divorced,Upper-Middle,Lunch,Wednesday,Ramachandra Nagar,Biryani
Female,25-34,Divorced,Upper-Middle,Breakfast,Monday,Governorpet,South Indian
Female,45-54,Divorced,Low,Breakfast,Thursday,One Town,South Indian
Other,35-44,Divorced,Upper-Middle,Snack,Sunday,Poranki,Street Food
Female,35-44,Widowed,High,Lunch,Sunday,Benz Circle,Fast Food
Male,25-34,Widowed,High,Breakfast,Tuesday,Ramachandra Nagar,South Indian
Male,35-44,Single,Upper-Middle,Snack,Wednesday,Ramachandra Nagar,Street Food
Female,25-34,Married,Low,Lunch,Monday,Governorpet,South Indian
Male,35-44,Divorced,Middle,Dinner,Thursday,Gunadala,South Indian
Male,18-24,Divorced,Middle,Dinner,Sunday,One Town,Street Food
Other,18-24,Single,Upper-Middle,Late Night,Wednesday,Gunadala,South Indian
Female,18-24,Married,Low,Breakfast,Thursday,Poranki,Bakery
Male,25-34,Divorced,Middle,Late Night,Friday,Auto Nagar,Biryani
Male,25-34,Single,Upper-Middle,Snack,Thursday,Gunadala,South Indian
Other,45-54,Widowed,Middle,Lunch,Wednesday,Governorpet,South Indian
Other,35-44,Married,Middle,Snack,Saturday,Patamata,Street Food
Other,18-24,Widowed,High,Breakfast,Saturday,Bhavanipuram,Biryani
Male,25-34,Widowed,Upper-Middle,Snack,Wednesday,Auto Nagar,North Indian
Male,18-24,Married,Upper-Middle,Breakfast,Sunday,Ramachandra Nagar,North Indian
Male,18-24,Widowed,Middle,Dinner,Thursday,Ramachandra Nagar,North Indian
Other,35-44,Widowed,High,Snack,Friday,Poranki,Bakery
Male,25-34,Divorced,High,Late Night,Tuesday,Patamata,Continental
Female,45-54,Widowed,Middle,Late Night,Wednesday,Patamata,Continental
Other,35-44,Widowed,Low,Late Night,Saturday,Governorpet,Fast Food
Male,45-54,Single,Low,Breakfast,Saturday,Auto Nagar,Biryani
Other,18-24,Widowed,Upper-Middle,Late Night,Monday,MG Road,Chinese
Female,18-24,Single,Middle,Snack,Tuesday,Patamata,Continental
Male,35-44,Single,Middle,Breakfast,Saturday,One Town,Street Food
Male,45-54,Widowed,High,Breakfast,Wednesday,One Town,Street Food
Male,25-34,Single,Low,Breakfast,Tuesday,Poranki,Bakery
Other,55-64,Widowed,High,Late Night,Saturday,Gunadala,Fast Food
Other,25-34,Divorced,Upper-Middle,Snack,Saturday,MG Road,Chinese
Male,45-54,Married,Low,Lunch,Monday,Gunadala,South Indian
Male,18-24,Married,High,Late Night,Monday,MG Road,Fast Food
Male,35-44,Divorced,Upper-Middle,Snack,Friday,Patamata,Continental
Male,35-44,Married,High,Snack,Thursday,Benz Circle,Fast Food
Other,25-34,Divorced,Low,Lunch,Monday,MG Road,Chinese
Male,55-64,Single,Upper-Middle,Lunch,Wednesday,Bhavanipuram,Biryani
Female,45-54,Single,Middle,Lunch,Saturday,One Town,Street Food
Female,18-24,Single,Low,Dinner,Thursday,Auto Nagar,Biryani
Male,35-44,Widowed,Low,Snack,Monday,Bhavanipuram,Biryani
Female,55-64,Married,High,Late Night,Sunday,Gunadala,Fast Food
Other,45-54,Divorced,Upper-Middle,Dinner,Tuesday,Benz Circle,Fast Food
Male,18-24,Widowed,Low,Snack,Monday,Poranki,Bakery
Male,45-54,Single,Upper-Middle,Lunch,Saturday,Patamata,Continental
Other,35-44,Married,Middle,Late Night,Tuesday,Auto Nagar,Biryani
Other,25-34,Divorced,Low,Dinner,Tuesday,Auto Nagar,Biryani
Male,55-64,Divorced,Middle,Breakfast,Tuesday,Governorpet,South Indian
Male,25-34,Divorced,Upper-Middle,Dinner,Sunday,Gunadala,Fast Food
Other,55-64,Widowed,Upper-Middle,Snack,Thursday,Bhavanipuram,Biryani
Female,45-54,Single,Upper-Middle,Breakfast,Tuesday,Auto Nagar,Biryani
Other,18-24,Widowed,Upper-Middle,Dinner,Monday,Ramachandra Nagar,North Indian
Male,35-44,Married,Middle,Dinner,Saturday,Ramachandra Nagar,North Indian
Male,55-64,Married,Middle,Lunch,Monday,Ramachandra Nagar,North Indian
Female,25-34,Married,Upper-Middle,Snack,Tuesday,Auto Nagar,Bakery
Female,55-64,Widowed,High,Dinner,Tuesday,Governorpet,South Indian
Female,55-64,Single,Low,Lunch,Monday,Governorpet,South Indian
Other,25-34,Single,Upper-Middle,Late Night,Tuesday,Auto Nagar,Fast Food
Male,25-34,Divorced,Middle,Late Night,Sunday,One Town,Street Food
Male,45-54,Single,Low,Snack,Sunday,Ramachandra Nagar,North Indian
Female,25-34,Married,Middle,Lunch,Thursday,MG Road,Chinese
Male,35-44,Widowed,Upper-Middle,Breakfast,Tuesday,One Town,Street Food
Other,55-64,Married,High,Breakfast,Sunday,Ramachandra Nagar,North Indian
Female,55-64,Single,Upper-Middle,Lunch,Thursday,One Town,Street Food
Female,25-34,Single,Low,Breakfast,Sunday,Benz Circle,Fast Food
Other,25-34,Widowed,Middle,Lunch,Friday,Patamata,Continental
Female,18-24,Widowed,Low,Lunch,Tuesday,One Town,Street Food
Male,35-44,Married,Upper-Middle,Breakfast,Thursday,Patamata,South Indian
Female,45-54,Divorced,Middle,Dinner,Sunday,Gunadala,South Indian
Female,25-34,Divorced,Upper-Middle,Late Night,Sunday,One Town,Street Food
Female,55-64,Single,Middle,Late Night,Wednesday,MG Road,Chinese
Male,45-54,Married,Upper-Middle,Breakfast,Sunday,Benz Circle,South Indian
Other,18-24,Widowed,Low,Late Night,Wednesday,Auto Nagar,Bakery
Female,55-64,Widowed,Middle,Breakfast,Sunday,Ramachandra Nagar,North Indian
Other,35-44,Widowed,Low,Dinner,Sunday,Patamata,Continental
Female,35-44,Single,Upper-Middle,Lunch,Wednesday,Ramachandra Nagar,North Indian
Female,45-54,Single,Middle,Breakfast,Sunday,Poranki,Bakery
Other,35-44,Married,High,Snack,Tuesday,One Town,Street Food
Female,18-24,Married,High,Dinner,Friday,One Town,Street Food
Female,45-54,Single,High,Late Night,Friday,Poranki,Fast Food
Male,45-54,Widowed,Middle,Breakfast,Saturday,Ramachandra Nagar,South Indian
Other,25-34,Single,Middle,Dinner,Friday,Ramachandra Nagar,Biryani
Other,55-64,Divorced,Middle,Dinner,Wednesday,Auto Nagar,Biryani
Other,25-34,Widowed,Middle,Dinner,Monday,Governorpet,South Indian
Female,45-54,Married,Low,Breakfast,Wednesday,Ramachandra Nagar,North Indian
Male,18-24,Single,Middle,Breakfast,Sunday,Gunadala,South Indian
Other,35-44,Single,Upper-Middle,Snack,Thursday,Ramachandra Nagar,North Indian
Male,35-44,Single,Middle,Snack,Thursday,Poranki,Bakery
Other,45-54,Married,Low,Lunch,Tuesday,Gunadala,Fast Food
Male,25-34,Divorced,Upper-Middle,Lunch,Tuesday,Patamata,Continental
Other,25-34,Married,Upper-Middle,Dinner,Monday,Patamata,Continental
Other,55-64,Single,High,Lunch,Tuesday,Bhavanipuram,Biryani
Female,25-34,Married,Low,Breakfast,Thursday,Ramachandra Nagar,Bakery
Female,35-44,Widowed,Upper-Middle,Snack,Monday,Poranki,Bakery
Male,45-54,Widowed,Low,Dinner,Wednesday,Gunadala,Biryani
Female,18-24,Single,High,Late Night,Sunday,Bhavanipuram,Fast Food
Female,35-44,Widowed,High,Breakfast,Saturday,Benz Circle,South Indian
Other,25-34,Divorced,Low,Snack,Saturday,Auto Nagar,Biryani
Male,45-54,Widowed,Low,Snack,Sunday,Poranki,North Indian
Female,45-54,Single,High,Late Night,Wednesday,Patamata,Continental
Male,25-34,Widowed,Middle,Lunch,Thursday,Auto Nagar,Biryani
Female,18-24,Single,Low,Dinner,Thursday,Ramachandra Nagar,North Indian
Female,45-54,Divorced,Low,Lunch,Tuesday,Ramachandra Nagar,North Indian
Male,18-24,Married,Middle,Lunch,Sunday,Benz Circle,Fast Food
Other,35-44,Single,Middle,Dinner,Wednesday,Auto Nagar,Biryani
Female,25-34,Single,Middle,Late Night,Wednesday,Ramachandra Nagar,North Indian
Male,25-34,Divorced,Low,Breakfast,Friday,Poranki,Bakery
Male,45-54,Single,Low,Snack,Friday,Bhavanipuram,Street Food
Other,18-24,Married,High,Breakfast,Wednesday,MG Road,Chinese
Female,45-54,Divorced,Middle,Snack,Wednesday,One Town,Street Food
Male,45-54,Married,High,Dinner,Monday,One Town,Street Food
Male,25-34,Married,High,Lunch,Thursday,Patamata,Continental
Female,55-64,Divorced,Upper-Middle,Dinner,Thursday,Patamata,Continental
Other,35-44,Divorced,Middle,Dinner,Sunday,Poranki,Biryani
Other,45-54,Widowed,Middle,Dinner,Wednesday,Bhavanipuram,Biryani
Male,35-44,Married,Low,Breakfast,Monday,One Town,Street Food
Male,55-64,Married,High,Snack,Thursday,Ramachandra Nagar,North Indian
Female,55-64,Widowed,High,Snack,Monday,Governorpet,South Indian
Other,45-54,Married,Upper-Middle,Dinner,Saturday,Benz Circle,Fast Food
Male,25-34,Single,Low,Lunch,Wednesday,Auto Nagar,Street Food
Other,25-34,Divorced,Upper-Middle,Breakfast,Saturday,Gunadala,South Indian
Other,25-34,Single,Middle,Late Night,Sunday,Poranki,Biryani
Other,18-24,Married,Middle,Late Night,Monday,Benz Circle,Street Food
Male,18-24,Married,High,Lunch,Wednesday,Bhavanipuram,Biryani
Male,45-54,Married,Upper-Middle,Late Night,Monday,Auto Nagar,Fast Food
Male,35-44,Married,High,Snack,Wednesday,Auto Nagar,Street Food
Other,35-44,Single,Upper-Middle,Late Night,Saturday,One Town,Street Food
Female,35-44,Single,Upper-Middle,Late Night,Saturday,Bhavanipuram,Biryani
Other,18-24,Divorced,Middle,Snack,Monday,Patamata,Continental
Other,25-34,Divorced,Upper-Middle,Dinner,Saturday,Poranki,Bakery
Other,18-24,Married,Low,Breakfast,Sunday,MG Road,Chinese
Female,45-54,Married,Upper-Middle,Lunch,Sunday,MG Road,Biryani
Other,25-34,Single,Low,Breakfast,Wednesday,Governorpet,South Indian
Male,45-54,Single,High,Late Night,Saturday,Gunadala,Fast Food
Other,45-54,Married,Middle,Snack,Tuesday,Governorpet,Bakery
Female,55-64,Widowed,Middle,Snack,Thursday,Gunadala,South Indian
Male,25-34,Married,High,Dinner,Tuesday,Auto Nagar,Biryani
Male,18-24,Divorced,Low,Dinner,Saturday,Ramachandra Nagar,North Indian
Female,35-44,Widowed,Middle,Lunch,Friday,Bhavanipuram,Biryani
Other,55-64,Single,Low,Snack,Sunday,Bhavanipuram,Continental
Female,45-54,Married,Upper-Middle,Late Night,Friday,Gunadala,South Indian
Female,35-44,Widowed,High,Dinner,Friday,Ramachandra Nagar,Biryani
Other,35-44,Married,Upper-Middle,Breakfast,Sunday,MG Road,Chinese
Other,35-44,Single,Middle,Late Night,Tuesday,Auto Nagar,Fast Food
Male,35-44,Widowed,Upper-Middle,Snack,Wednesday,Auto Nagar,Biryani
Male,45-54,Married,Middle,Late Night,Thursday,Patamata,Continental
Other,25-34,Widowed,Low,Breakfast,Monday,Auto Nagar,Biryani
Male,25-34,Single,Low,Lunch,Friday,Patamata,Continental
Other,25-34,Widowed,High,Lunch,Friday,Benz Circle,Biryani
Female,35-44,Married,High,Late Night,Friday,Bhavanipuram,Biryani
Male,45-54,Single,Middle,Breakfast,Sunday,Governorpet,Chinese
Other,45-54,Married,High,Late Night,Friday,Benz Circle,Fast Food
Female,35-44,Married,High,Dinner,Thursday,Gunadala,South Indian
Other,25-34,Widowed,High,Lunch,Sunday,Benz Circle,Fast Food
Male,45-54,Divorced,Upper-Middle,Late Night,Tuesday,Gunadala,South Indian
Female,25-34,Married,High,Lunch,Tuesday,Poranki,Bakery
Female,45-54,Widowed,High,Lunch,Friday,Patamata,Biryani
Female,18-24,Single,High,Breakfast,Friday,Poranki,Biryani
Other,25-34,Divorced,Upper-Middle,Breakfast,Saturday,Poranki,Bakery
Other,55-64,Single,Upper-Middle,Lunch,Monday,MG Road,Fast Food
Female,35-44,Widowed,Middle,Late Night,Friday,Gunadala,South Indian
Female,25-34,Divorced,Upper-Middle,Lunch,Thursday,Patamata,Biryani
Male,45-54,Divorced,Middle,Late Night,Sunday,MG Road,Chinese
Female,45-54,Divorced,High,Dinner,Tuesday,MG Road,Biryani
Male,55-64,Single,Middle,Dinner,Wednesday,One Town,Fast Food
Male,18-24,Divorced,Upper-Middle,Breakfast,Saturday,Patamata,Continental
Other,45-54,Married,Middle,Late Night,Monday,Poranki,Bakery
Male,55-64,Single,Upper-Middle,Breakfast,Friday,Poranki,South Indian
Female,45-54,Married,Upper-Middle,Breakfast,Wednesday,Gunadala,South Indian
Female,45-54,Married,Middle,Late Night,Tuesday,Ramachandra Nagar,North Indian
Other,55-64,Single,High,Breakfast,Monday,Governorpet,South Indian
Female,35-44,Married,Middle,Late Night,Tuesday,Patamata,Continental
Female,55-64,Married,Middle,Snack,Friday,Gunadala,South Indian
Male,55-64,Widowed,Middle,Snack,Monday,Bhavanipuram,Biryani
Male,45-54,Widowed,High,Breakfast,Monday,Poranki,Bakery
Female,35-44,Widowed,Middle,Dinner,Friday,Governorpet,South Indian
Other,25-34,Divorced,Upper-Middle,Lunch,Tuesday,Gunadala,Biryani
Female,25-34,Divorced,Low,Breakfast,Sunday,Auto Nagar,Biryani
Other,35-44,Single,High,Late Night,Saturday,Gunadala,South Indian
Other,35-44,Single,Upper-Middle,Snack,Wednesday,Benz Circle,Street Food
Male,35-44,Divorced,Middle,Breakfast,Sunday,One Town,South Indian
Female,18-24,Divorced,High,Late Night,Friday,MG Road,Chinese
Male,25-34,Married,Low,Breakfast,Friday,Poranki,Bakery
Male,45-54,Single,High,Dinner,Thursday,Governorpet,Biryani
Male,35-44,Widowed,Upper-Middle,Dinner,Sunday,Auto Nagar,Biryani
Male,18-24,Single,High,Late Night,Saturday,MG Road,Chinese
Other,35-44,Single,Low,Snack,Wednesday,Benz Circle,Fast Food
Female,45-54,Married,Upper-Middle,Late Night,Monday,One Town,Street Food
Other,25-34,Widowed,Middle,Late Night,Friday,Benz Circle,Fast Food
Other,35-44,Divorced,Upper-Middle,Dinner,Saturday,One Town,Chinese
Male,25-34,Divorced,Middle,Lunch,Saturday,Patamata,Continental
Female,35-44,Married,Low,Lunch,Saturday,One Town,Biryani
Female,45-54,Single,High,Lunch,Sunday,One Town,Street Food
Female,35-44,Divorced,High,Dinner,Monday,MG Road,Chinese
Female,25-34,Single,High,Late Night,Monday,Patamata,Continental
Male,35-44,Married,High,Late Night,Saturday,Governorpet,Fast Food
Male,25-34,Divorced,High,Late Night,Saturday,Bhavanipuram,Fast Food
Other,55-64,Divorced,High,Snack,Monday,Gunadala,South Indian
Female,35-44,Married,Middle,Breakfast,Friday,Gunadala,South Indian
Other,45-54,Married,Middle,Snack,Saturday,One Town,Street Food
Female,55-64,Divorced,Upper-Middle,Lunch,Monday,Patamata,Continental
Other,55-64,Married,Low,Breakfast,Monday,Auto Nagar,Biryani
Male,25-34,Widowed,High,Snack,Sunday,Bhavanipuram,Biryani
Male,45-54,Widowed,High,Snack,Monday,Bhavanipuram,Biryani
Female,45-54,Single,Low,Dinner,Monday,Poranki,Bakery
Female,25-34,Married,Middle,Late Night,Friday,Gunadala,South Indian
Other,25-34,Widowed,Middle,Breakfast,Friday,Gunadala,South Indian
Other,45-54,Widowed,Low,Lunch,Tuesday,Bhavanipuram,Biryani
Male,45-54,Widowed,High,Dinner,Saturday,Patamata,Continental
Other,55-64,Divorced,Middle,Dinner,Wednesday,Ramachandra Nagar,North Indian
Female,35-44,Married,Middle,Breakfast,Thursday,Poranki,Bakery
Male,25-34,Single,Upper-Middle,Lunch,Tuesday,Benz Circle,Fast Food
Other,35-44,Widowed,High,Dinner,Wednesday,Poranki,Biryani
Male,35-44,Divorced,Low,Breakfast,Friday,Governorpet,South Indian
Female,45-54,Married,High,Snack,Saturday,Governorpet,South Indian
Other,18-24,Single,Middle,Lunch,Sunday,Benz Circle,Fast Food
Other,45-54,Divorced,Upper-Middle,Snack,Monday,Gunadala,South Indian
Male,55-64,Divorced,Middle,Breakfast,Monday,Bhavanipuram,Biryani
Female,35-44,Widowed,Middle,Breakfast,Thursday,Gunadala,South Indian
Female,45-54,Divorced,Low,Dinner,Friday,Patamata,Continental
Female,35-44,Married,High,Dinner,Tuesday,One Town,Street Food
Other,35-44,Divorced,Low,Snack,Sunday,Bhavanipuram,Street Food
Female,25-34,Divorced,Upper-Middle,Breakfast,Wednesday,Gunadala,South Indian
Male,55-64,Single,Middle,Late Night,Tuesday,Governorpet,Biryani
Other,35-44,Divorced,Middle,Snack,Tuesday,One Town,Street Food
Male,55-64,Widowed,Low,Lunch,Tuesday,Gunadala,South Indian
Male,25-34,Married,Low,Dinner,Monday,Gunadala,South Indian
Other,18-24,Single,Low,Dinner,Saturday,Poranki,Bakery
Male,35-44,Divorced,Middle,Lunch,Friday,Governorpet,South Indian
Other,55-64,Widowed,Upper-Middle,Breakfast,Sunday,Bhavanipuram,South Indian
Female,45-54,Single,Upper-Middle,Snack,Wednesday,Ramachandra Nagar,North Indian
Female,45-54,Single,Low,Late Night,Thursday,Bhavanipuram,Biryani
Female,35-44,Divorced,High,Late Night,Tuesday,One Town,Street Food
Male,55-64,Married,Upper-Middle,Snack,Thursday,Benz Circle,Fast Food
Other,45-54,Divorced,High,Dinner,Tuesday,Gunadala,South Indian
Female,18-24,Single,Upper-Middle,Breakfast,Tuesday,Auto Nagar,Biryani
Female,55-64,Married,Low,Snack,Monday,Benz Circle,Fast Food
Other,55-64,Single,Upper-Middle,Breakfast,Sunday,Ramachandra Nagar,North Indian
Other,45-54,Widowed,Middle,Lunch,Monday,Benz Circle,Fast Food
Female,45-54,Single,Middle,Dinner,Friday,Patamata,Continental
Other,35-44,Widowed,High,Breakfast,Sunday,Benz Circle,South Indian
Other,25-34,Single,Upper-Middle,Lunch,Wednesday,MG Road,Biryani
Other,45-54,Divorced,Middle,Snack,Saturday,MG Road,Chinese
Male,18-24,Married,Low,Lunch,Friday,Bhavanipuram,North Indian
Other,25-34,Widowed,Low,Dinner,Thursday,Gunadala,Biryani
Female,25-34,Single,Low,Breakfast,Monday,Bhavanipuram,Biryani
Male,35-44,Divorced,Middle,Snack,Thursday,Benz Circle,Street Food
Other,55-64,Married,Low,Snack,Monday,Gunadala,South Indian
Other,35-44,Widowed,High,Lunch,Tuesday,Governorpet,Biryani
Male,45-54,Divorced,Upper-Middle,Late Night,Tuesday,Auto Nagar,Biryani
Female,35-44,Single,High,Late Night,Sunday,Poranki,Fast Food
Female,18-24,Widowed,Upper-Middle,Breakfast,Friday,Benz Circle,South Indian
Male,25-34,Divorced,Low,Late Night,Wednesday,Benz Circle,Fast Food
Female,45-54,Married,Middle,Breakfast,Friday,Patamata,Continental
Female,55-64,Single,Upper-Middle,Breakfast,Tuesday,Auto Nagar,Biryani
Female,35-44,Divorced,Middle,Breakfast,Friday,Bhavanipuram,South Indian
Female,25-34,Single,Upper-Middle,Dinner,Thursday,Ramachandra Nagar,North Indian
Other,55-64,Divorced,High,Lunch,Thursday,Benz Circle,Fast Food
Other,25-34,Single,High,Snack,Wednesday,Ramachandra Nagar,North Indian
Other,18-24,Divorced,Upper-Middle,Dinner,Friday,Benz Circle,Biryani
Male,25-34,Single,Middle,Breakfast,Saturday,Bhavanipuram,Biryani
Male,18-24,Single,Low,Breakfast,Wednesday,Poranki,Bakery
Other,18-24,Widowed,High,Late Night,Saturday,Poranki,Bakery
Other,55-64,Married,High,Lunch,Tuesday,Poranki,Fast Food
Female,18-24,Divorced,Low,Snack,Friday,Ramachandra Nagar,North Indian
Female,18-24,Married,Low,Dinner,Sunday,Benz Circle,Biryani
Female,25-34,Divorced,Upper-Middle,Snack,Wednesday,Ramachandra Nagar,Street Food
Male,55-64,Married,Low,Breakfast,Saturday,Gunadala,South Indian
Female,55-64,Married,High,Breakfast,Friday,Gunadala,South Indian
Other,25-34,Divorced,High,Dinner,Monday,One Town,Biryani
Male,35-44,Widowed,Upper-Middle,Late Night,Tuesday,Governorpet,South Indian
Male,55-64,Divorced,Low,Snack,Thursday,Ramachandra Nagar,Bakery
Male,18-24,Married,High,Snack,Saturday,Bhavanipuram,Biryani
Female,45-54,Divorced,Low,Late Night,Sunday,Ramachandra Nagar,North Indian
Female,55-64,Married,Middle,Snack,Monday,MG Road,Street Food
Other,35-44,Widowed,Low,Lunch,Tuesday,Gunadala,South Indian
Male,55-64,Single,Middle,Late Night,Wednesday,Ramachandra Nagar,North Indian
Female,35-44,Married,Upper-Middle,Lunch,Saturday,Governorpet,South Indian
Other,18-24,Widowed,Middle,Lunch,Monday,Bhavanipuram,Biryani
Female,45-54,Divorced,High,Snack,Monday,Ramachandra Nagar,Street Food
Female,35-44,Single,Middle,Breakfast,Tuesday,Patamata,Continental
Male,55-64,Single,Low,Dinner,Friday,Poranki,Bakery
Male,45-54,Single,Middle,Dinner,Saturday,Governorpet,South Indian
Other,35-44,Married,Upper-Middle,Breakfast,Saturday,Benz Circle,Fast Food
Male,18-24,Married,Low,Breakfast,Friday,Auto Nagar,Biryani
Male,18-24,Married,High,Dinner,Saturday,One Town,Biryani
Female,25-34,Married,High,Late Night,Thursday,Governorpet,South Indian
Male,25-34,Single,Upper-Middle,Snack,Thursday,Bhavanipuram,Biryani
Male,18-24,Married,Middle,Late Night,Sunday,Bhavanipuram,Biryani
Male,55-64,Widowed,Middle,Lunch,Wednesday,Gunadala,Biryani
Female,45-54,Married,High,Snack,Friday,Governorpet,Street Food
Other,25-34,Widowed,High,Snack,Tuesday,MG Road,Chinese
Other,25-34,Single,Middle,Dinner,Tuesday,Poranki,Bakery
Other,35-44,Widowed,Middle,Snack,Friday,Auto Nagar,Street Food
Other,55-64,Single,Upper-Middle,Dinner,Wednesday,MG Road,Chinese
Other,45-54,Divorced,Upper-Middle,Lunch,Monday,Poranki,Biryani
Other,45-54,Married,High,Snack,Friday,MG Road,Street Food
Male,55-64,Single,Low,Late Night,Saturday,Governorpet,Fast Food
Female,45-54,Single,Middle,Dinner,Tuesday,Auto Nagar,Biryani
Male,18-24,Married,Middle,Late Night,Saturday,One Town,Street Food
Female,35-44,Married,Low,Snack,Sunday,Patamata,Continental
Other,55-64,Widowed,High,Dinner,Sunday,Ramachandra Nagar,Biryani
Female,45-54,Widowed,Low,Breakfast,Tuesday,Bhavanipuram,Biryani
Other,45-54,Single,High,Dinner,Wednesday,Governorpet,South Indian
Male,25-34,Widowed,Upper-Middle,Dinner,Saturday,One Town,Street Food
Male,45-54,Married,Middle,Snack,Thursday,One Town,Street Food
Other,35-44,Married,High,Late Night,Monday,Benz Circle,Fast Food
Other,45-54,Married,Low,Snack,Saturday,Patamata,Continental
Other,45-54,Divorced,High,Dinner,Friday,Gunadala,South Indian
Male,55-64,Married,Low,Breakfast,Saturday,Auto Nagar,Biryani
Female,25-34,Divorced,Upper-Middle,Snack,Tuesday,Benz Circle,Street Food
Other,45-54,Divorced,Low,Late Night,Wednesday,Bhavanipuram,Biryani
Male,25-34,Single,Middle,Snack,Monday,One Town,Street Food
Male,35-44,Single,Upper-Middle,Lunch,Tuesday,One Town,Street Food
Other,25-34,Single,Low,Snack,Sunday,Poranki,Bakery
Male,55-64,Widowed,Middle,Snack,Saturday,MG Road,Chinese
Other,35-44,Widowed,High,Lunch,Saturday,MG Road,Chinese
Other,25-34,Divorced,Middle,Breakfast,Friday,Gunadala,South Indian
Male,35-44,Married,Low,Breakfast,Thursday,Ramachandra Nagar,North Indian
Other,18-24,Single,High,Late Night,Thursday,Governorpet,South Indian
Female,35-44,Single,Upper-Middle,Late Night,Saturday,Auto Nagar,Fast Food
Male,35-44,Single,High,Breakfast,Saturday,Gunadala,South Indian
Male,25-34,Widowed,Middle,Late Night,Wednesday,One Town,Street Food
Male,25-34,Married,Upper-Middle,Late Night,Friday,Gunadala,Fast Food
Female,45-54,Widowed,High,Dinner,Monday,Patamata,Continental
Other,55-64,Widowed,Low,Snack,Saturday,Governorpet,South Indian
Other,35-44,Single,Low,Lunch,Wednesday,Governorpet,Biryani
Other,25-34,Single,Upper-Middle,Lunch,Thursday,MG Road,Chinese
Female,55-64,Married,Middle,Late Night,Friday,Governorpet,South Indian
Male,18-24,Widowed,Low,Late Night,Saturday,Bhavanipuram,Fast Food
Other,25-34,Widowed,Middle,Snack,Saturday,Patamata,Street Food
Female,55-64,Divorced,High,Snack,Monday,Auto Nagar,Continental
Female,45-54,Single,High,Snack,Sunday,Governorpet,South Indian
Other,25-34,Married,Middle,Lunch,Sunday,Benz Circle,Fast Food
Other,45-54,Married,High,Lunch,Saturday,Ramachandra Nagar,North Indian
Other,25-34,Single,Low,Late Night,Thursday,Patamata,Continental
Female,45-54,Divorced,Upper-Middle,Dinner,Saturday,Gunadala,South Indian
Other,18-24,Single,Low,Snack,Saturday,Ramachandra Nagar,Bakery
Female,25-34,Married,Middle,Lunch,Friday,Governorpet,South Indian
Other,45-54,Married,Middle,Snack,Saturday,Poranki,Bakery
Other,25-34,Divorced,Upper-Middle,Breakfast,Thursday,Bhavanipuram,South Indian
Male,45-54,Divorced,High,Late Night,Sunday,Auto Nagar,Biryani
Male,18-24,Married,Low,Dinner,Wednesday,Bhavanipuram,Biryani
Male,18-24,Single,Low,Breakfast,Thursday,Bhavanipuram,Biryani
Female,55-64,Single,High,Dinner,Monday,Poranki,Bakery
Male,55-64,Divorced,High,Breakfast,Monday,Governorpet,South Indian
Male,55-64,Married,Low,Snack,Tuesday,MG Road,Chinese
Other,35-44,Widowed,Upper-Middle,Late Night,Saturday,Benz Circle,Fast Food
Female,25-34,Widowed,Middle,Snack,Tuesday,Ramachandra Nagar,Street Food
Female,25-34,Single,Upper-Middle,Lunch,Thursday,Poranki,Bakery
Male,35-44,Widowed,Low,Breakfast,Wednesday,Bhavanipuram,South Indian
Female,55-64,Widowed,Low,Snack,Sunday,Bhavanipuram,Biryani
Female,35-44,Married,Upper-Middle,Dinner,Wednesday,Auto Nagar,Biryani
Male,35-44,Married,Upper-Middle,Breakfast,Saturday,One Town,Street Food
Male,55-64,Married,Middle,Lunch,Sunday,Patamata,Biryani
Other,18-24,Widowed,Low,Dinner,Saturday,Patamata,Biryani
Male,55-64,Divorced,Low,Dinner,Saturday,MG Road,Biryani
Female,18-24,Married,Low,Late Night,Wednesday,Gunadala,South Indian
Female,18-24,Widowed,High,Breakfast,Friday,One Town,Street Food
Other,18-24,Married,Upper-Middle,Lunch,Tuesday,Benz Circle,Fast Food
Male,35-44,Divorced,Low,Late Night,Sunday,Auto Nagar,Biryani
Other,45-54,Widowed,High,Lunch,Friday,Benz Circle,Fast Food
Other,25-34,Divorced,Low,Late Night,Sunday,One Town,North Indian
Female,25-34,Married,Low,Snack,Thursday,Governorpet,South Indian
Other,18-24,Divorced,High,Lunch,Wednesday,Patamata,Biryani
Other,45-54,Widowed,Upper-Middle,Breakfast,Sunday,One Town,South Indian
Other,18-24,Divorced,Upper-Middle,Lunch,Saturday,Bhavanipuram,Biryani
Male,25-34,Married,Upper-Middle,Snack,Saturday,Patamata,Street Food
Male,18-24,Divorced,High,Late Night,Monday,MG Road,Fast Food
Other,18-24,Widowed,Middle,Snack,Tuesday,Poranki,Bakery
Female,35-44,Widowed,Middle,Lunch,Saturday,Bhavanipuram,Biryani
Female,18-24,Divorced,Upper-Middle,Breakfast,Thursday,Governorpet,South Indian
Female,45-54,Widowed,Upper-Middle,Dinner,Friday,Poranki,Biryani
Male,45-54,Divorced,Low,Snack,Saturday,Governorpet,Street Food
Male,18-24,Single,Upper-Middle,Lunch,Monday,Poranki,Bakery
Female,18-24,Widowed,High,Dinner,Thursday,One Town,Street Food
Other,45-54,Divorced,Low,Late Night,Thursday,Ramachandra Nagar,North Indian
Male,25-34,Single,Low,Lunch,Sunday,Auto Nagar,Biryani
Male,35-44,Widowed,Middle,Lunch,Sunday,Auto Nagar,Continental
Other,35-44,Married,Low,Dinner,Wednesday,Patamata,Biryani
Other,55-64,Widowed,High,Breakfast,Saturday,Governorpet,South Indian
Female,45-54,Widowed,Middle,Dinner,Monday,Governorpet,South Indian
Other,18-24,Married,Middle,Late Night,Friday,MG Road,Chinese
Male,45-54,Married,Middle,Breakfast,Friday,Auto Nagar,Biryani
Female,55-64,Married,Middle,Late Night,Sunday,Auto Nagar,Bakery
Female,35-44,Single,Low,Breakfast,Saturday,Benz Circle,South Indian
Other,45-54,Widowed,Upper-Middle,Breakfast,Thursday,Auto Nagar,Biryani
Female,35-44,Widowed,Upper-Middle,Breakfast,Tuesday,Bhavanipuram,Biryani
Male,35-44,Divorced,Low,Breakfast,Friday,Gunadala,South Indian
Female,45-54,Single,Upper-Middle,Snack,Friday,Patamata,Continental
Male,35-44,Widowed,Upper-Middle,Breakfast,Saturday,Bhavanipuram,Biryani
Other,35-44,Single,Low,Snack,Wednesday,MG Road,Street Food
Male,35-44,Widowed,Middle,Breakfast,Tuesday,MG Road,Chinese
Male,45-54,Widowed,High,Breakfast,Tuesday,Governorpet,South Indian
Female,45-54,Divorced,Middle,Snack,Saturday,Benz Circle,Fast Food
Male,25-34,Married,Middle,Breakfast,Saturday,Gunadala,South Indian
Female,18-24,Widowed,Low,Snack,Saturday,Auto Nagar,Biryani
Female,35-44,Divorced,Middle,Lunch,Saturday,Auto Nagar,Biryani
Other,25-34,Married,Low,Lunch,Monday,MG Road,Biryani
Male,25-34,Divorced,Upper-Middle,Dinner,Wednesday,Poranki,Bakery
Other,55-64,Divorced,Upper-Middle,Late Night,Saturday,Gunadala,Fast Food
Other,18-24,Widowed,Middle,Lunch,Sunday,Patamata,Biryani
Other,45-54,Widowed,Upper-Middle,Dinner,Tuesday,Patamata,Continental
Other,45-54,Married,Low,Late Night,Tuesday,Ramachandra Nagar,North Indian
Other,25-34,Widowed,Upper-Middle,Dinner,Wednesday,Patamata,Continental
Other,35-44,Widowed,Middle,Snack,Friday,Ramachandra Nagar,Street Food
Other,55-64,Widowed,High,Lunch,Monday,Patamata,Bakery
Other,25-34,Widowed,High,Breakfast,Thursday,Governorpet,South Indian
Male,55-64,Divorced,Middle,Lunch,Saturday,Governorpet,South Indian
Other,45-54,Married,Low,Late Night,Wednesday,Gunadala,North Indian
Other,18-24,Divorced,Low,Lunch,Saturday,One Town,Street Food
Other,45-54,Divorced,High,Dinner,Tuesday,Auto Nagar,Biryani
Female,25-34,Married,Upper-Middle,Dinner,Tuesday,Governorpet,Biryani
Male,45-54,Single,Middle,Breakfast,Wednesday,Benz Circle,Fast Food
Female,55-64,Divorced,High,Breakfast,Saturday,Bhavanipuram,South Indian
Other,25-34,Married,Upper-Middle,Breakfast,Saturday,Gunadala,Biryani
Female,45-54,Married,High,Lunch,Thursday,Poranki,Biryani
Other,55-64,Divorced,Upper-Middle,Breakfast,Thursday,Auto Nagar,Biryani
Other,18-24,Married,Low,Dinner,Thursday,Patamata,Continental
Male,55-64,Married,Low,Snack,Tuesday,Auto Nagar,Biryani
Female,25-34,Widowed,Low,Dinner,Wednesday,Benz Circle,Fast Food
Female,18-24,Married,Upper-Middle,Late Night,Thursday,Ramachandra Nagar,Fast Food
Female,25-34,Married,Low,Late Night,Friday,Ramachandra Nagar,North Indian
Male,35-44,Divorced,Middle,Snack,Monday,Ramachandra Nagar,Street Food
Other,25-34,Single,Low,Breakfast,Thursday,Governorpet,South Indian
Female,55-64,Married,High,Breakfast,Saturday,One Town,South Indian
Male,55-64,Single,Low,Breakfast,Sunday,Patamata,Continental
Other,25-34,Divorced,Low,Breakfast,Friday,Gunadala,South Indian
Male,18-24,Widowed,Upper-Middle,Lunch,Monday,One Town,Street Food
Other,18-24,Widowed,Middle,Lunch,Thursday,Gunadala,South Indian
Female,55-64,Married,Low,Lunch,Sunday,Ramachandra Nagar,North Indian
Male,55-64,Single,Upper-Middle,Dinner,Friday,Poranki,Bakery
Other,35-44,Divorced,High,Lunch,Thursday,Governorpet,South Indian
Other,35-44,Married,High,Late Night,Friday,Poranki,Bakery
Other,25-34,Divorced,Middle,Dinner,Sunday,Benz Circle,Fast Food
Other,45-54,Divorced,Upper-Middle,Late Night,Monday,One Town,Street Food
Male,45-54,Divorced,Upper-Middle,Late Night,Saturday,Auto Nagar,Biryani
Male,45-54,Widowed,Middle,Dinner,Saturday,Poranki,Bakery
Other,55-64,Divorced,Middle,Late Night,Friday,Auto Nagar,Biryani
Female,35-44,Divorced,Middle,Snack,Tuesday,Ramachandra Nagar,Fast Food
Other,45-54,Married,Middle,Snack,Tuesday,Patamata,Continental
Other,18-24,Single,High,Breakfast,Thursday,Patamata,Continental
Other,25-34,Widowed,Upper-Middle,Snack,Sunday,One Town,Street Food
Male,25-34,Divorced,Middle,Late Night,Thursday,Governorpet,South Indian
Male,18-24,Married,High,Snack,Sunday,Patamata,Continental
Male,18-24,Married,Middle,Snack,Saturday,Patamata,Street Food
Female,18-24,Widowed,High,Breakfast,Thursday,Auto Nagar,Biryani
Other,55-64,Divorced,Middle,Snack,Thursday,Auto Nagar,Biryani
Female,45-54,Married,Middle,Late Night,Saturday,Gunadala,South Indian
Female,45-54,Divorced,High,Snack,Monday,MG Road,Street Food
Female,55-64,Divorced,High,Dinner,Saturday,Gunadala,South Indian
Male,25-34,Married,Upper-Middle,Dinner,Saturday,Benz Circle,Biryani
Other,35-44,Divorced,High,Breakfast,Saturday,Governorpet,South Indian
Male,18-24,Married,Low,Breakfast,Thursday,Patamata,Continental
Male,18-24,Single,Low,Late Night,Sunday,Gunadala,South Indian
Other,55-64,Widowed,High,Lunch,Wednesday,Bhavanipuram,Biryani
Male,25-34,Widowed,Upper-Middle,Snack,Sunday,Governorpet,South Indian
Female,55-64,Widowed,Upper-Middle,Breakfast,Monday,Patamata,South Indian
Male,35-44,Single,Low,Dinner,Tuesday,Benz Circle,Fast Food
Female,35-44,Widowed,High,Lunch,Thursday,Benz Circle,Fast Food
Other,35-44,Married,High,Snack,Wednesday,Bhavanipuram,South Indian
Female,25-34,Single,Low,Dinner,Friday,One Town,Street Food
Male,25-34,Divorced,Middle,Snack,Wednesday,Patamata,Continental
Other,55-64,Single,Upper-Middle,Dinner,Monday,Poranki,Bakery
Female,55-64,Married,Low,Lunch,Saturday,Bhavanipuram,North Indian
Male,55-64,Single,Low,Breakfast,Tuesday,Poranki,Bakery
Male,45-54,Married,Upper-Middle,Snack,Sunday,Governorpet,South Indian
Female,18-24,Widowed,Upper-Middle,Dinner,Friday,Governorpet,South Indian
Female,45-54,Divorced,Low,Dinner,Saturday,Governorpet,North Indian
Female,18-24,Married,High,Late Night,Sunday,Poranki,Fast Food
Male,45-54,Widowed,Low,Snack,Monday,Governorpet,Fast Food
Other,45-54,Widowed,High,Late Night,Saturday,Poranki,Bakery
Female,35-44,Married,Upper-Middle,Dinner,Wednesday,Governorpet,South Indian
Female,35-44,Widowed,Middle,Lunch,Saturday,Patamata,Biryani
Female,45-54,Widowed,Middle,Late Night,Saturday,Auto Nagar,Biryani
Male,45-54,Widowed,Low,Late Night,Tuesday,Ramachandra Nagar,Fast Food
Other,35-44,Single,Low,Dinner,Friday,Ramachandra Nagar,Biryani
Female,45-54,Married,High,Late Night,Saturday,Governorpet,South Indian
Male,45-54,Single,High,Lunch,Wednesday,Patamata,Continental
Other,18-24,Divorced,Low,Lunch,Wednesday,Bhavanipuram,Biryani
Male,35-44,Single,Middle,Dinner,Friday,Poranki,Biryani
Other,18-24,Single,Low,Snack,Monday,Auto Nagar,Biryani
Female,25-34,Married,Low,Dinner,Saturday,Governorpet,South Indian
Other,25-34,Single,Upper-Middle,Lunch,Wednesday,One Town,Street Food
Male,45-54,Widowed,Middle,Lunch,Tuesday,Auto Nagar,Biryani
Female,18-24,Widowed,Low,Breakfast,Friday,Bhavanipuram,Biryani
Female,35-44,Single,High,Breakfast,Thursday,Auto Nagar,Biryani
Female,25-34,Single,High,Lunch,Tuesday,Patamata,Biryani
Other,18-24,Widowed,Upper-Middle,Dinner,Friday,MG Road,Bakery
Male,18-24,Divorced,Low,Dinner,Thursday,Bhavanipuram,Biryani
Male,45-54,Married,High,Dinner,Sunday,MG Road,Chinese
Female,45-54,Married,Low,Late Night,Friday,MG Road,Fast Food
Other,55-64,Married,Middle,Lunch,Saturday,Poranki,Biryani
Female,55-64,Married,High,Dinner,Friday,Bhavanipuram,Biryani
Female,35-44,Widowed,Upper-Middle,Breakfast,Wednesday,Patamata,Continental
Female,18-24,Widowed,Middle,Lunch,Friday,Ramachandra Nagar,North Indian
Other,25-34,Single,Middle,Snack,Wednesday,Poranki,Street Food
Other,35-44,Married,High,Dinner,Sunday,Gunadala,South Indian
Male,55-64,Widowed,High,Breakfast,Sunday,Benz Circle,Fast Food
Male,25-34,Widowed,Middle,Late Night,Sunday,Auto Nagar,Fast Food
Other,55-64,Divorced,Upper-Middle,Snack,Friday,Poranki,Bakery
Female,45-54,Married,Upper-Middle,Lunch,Sunday,Poranki,Biryani
Other,45-54,Widowed,Low,Snack,Thursday,Poranki,Bakery
Male,18-24,Divorced,Middle,Dinner,Monday,Ramachandra Nagar,Street Food
Female,25-34,Divorced,High,Late Night,Monday,Patamata,Continental
Male,45-54,Divorced,Middle,Breakfast,Wednesday,Governorpet,South Indian
Other,55-64,Single,Upper-Middle,Late Night,Monday,Auto Nagar,Biryani
Other,25-34,Divorced,Low,Breakfast,Thursday,MG Road,Chinese
Other,25-34,Widowed,Low,Dinner,Sunday,One Town,Street Food
Female,35-44,Divorced,High,Lunch,Thursday,Governorpet,South Indian
Female,45-54,Single,Low,Late Night,Friday,Auto Nagar,Continental
Female,25-34,Divorced,High,Dinner,Sunday,Poranki,Bakery
Other,55-64,Married,Upper-Middle,Snack,Sunday,Ramachandra Nagar,North Indian
Other,18-24,Widowed,Upper-Middle,Late Night,Saturday,Auto Nagar,Street Food
Other,25-34,Widowed,High,Lunch,Monday,Patamata,Biryani
Female,45-54,Married,Upper-Middle,Snack,Wednesday,Ramachandra Nagar,Fast Food
Female,45-54,Divorced,Upper-Middle,Breakfast,Thursday,Governorpet,South Indian
Male,55-64,Widowed,High,Snack,Wednesday,Ramachandra Nagar,North Indian
Male,35-44,Single,Middle,Snack,Friday,Benz Circle,Street Food
Female,45-54,Divorced,High,Late Night,Tuesday,One Town,Street Food
Female,35-44,Married,Low,Lunch,Tuesday,Gunadala,Chinese
Male,55-64,Married,High,Snack,Sunday,MG Road,Chinese
Male,18-24,Widowed,Low,Dinner,Saturday,Governorpet,South Indian
Female,35-44,Divorced,Low,Snack,Monday,Bhavanipuram,Biryani
Female,55-64,Single,Middle,Dinner,Sunday,One Town,Street Food
Female,55-64,Single,Upper-Middle,Breakfast,Thursday,Gunadala,South Indian
Female,35-44,Widowed,Low,Lunch,Tuesday,Poranki,Biryani
Male,35-44,Married,Upper-Middle,Lunch,Saturday,Bhavanipuram,Biryani
Male,18-24,Single,Middle,Lunch,Monday,Bhavanipuram,Biryani
Female,18-24,Widowed,Middle,Breakfast,Tuesday,One Town,Street Food
Other,45-54,Married,Middle,Lunch,Wednesday,Patamata,Continental
Male,18-24,Married,Low,Snack,Saturday,Poranki,Street Food
Male,35-44,Divorced,Low,Lunch,Monday,Ramachandra Nagar,North Indian
Female,25-34,Widowed,Low,Late Night,Friday,Bhavanipuram,Fast Food
Other,18-24,Widowed,Low,Dinner,Sunday,Bhavanipuram,Biryani
Male,45-54,Married,Upper-Middle,Snack,Wednesday,Bhavanipuram,Street Food
Male,45-54,Married,Upper-Middle,Late Night,Friday,Gunadala,South Indian
Female,45-54,Single,High,Lunch,Monday,Gunadala,South Indian
Male,18-24,Married,Middle,Late Night,Wednesday,MG Road,Continental
Other,18-24,Married,Low,Lunch,Sunday,Bhavanipuram,Biryani
Male,45-54,Widowed,Middle,Late Night,Wednesday,Patamata,Continental
Other,35-44,Divorced,Middle,Snack,Tuesday,MG Road,Chinese
Male,35-44,Widowed,Low,Lunch,Saturday,Poranki,Bakery
Female,18-24,Married,Upper-Middle,Late Night,Tuesday,Poranki,Fast Food
Female,55-64,Widowed,Middle,Snack,Friday,One Town,Street Food
Other,35-44,Single,High,Dinner,Tuesday,Benz Circle,Fast Food
Male,55-64,Widowed,Low,Snack,Saturday,Patamata,Continental
Other,55-64,Single,Upper-Middle,Late Night,Friday,Governorpet,South Indian
Other,45-54,Divorced,Middle,Lunch,Saturday,Gunadala,South Indian
Other,35-44,Married,High,Lunch,Saturday,Patamata,Continental
Female,35-44,Divorced,Upper-Middle,Snack,Thursday,Bhavanipuram,Biryani
Male,18-24,Single,High,Late Night,Monday,Bhavanipuram,Biryani
Female,35-44,Divorced,High,Late Night,Sunday,Benz Circle,Fast Food
Other,45-54,Widowed,High,Breakfast,Saturday,MG Road,Chinese
Other,45-54,Divorced,Upper-Middle,Snack,Saturday,One Town,Street Food
Male,45-54,Single,Low,Late Night,Thursday,Patamata,Continental
Other,55-64,Single,Low,Snack,Monday,Gunadala,Street Food
Male,35-44,Married,Low,Snack,Monday,Bhavanipuram,Biryani
Other,35-44,Single,High,Dinner,Monday,One Town,Biryani
Male,55-64,Widowed,Upper-Middle,Breakfast,Friday,Gunadala,South Indian
Male,35-44,Married,Low,Late Night,Thursday,Gunadala,South Indian
Female,35-44,Widowed,Middle,Late Night,Wednesday,Poranki,Bakery
Other,25-34,Single,High,Breakfast,Sunday,Poranki,Bakery
Female,18-24,Single,High,Snack,Tuesday,Poranki,Bakery
Female,55-64,Married,Low,Dinner,Tuesday,Poranki,Bakery
Female,18-24,Single,Middle,Dinner,Friday,Patamata,Bakery
Male,55-64,Married,High,Snack,Monday,Governorpet,Street Food
Other,45-54,Single,Middle,Lunch,Monday,Gunadala,Bakery
Other,55-64,Divorced,Middle,Lunch,Friday,Governorpet,South Indian
Male,55-64,Single,Upper-Middle,Lunch,Monday,One Town,Street Food
Female,35-44,Married,High,Lunch,Friday,Governorpet,South Indian
Other,45-54,Single,Low,Dinner,Tuesday,Bhavanipuram,Biryani
Other,55-64,Single,High,Snack,Monday,Poranki,Street Food
Female,25-34,Single,Low,Lunch,Wednesday,Ramachandra Nagar,North Indian
Female,45-54,Married,High,Late Night,Saturday,One Town,Street Food
Male,25-34,Single,Middle,Late Night,Sunday,MG Road,Fast Food
Female,18-24,Single,Middle,Lunch,Friday,One Town,Street Food
Other,25-34,Divorced,Low,Breakfast,Friday,Ramachandra Nagar,North Indian
Other,18-24,Married,High,Dinner,Wednesday,Patamata,Continental
Female,55-64,Widowed,Middle,Lunch,Monday,Benz Circle,Biryani
Other,35-44,Married,Upper-Middle,Dinner,Monday,Gunadala,South Indian
Female,35-44,Divorced,Low,Dinner,Saturday,MG Road,Chinese
Other,55-64,Married,Low,Lunch,Wednesday,MG Road,Chinese
Other,35-44,Divorced,Upper-Middle,Breakfast,Tuesday,Patamata,Continental
Female,45-54,Single,Upper-Middle,Snack,Tuesday,Auto Nagar,Street Food
Female,45-54,Widowed,High,Breakfast,Friday,One Town,Bakery
Male,25-34,Widowed,Upper-Middle,Snack,Tuesday,Ramachandra Nagar,North Indian
Female,55-64,Widowed,Middle,Lunch,Friday,Ramachandra Nagar,Biryani
Female,25-34,Married,Middle,Snack,Monday,Bhavanipuram,Biryani
Male,25-34,Single,Upper-Middle,Lunch,Thursday,Patamata,Continental
Other,45-54,Single,Middle,Lunch,Wednesday,One Town,Street Food
Other,45-54,Married,Upper-Middle,Dinner,Wednesday,Gunadala,South Indian
Male,35-44,Divorced,Upper-Middle,Lunch,Saturday,Gunadala,South Indian
Female,55-64,Single,High,Dinner,Monday,Governorpet,South Indian
Male,45-54,Divorced,Upper-Middle,Lunch,Tuesday,Benz Circle,Fast Food
Male,25-34,Widowed,Middle,Breakfast,Monday,One Town,Street Food
Female,25-34,Widowed,High,Dinner,Saturday,Auto Nagar,Biryani
Other,18-24,Married,Low,Dinner,Friday,Gunadala,Biryani
Other,35-44,Married,High,Late Night,Sunday,Benz Circle,Fast Food
Female,45-54,Divorced,High,Lunch,Sunday,Bhavanipuram,Biryani
Male,18-24,Single,Upper-Middle,Late Night,Tuesday,Benz Circle,Fast Food
Male,45-54,Single,Middle,Late Night,Wednesday,Ramachandra Nagar,Fast Food
Other,45-54,Married,Low,Breakfast,Friday,Patamata,Continental
Male,25-34,Married,High,Breakfast,Monday,Benz Circle,Fast Food
Other,35-44,Single,Upper-Middle,Snack,Friday,Gunadala,South Indian
Other,55-64,Widowed,High,Snack,Sunday,One Town,Street Food
Female,45-54,Widowed,High,Lunch,Friday,Auto Nagar,Biryani
Male,35-44,Divorced,Upper-Middle,Dinner,Thursday,Benz Circle,Continental
Other,55-64,Divorced,Low,Late Night,Monday,Governorpet,Fast Food
Other,18-24,Divorced,Middle,Breakfast,Thursday,Auto Nagar,Biryani
Other,25-34,Widowed,Middle,Snack,Sunday,Poranki,Bakery
Male,45-54,Single,Upper-Middle,Snack,Sunday,Bhavanipuram,Biryani
Male,55-64,Widowed,High,Breakfast,Saturday,Auto Nagar,Biryani
Female,55-64,Single,Middle,Dinner,Sunday,Patamata,Continental
Other,45-54,Widowed,Middle,Lunch,Friday,Governorpet,South Indian
Female,45-54,Married,Middle,Dinner,Monday,Gunadala,South Indian
Male,25-34,Married,Upper-Middle,Lunch,Wednesday,Patamata,Continental
Other,55-64,Widowed,Low,Breakfast,Thursday,Ramachandra Nagar,North Indian
Other,35-44,Divorced,High,Snack,Friday,Patamata,Street Food
Other,25-34,Single,High,Dinner,Sunday,Auto Nagar,Biryani
Male,25-34,Single,High,Dinner,Tuesday,Governorpet,Biryani
Male,35-44,Divorced,Middle,Breakfast,Tuesday,Gunadala,Fast Food
Other,25-34,Widowed,Low,Late Night,Thursday,Patamata,Continental
Male,18-24,Married,High,Breakfast,Sunday,Auto Nagar,Biryani
Female,45-54,Divorced,High,Dinner,Thursday,Poranki,Biryani
Female,18-24,Divorced,Low,Dinner,Friday,One Town,Street Food
Male,25-34,Divorced,Low,Breakfast,Friday,Patamata,South Indian
Male,55-64,Divorced,Low,Breakfast,Sunday,Governorpet,South Indian
Male,55-64,Single,Upper-Middle,Lunch,Tuesday,Patamata,Continental
Male,25-34,Married,Upper-Middle,Dinner,Friday,One Town,Street Food
Female,45-54,Married,Upper-Middle,Dinner,Sunday,Auto Nagar,Biryani
Male,45-54,Married,Middle,Breakfast,Sunday,One Town,Street Food
Male,25-34,Single,Low,Dinner,Saturday,Gunadala,South Indian
Other,35-44,Married,Middle,Dinner,Wednesday,Ramachandra Nagar,Fast Food
Female,18-24,Single,Upper-Middle,Lunch,Friday,Benz Circle,Fast Food
Male,35-44,Single,Middle,Breakfast,Friday,Gunadala,South Indian
Male,35-44,Married,Middle,Lunch,Thursday,Auto Nagar,Biryani
Male,55-64,Widowed,Middle,Dinner,Sunday,Benz Circle,Biryani
Female,18-24,Widowed,High,Breakfast,Friday,MG Road,North Indian
Other,35-44,Widowed,Low,Breakfast,Saturday,Gunadala,North Indian
Male,35-44,Divorced,Middle,Dinner,Thursday,One Town,Biryani
Male,45-54,Married,High,Dinner,Wednesday,Benz Circle,Fast Food
Male,25-34,Divorced,High,Dinner,Wednesday,Ramachandra Nagar,North Indian
Female,55-64,Widowed,High,Lunch,Thursday,Poranki,Bakery
Female,25-34,Single,High,Lunch,Thursday,Patamata,Continental
Other,55-64,Married,Low,Late Night,Monday,Gunadala,Fast Food
Female,18-24,Divorced,Low,Dinner,Monday,Auto Nagar,Biryani
Male,25-34,Divorced,Middle,Lunch,Friday,Auto Nagar,Biryani
Female,18-24,Divorced,High,Snack,Tuesday,Patamata,Continental
Male,35-44,Divorced,Low,Breakfast,Saturday,Auto Nagar,Biryani
Female,55-64,Widowed,Low,Late Night,Wednesday,MG Road,Fast Food
Female,18-24,Single,High,Dinner,Friday,Benz Circle,Fast Food
Other,55-64,Single,Upper-Middle,Snack,Thursday,One Town,Street Food
Female,18-24,Widowed,Middle,Dinner,Monday,Auto Nagar,Biryani
Male,55-64,Widowed,Low,Lunch,Monday,MG Road,Chinese
Male,45-54,Widowed,High,Lunch,Thursday,Patamata,Continental
Male,25-34,Widowed,Middle,Snack,Thursday,Patamata,Continental
Female,45-54,Single,High,Snack,Wednesday,Patamata,Continental
Male,45-54,Divorced,Upper-Middle,Lunch,Wednesday,Patamata,Biryani
Other,55-64,Single,Middle,Breakfast,Thursday,Auto Nagar,South Indian
Male,25-34,Single,Low,Late Night,Tuesday,Auto Nagar,Biryani
Female,45-54,Divorced,Middle,Breakfast,Thursday,Ramachandra Nagar,South Indian
Other,45-54,Single,Middle,Breakfast,Thursday,MG Road,Chinese
Other,35-44,Married,Low,Dinner,Friday,Gunadala,South Indian
Male,18-24,Widowed,Low,Snack,Monday,Patamata,Continental
Other,55-64,Married,Low,Snack,Sunday,Bhavanipuram,Biryani
Female,55-64,Married,Upper-Middle,Snack,Friday,MG Road,Street Food
Male,55-64,Married,Upper-Middle,Snack,Sunday,MG Road,Chinese
Other,25-34,Single,Middle,Snack,Monday,Bhavanipuram,Biryani
Male,25-34,Single,Middle,Snack,Sunday,Governorpet,South Indian
Other,18-24,Widowed,Middle,Snack,Sunday,Poranki,Bakery
Male,55-64,Married,Low,Lunch,Tuesday,Bhavanipuram,Biryani
Other,35-44,Married,Upper-Middle,Snack,Tuesday,Benz Circle,Street Food
Male,35-44,Widowed,Low,Breakfast,Sunday,Governorpet,South Indian
Male,45-54,Married,Middle,Breakfast,Saturday,One Town,Street Food
Female,45-54,Single,Middle,Snack,Wednesday,Poranki,Bakery
Female,25-34,Divorced,High,Lunch,Friday,Ramachandra Nagar,North Indian
Female,25-34,Widowed,High,Snack,Tuesday,Governorpet,Biryani
Male,45-54,Widowed,High,Lunch,Thursday,Poranki,Bakery
Female,35-44,Divorced,Upper-Middle,Breakfast,Monday,Auto Nagar,South Indian
Other,55-64,Widowed,High,Late Night,Monday,Benz Circle,Fast Food
Other,25-34,Married,Low,Breakfast,Sunday,Ramachandra Nagar,North Indian
Male,35-44,Widowed,Low,Breakfast,Thursday,Poranki,Bakery
Female,25-34,Married,Middle,Lunch,Tuesday,Benz Circle,Fast Food
Female,55-64,Divorced,Upper-Middle,Dinner,Friday,MG Road,Chinese
Female,25-34,Divorced,Middle,Lunch,Sunday,Ramachandra Nagar,North Indian
Male,25-34,Married,Middle,Lunch,Sunday,Bhavanipuram,Biryani
Male,35-44,Divorced,High,Snack,Monday,Auto Nagar,Biryani
Other,55-64,Divorced,Low,Lunch,Tuesday,Auto Nagar,Biryani
Male,18-24,Single,Low,Late Night,Sunday,Bhavanipuram,Biryani
Female,55-64,Married,Low,Snack,Sunday,One Town,North Indian
Female,35-44,Single,Low,Lunch,Friday,Gunadala,South Indian
Male,18-24,Single,High,Lunch,Saturday,Patamata,Continental
Male,35-44,Widowed,Low,Lunch,Saturday,Auto Nagar,Biryani
Other,55-64,Divorced,High,Breakfast,Saturday,One Town,South Indian
Female,18-24,Married,Low,Late Night,Wednesday,Poranki,Bakery
Female,45-54,Divorced,High,Breakfast,Tuesday,Governorpet,South Indian
Other,55-64,Divorced,Middle,Lunch,Monday,Patamata,Biryani
Female,25-34,Widowed,Low,Breakfast,Saturday,Poranki,Bakery
Other,45-54,Single,Low,Lunch,Wednesday,MG Road,Chinese
Female,35-44,Divorced,Low,Snack,Wednesday,Bhavanipuram,Biryani
Female,18-24,Married,High,Breakfast,Monday,Gunadala,Chinese
Male,25-34,Married,Middle,Breakfast,Saturday,One Town,South Indian
Female,55-64,Divorced,High,Dinner,Tuesday,One Town,Biryani
Female,18-24,Single,High,Snack,Tuesday,Governorpet,South Indian
Male,55-64,Widowed,Low,Snack,Friday,Governorpet,North Indian
Male,55-64,Married,Upper-Middle,Dinner,Sunday,Gunadala,Fast Food
Male,45-54,Married,Upper-Middle,Lunch,Tuesday,MG Road,Chinese
Other,25-34,Single,Low,Lunch,Saturday,Auto Nagar,Biryani
Male,18-24,Divorced,Middle,Snack,Sunday,Poranki,Street Food
Female,25-34,Widowed,High,Breakfast,Monday,MG Road,South Indian
Male,35-44,Widowed,Upper-Middle,Breakfast,Wednesday,Bhavanipuram,Biryani
Male,25-34,Single,Low,Dinner,Monday,One Town,Street Food
Other,35-44,Single,High,Lunch,Tuesday,One Town,Street Food
Male,25-34,Widowed,Low,Breakfast,Monday,Benz Circle,Fast Food
Other,45-54,Single,High,Lunch,Monday,Bhavanipuram,Biryani
Male,18-24,Divorced,Upper-Middle,Late Night,Sunday,One Town,Street Food
Other,45-54,Single,High,Breakfast,Wednesday,MG Road,Chinese
Other,35-44,Divorced,Upper-Middle,Snack,Sunday,Governorpet,South Indian
Male,55-64,Single,Low,Snack,Tuesday,Benz Circle,Fast Food
Male,25-34,Married,High,Lunch,Friday,Auto Nagar,Biryani
Female,55-64,Married,Low,Late Night,Tuesday,Benz Circle,Fast Food
Other,55-64,Widowed,Upper-Middle,Dinner,Thursday,Benz Circle,Biryani
Male,25-34,Married,Low,Late Night,Sunday,Poranki,Bakery
Female,35-44,Divorced,Upper-Middle,Breakfast,Tuesday,Gunadala,South Indian
Female,45-54,Divorced,Low,Breakfast,Sunday,Poranki,South Indian
Other,35-44,Married,Low,Breakfast,Saturday,Benz Circle,Fast Food
Other,35-44,Widowed,High,Lunch,Monday,Ramachandra Nagar,Fast Food
Other,18-24,Married,Low,Dinner,Sunday,Gunadala,South Indian
Female,55-64,Single,Upper-Middle,Late Night,Friday,Gunadala,South Indian
Male,45-54,Divorced,Upper-Middle,Breakfast,Friday,Gunadala,South Indian
Male,25-34,Divorced,Upper-Middle,Dinner,Thursday,Patamata,Continental
Male,35-44,Married,Upper-Middle,Late Night,Saturday,Poranki,Fast Food
Male,45-54,Widowed,High,Lunch,Tuesday,Poranki,Chinese
Other,45-54,Married,Low,Snack,Monday,Benz Circle,Fast Food
Female,45-54,Widowed,Upper-Middle,Snack,Wednesday,MG Road,Street Food
Male,55-64,Divorced,Low,Snack,Saturday,Patamata,Continental
Female,25-34,Widowed,Middle,Breakfast,Sunday,Poranki,Bakery
Other,55-64,Widowed,Low,Lunch,Sunday,MG Road,Chinese
Male,25-34,Married,Upper-Middle,Lunch,Tuesday,Auto Nagar,Biryani
Male,35-44,Widowed,Middle,Breakfast,Monday,MG Road,Chinese
Female,45-54,Single,High,Snack,Monday,Ramachandra Nagar,Street Food
Female,18-24,Divorced,High,Snack,Thursday,Bhavanipuram,Continental
Male,35-44,Single,Upper-Middle,Late Night,Sunday,Poranki,Bakery
Other,35-44,Single,Low,Late Night,Thursday,Poranki,Bakery
Male,25-34,Divorced,High,Late Night,Thursday,Benz Circle,Fast Food
Male,25-34,Single,Upper-Middle,Breakfast,Friday,Patamata,South Indian
Other,25-34,Married,Upper-Middle,Breakfast,Wednesday,Patamata,Continental
Male,45-54,Widowed,High,Dinner,Wednesday,Auto Nagar,South Indian
Male,18-24,Married,Upper-Middle,Snack,Sunday,Poranki,Bakery
Other,45-54,Single,Upper-Middle,Breakfast,Friday,One Town,Street Food
Female,35-44,Widowed,Upper-Middle,Snack,Thursday,Patamata,Continental
Male,18-24,Married,Middle,Late Night,Monday,One Town,Street Food
Male,25-34,Single,Middle,Lunch,Wednesday,Benz Circle,Biryani
Female,18-24,Divorced,Middle,Breakfast,Sunday,Bhavanipuram,Biryani
Other,25-34,Single,Low,Dinner,Sunday,Benz Circle,Fast Food
Female,55-64,Married,High,Dinner,Friday,Patamata,Continental
Male,55-64,Married,Middle,Snack,Wednesday,Auto Nagar,Biryani
Male,25-34,Divorced,Middle,Lunch,Tuesday,Bhavanipuram,Biryani
Male,35-44,Divorced,Low,Late Night,Tuesday,Bhavanipuram,Biryani
Female,45-54,Married,Low,Breakfast,Sunday,MG Road,South Indian
Female,18-24,Divorced,Upper-Middle,Dinner,Friday,One Town,Street Food
Female,55-64,Single,Low,Breakfast,Friday,Ramachandra Nagar,South Indian
Other,25-34,Single,Middle,Breakfast,Friday,Patamata,South Indian
Female,35-44,Divorced,High,Late Night,Tuesday,Ramachandra Nagar,Fast Food
Other,45-54,Divorced,Upper-Middle,Late Night,Sunday,Patamata,Continental
Female,55-64,Divorced,Middle,Snack,Wednesday,Gunadala,Street Food
Female,18-24,Single,Low,Late Night,Tuesday,One Town,Street Food
Male,18-24,Single,High,Lunch,Monday,Patamata,Continental
Female,45-54,Widowed,Upper-Middle,Lunch,Thursday,Governorpet,South Indian
Other,25-34,Married,High,Lunch,Sunday,MG Road,Chinese
Other,55-64,Divorced,Upper-Middle,Snack,Wednesday,Poranki,Bakery
Male,18-24,Married,High,Dinner,Sunday,Ramachandra Nagar,Fast Food
Other,35-44,Divorced,Low,Late Night,Thursday,One Town,Fast Food
Male,18-24,Married,Upper-Middle,Dinner,Tuesday,Benz Circle,Fast Food
Other,55-64,Divorced,High,Late Night,Tuesday,Benz Circle,Fast Food
Female,55-64,Single,Middle,Late Night,Saturday,Benz Circle,Fast Food
Other,25-34,Married,Low,Dinner,Tuesday,Auto Nagar,Biryani
Female,18-24,Widowed,Middle,Late Night,Saturday,One Town,Fast Food
Male,25-34,Divorced,Middle,Dinner,Monday,Auto Nagar,Biryani
Other,25-34,Single,Low,Dinner,Wednesday,Poranki,Biryani
Other,55-64,Married,Upper-Middle,Late Night,Monday,Gunadala,South Indian
Female,55-64,Married,Upper-Middle,Late Night,Sunday,One Town,Street Food
Female,45-54,Widowed,High,Breakfast,Thursday,Gunadala,South Indian
Male,25-34,Widowed,Low,Late Night,Tuesday,Gunadala,Fast Food
Other,55-64,Single,Upper-Middle,Dinner,Monday,Bhavanipuram,Biryani
Other,25-34,Divorced,High,Snack,Friday,MG Road,Chinese
Female,35-44,Divorced,Middle,Dinner,Thursday,Auto Nagar,Biryani
Other,45-54,Divorced,Low,Breakfast,Friday,Gunadala,South Indian
Other,55-64,Widowed,Upper-Middle,Snack,Sunday,Bhavanipuram,Biryani
Male,55-64,Married,Low,Late Night,Sunday,Patamata,Continental
Other,45-54,Divorced,High,Snack,Friday,Ramachandra Nagar,Bakery
Other,18-24,Married,High,Late Night,Thursday,Governorpet,South Indian
Other,45-54,Single,Low,Breakfast,Monday,One Town,South Indian
Other,45-54,Widowed,Upper-Middle,Breakfast,Wednesday,Poranki,Street Food
Other,35-44,Divorced,High,Snack,Saturday,Benz Circle,Fast Food
Female,45-54,Divorced,Low,Lunch,Tuesday,Governorpet,Chinese
Male,35-44,Married,Upper-Middle,Lunch,Tuesday,Bhavanipuram,Biryani
Female,18-24,Widowed,Middle,Breakfast,Monday,One Town,South Indian
Other,55-64,Married,Middle,Late Night,Thursday,Bhavanipuram,Biryani
Male,45-54,Single,Middle,Breakfast,Wednesday,Patamata,Chinese
Female,55-64,Divorced,Low,Dinner,Sunday,Benz Circle,South Indian
Male,35-44,Widowed,Low,Late Night,Monday,Ramachandra Nagar,Fast Food
Female,18-24,Divorced,Middle,Snack,Thursday,Bhavanipuram,Street Food
Other,45-54,Divorced,Middle,Snack,Sunday,One Town,Street Food
Male,35-44,Divorced,High,Dinner,Thursday,Gunadala,Biryani
Female,35-44,Widowed,High,Dinner,Friday,MG Road,Chinese
Male,55-64,Single,Middle,Snack,Monday,MG Road,Chinese
Male,55-64,Divorced,High,Snack,Monday,MG Road,Chinese
Female,25-34,Single,Low,Dinner,Sunday,Bhavanipuram,Biryani
Male,35-44,Divorced,High,Snack,Monday,Governorpet,South Indian
Other,18-24,Married,High,Lunch,Saturday,Bhavanipuram,Biryani
Female,55-64,Widowed,Low,Lunch,Saturday,Poranki,South Indian
Other,25-34,Married,High,Lunch,Saturday,Governorpet,South Indian
Male,25-34,Divorced,Upper-Middle,Late Night,Saturday,One Town,Fast Food
Other,25-34,Widowed,High,Breakfast,Sunday,One Town,Street Food
Female,35-44,Divorced,Middle,Breakfast,Wednesday,Benz Circle,Fast Food
Male,18-24,Divorced,Low,Lunch,Saturday,Gunadala,Fast Food
Male,45-54,Single,Upper-Middle,Late Night,Thursday,MG Road,Chinese
Other,45-54,Widowed,Low,Late Night,Thursday,One Town,Street Food
Female,25-34,Divorced,Upper-Middle,Late Night,Monday,One Town,Street Food
Female,25-34,Single,High,Late Night,Monday,Gunadala,South Indian
Female,25-34,Divorced,Middle,Lunch,Thursday,Poranki,Bakery
Male,18-24,Married,Low,Breakfast,Tuesday,MG Road,Chinese
Other,55-64,Divorced,Low,Late Night,Thursday,Benz Circle,Fast Food
Female,35-44,Widowed,Upper-Middle,Snack,Wednesday,Benz Circle,Fast Food
Other,55-64,Widowed,Upper-Middle,Late Night,Wednesday,Governorpet,Fast Food
Other,35-44,Single,High,Dinner,Saturday,Benz Circle,Biryani
Male,18-24,Single,Low,Lunch,Sunday,MG Road,Chinese
Other,25-34,Married,Upper-Middle,Breakfast,Wednesday,MG Road,South Indian
Female,18-24,Married,High,Dinner,Wednesday,Poranki,Bakery
Other,45-54,Divorced,Upper-Middle,Snack,Friday,Auto Nagar,Biryani
Male,18-24,Single,Low,Dinner,Friday,Benz Circle,Fast Food
Female,25-34,Married,Middle,Snack,Wednesday,Gunadala,Street Food
Female,18-24,Married,Upper-Middle,Late Night,Tuesday,Patamata,Continental
Other,45-54,Single,Upper-Middle,Dinner,Thursday,Bhavanipuram,Biryani
Male,45-54,Married,High,Lunch,Wednesday,Ramachandra Nagar,North Indian
Male,55-64,Single,Low,Late Night,Friday,Governorpet,South Indian
Other,55-64,Single,High,Breakfast,Friday,Bhavanipuram,South Indian
Male,18-24,Married,Upper-Middle,Dinner,Thursday,Ramachandra Nagar,Biryani
Male,25-34,Married,Upper-Middle,Dinner,Saturday,Governorpet,South Indian
Female,45-54,Married,Low,Snack,Saturday,Benz Circle,Fast Food
Other,25-34,Single,Low,Breakfast,Sunday,Poranki,Bakery
Female,18-24,Married,Upper-Middle,Late Night,Tuesday,One Town,Street Food
Other,55-64,Single,Upper-Middle,Late Night,Sunday,Ramachandra Nagar,North Indian
Male,45-54,Married,Middle,Late Night,Friday,Patamata,Fast Food
Female,35-44,Widowed,Middle,Late Night,Thursday,Auto Nagar,Fast Food
Female,18-24,Widowed,Middle,Dinner,Tuesday,Bhavanipuram,Biryani
Other,25-34,Divorced,High,Breakfast,Sunday,Governorpet,South Indian
Other,45-54,Married,Middle,Dinner,Monday,One Town,Biryani
Female,25-34,Married,Upper-Middle,Breakfast,Sunday,Ramachandra Nagar,South Indian
Male,18-24,Single,Low,Late Night,Thursday,Ramachandra Nagar,Fast Food
Other,35-44,Widowed,Upper-Middle,Snack,Friday,Governorpet,Chinese
Female,25-34,Single,Upper-Middle,Breakfast,Friday,Benz Circle,South Indian
Male,18-24,Widowed,Middle,Breakfast,Friday,One Town,Street Food
Male,35-44,Married,Upper-Middle,Lunch,Thursday,One Town,Street Food
Female,45-54,Widowed,High,Dinner,Sunday,One Town,Street Food
Male,18-24,Divorced,Middle,Breakfast,Thursday,Patamata,Continental
Other,25-34,Widowed,Upper-Middle,Late Night,Friday,Gunadala,South Indian
Male,18-24,Married,Low,Late Night,Sunday,Poranki,Fast Food
Other,25-34,Single,Middle,Lunch,Tuesday,Gunadala,Biryani
Male,45-54,Single,High,Lunch,Friday,Bhavanipuram,Biryani
Male,45-54,Widowed,Upper-Middle,Snack,Sunday,Bhavanipuram,Biryani
Other,18-24,Widowed,Upper-Middle,Late Night,Monday,One Town,Fast Food
Other,35-44,Widowed,Middle,Lunch,Monday,Governorpet,South Indian
Other,18-24,Single,Middle,Snack,Wednesday,Bhavanipuram,Biryani
Female,45-54,Married,Middle,Breakfast,Tuesday,Benz Circle,Fast Food
Other,18-24,Single,Low,Late Night,Sunday,Gunadala,Fast Food
Male,45-54,Widowed,High,Lunch,Monday,Gunadala,Biryani
Other,25-34,Single,Middle,Lunch,Sunday,Bhavanipuram,Biryani
Other,18-24,Widowed,Low,Breakfast,Saturday,One Town,South Indian
Male,35-44,Widowed,High,Dinner,Friday,Ramachandra Nagar,Biryani
Male,55-64,Divorced,High,Snack,Monday,Bhavanipuram,Biryani
Male,18-24,Divorced,Middle,Breakfast,Monday,Auto Nagar,Biryani
Other,35-44,Divorced,Low,Lunch,Sunday,Gunadala,South Indian
Other,35-44,Married,Upper-Middle,Breakfast,Monday,Ramachandra Nagar,North Indian
Other,18-24,Married,Upper-Middle,Snack,Sunday,Benz Circle,Continental
Other,55-64,Divorced,High,Dinner,Friday,Auto Nagar,Biryani
Female,45-54,Single,Upper-Middle,Breakfast,Thursday,Bhavanipuram,Biryani
Female,45-54,Married,Upper-Middle,Snack,Tuesday,MG Road,South Indian
Other,35-44,Single,Upper-Middle,Late Night,Monday,Benz Circle,Fast Food
Male,35-44,Single,Middle,Late Night,Sunday,One Town,Street Food
Other,35-44,Married,High,Late Night,Monday,Ramachandra Nagar,North Indian
Other,35-44,Single,Middle,Late Night,Wednesday,Ramachandra Nagar,North Indian
Male,55-64,Married,Low,Late Night,Wednesday,Ramachandra Nagar,Fast Food
Other,35-44,Married,High,Late Night,Thursday,Auto Nagar,South Indian
Female,45-54,Widowed,High,Lunch,Thursday,Benz Circle,Fast Food
Male,55-64,Divorced,High,Lunch,Sunday,One Town,Street Food
Other,55-64,Divorced,Upper-Middle,Breakfast,Tuesday,Poranki,Bakery
Female,35-44,Married,Middle,Breakfast,Wednesday,Ramachandra Nagar,North Indian
Other,55-64,Single,Upper-Middle,Dinner,Wednesday,Poranki,Biryani
Other,18-24,Single,High,Snack,Thursday,Gunadala,South Indian
Female,18-24,Married,Upper-Middle,Lunch,Sunday,Benz Circle,Fast Food
Female,25-34,Divorced,Middle,Breakfast,Tuesday,One Town,Street Food
Male,25-34,Single,High,Dinner,Saturday,One Town,Street Food
Other,18-24,Single,Low,Late Night,Wednesday,Patamata,Fast Food
Male,35-44,Married,Upper-Middle,Breakfast,Wednesday,Poranki,Bakery
Male,55-64,Single,Low,Late Night,Thursday,Gunadala,South Indian
Male,35-44,Single,Middle,Dinner,Monday,Bhavanipuram,Biryani
Male,18-24,Divorced,Upper-Middle,Late Night,Wednesday,Ramachandra Nagar,North Indian
Other,35-44,Widowed,Low,Lunch,Wednesday,One Town,Street Food
Other,45-54,Single,Low,Dinner,Monday,One Town,Street Food
Male,45-54,Divorced,Middle,Dinner,Friday,Bhavanipuram,Biryani
Other,35-44,Single,Low,Lunch,Tuesday,MG Road,Chinese
Male,25-34,Single,Middle,Breakfast,Thursday,Ramachandra Nagar,North Indian
Other,45-54,Widowed,Low,Late Night,Sunday,Ramachandra Nagar,Street Food
Female,55-64,Widowed,Upper-Middle,Snack,Wednesday,Bhavanipuram,Biryani
Other,35-44,Divorced,Low,Snack,Friday,Bhavanipuram,Street Food
Male,25-34,Widowed,Upper-Middle,Late Night,Saturday,Benz Circle,Fast Food
Female,25-34,Widowed,Low,Snack,Thursday,Auto Nagar,Biryani
Other,35-44,Divorced,High,Breakfast,Sunday,Governorpet,South Indian
Female,55-64,Divorced,High,Breakfast,Wednesday,Benz Circle,Fast Food
Male,25-34,Widowed,Low,Snack,Saturday,One Town,Street Food
Male,55-64,Married,Low,Dinner,Thursday,Benz Circle,Fast Food
Other,55-64,Married,Middle,Dinner,Friday,Bhavanipuram,Biryani
Other,25-34,Single,Middle,Dinner,Thursday,Bhavanipuram,Biryani
Male,18-24,Widowed,Middle,Snack,Wednesday,Benz Circle,Street Food
Male,45-54,Widowed,Middle,Snack,Thursday,One Town,Street Food
Other,25-34,Widowed,High,Breakfast,Monday,Bhavanipuram,Biryani
Male,18-24,Single,Middle,Dinner,Sunday,Patamata,Continental
Male,45-54,Divorced,Low,Lunch,Thursday,Ramachandra Nagar,North Indian
Female,25-34,Widowed,Low,Late Night,Wednesday,Governorpet,South Indian
Female,18-24,Widowed,High,Late Night,Sunday,Poranki,Bakery
Other,18-24,Married,Upper-Middle,Lunch,Friday,Bhavanipuram,Biryani
Female,55-64,Widowed,Upper-Middle,Lunch,Friday,Patamata,Continental
Male,25-34,Married,Upper-Middle,Breakfast,Thursday,Ramachandra Nagar,North Indian
Male,25-34,Married,High,Breakfast,Sunday,MG Road,South Indian
Male,25-34,Divorced,Middle,Breakfast,Thursday,Ramachandra Nagar,North Indian
Other,25-34,Divorced,Upper-Middle,Snack,Wednesday,MG Road,Street Food
Other,55-64,Single,Upper-Middle,Lunch,Thursday,Auto Nagar,Biryani
Other,25-34,Divorced,High,Dinner,Sunday,Auto Nagar,Biryani
Female,35-44,Single,High,Breakfast,Saturday,Patamata,South Indian
Female,55-64,Widowed,Middle,Dinner,Thursday,MG Road,Biryani
Female,35-44,Widowed,Middle,Breakfast,Friday,MG Road,Chinese
Male,25-34,Divorced,Middle,Dinner,Tuesday,Bhavanipuram,Biryani
Male,35-44,Single,Middle,Breakfast,Sunday,Gunadala,Continental
Female,55-64,Single,Low,Snack,Sunday,MG Road,Chinese
Female,35-44,Single,Upper-Middle,Dinner,Thursday,MG Road,Biryani
Female,25-34,Widowed,Low,Breakfast,Friday,Gunadala,South Indian
Male,35-44,Married,High,Snack,Saturday,MG Road,Street Food
Other,25-34,Divorced,Upper-Middle,Breakfast,Friday,One Town,Street Food
Female,35-44,Married,Upper-Middle,Snack,Wednesday,Patamata,Continental
Male,35-44,Widowed,Low,Late Night,Tuesday,Poranki,Bakery
Female,35-44,Single,Low,Dinner,Thursday,MG Road,Chinese
Female,55-64,Divorced,Middle,Lunch,Sunday,Governorpet,Biryani
Other,45-54,Married,Middle,Late Night,Wednesday,Governorpet,South Indian
Female,45-54,Married,Low,Snack,Monday,Bhavanipuram,Biryani
Female,45-54,Married,Upper-Middle,Breakfast,Sunday,Auto Nagar,South Indian
Male,35-44,Single,Middle,Breakfast,Wednesday,Poranki,South Indian
Other,18-24,Single,Low,Breakfast,Wednesday,Benz Circle,Fast Food
Female,25-34,Divorced,High,Dinner,Saturday,Benz Circle,Fast Food
Female,25-34,Single,High,Late Night,Friday,Gunadala,South Indian
Other,35-44,Widowed,Middle,Snack,Tuesday,Patamata,Street Food
Female,35-44,Single,Upper-Middle,Breakfast,Tuesday,Gunadala,South Indian
Female,45-54,Divorced,Middle,Dinner,Saturday,MG Road,Chinese
Other,45-54,Widowed,Upper-Middle,Breakfast,Thursday,Gunadala,South Indian
Male,35-44,Married,Middle,Breakfast,Tuesday,Benz Circle,Fast Food
Male,45-54,Married,Middle,Breakfast,Sunday,Auto Nagar,Biryani
Other,35-44,Divorced,Low,Breakfast,Sunday,MG Road,Chinese
Female,25-34,Divorced,Middle,Dinner,Wednesday,MG Road,Chinese
Female,35-44,Married,High,Snack,Monday,Gunadala,Fast Food
Other,55-64,Married,Middle,Breakfast,Friday,Bhavanipuram,Biryani
Male,18-24,Divorced,Low,Lunch,Wednesday,Gunadala,Biryani
Female,55-64,Divorced,High,Breakfast,Thursday,Bhavanipuram,South Indian
Male,45-54,Widowed,Upper-Middle,Dinner,Sunday,Ramachandra Nagar,North Indian
Female,45-54,Married,Low,Late Night,Wednesday,Ramachandra Nagar,North Indian
Female,45-54,Widowed,High,Late Night,Monday,Bhavanipuram,Fast Food
Other,45-54,Divorced,High,Lunch,Wednesday,Poranki,Bakery
Other,45-54,Widowed,Low,Snack,Thursday,Gunadala,South Indian
Male,25-34,Divorced,Low,Lunch,Monday,Governorpet,South Indian
Other,55-64,Single,Middle,Late Night,Saturday,Patamata,Continental
Other,55-64,Widowed,Upper-Middle,Snack,Tuesday,Poranki,Bakery
Female,55-64,Married,Upper-Middle,Dinner,Sunday,Governorpet,Biryani
Other,35-44,Married,Upper-Middle,Late Night,Monday,Poranki,Bakery
Female,45-54,Widowed,Upper-Middle,Breakfast,Friday,Ramachandra Nagar,South Indian
Other,45-54,Divorced,Middle,Dinner,Saturday,Auto Nagar,Biryani
Other,35-44,Single,Middle,Dinner,Thursday,One Town,Street Food
Male,55-64,Widowed,Middle,Lunch,Wednesday,Bhavanipuram,Biryani
Female,45-54,Widowed,Low,Lunch,Thursday,Gunadala,South Indian
Male,35-44,Married,Upper-Middle,Snack,Monday,Poranki,Bakery
Male,25-34,Divorced,Middle,Breakfast,Sunday,Auto Nagar,Biryani
Other,35-44,Divorced,Low,Breakfast,Sunday,Governorpet,South Indian
Female,18-24,Married,Upper-Middle,Late Night,Wednesday,Ramachandra Nagar,Fast Food
Female,18-24,Married,Middle,Breakfast,Sunday,Auto Nagar,Biryani
Other,35-44,Widowed,High,Dinner,Friday,MG Road,Biryani
Female,55-64,Divorced,High,Breakfast,Thursday,One Town,Street Food
Male,18-24,Divorced,Upper-Middle,Snack,Saturday,Patamata,Continental
Male,18-24,Divorced,Middle,Breakfast,Tuesday,Poranki,South Indian
Male,55-64,Widowed,Low,Late Night,Monday,Auto Nagar,Biryani
Female,35-44,Divorced,Upper-Middle,Late Night,Thursday,Ramachandra Nagar,North Indian
Female,55-64,Widowed,Low,Late Night,Saturday,Patamata,Continental
Other,55-64,Widowed,High,Lunch,Saturday,Bhavanipuram,Biryani
Male,25-34,Widowed,Middle,Snack,Saturday,Benz Circle,Fast Food
Other,45-54,Divorced,High,Lunch,Sunday,One Town,Street Food
Female,45-54,Divorced,Middle,Late Night,Tuesday,Governorpet,Bakery
Male,18-24,Married,High,Late Night,Friday,Bhavanipuram,Fast Food
Other,35-44,Married,Upper-Middle,Late Night,Tuesday,Governorpet,Fast Food
Female,55-64,Married,Upper-Middle,Breakfast,Tuesday,Governorpet,South Indian
Female,25-34,Single,High,Snack,Saturday,Poranki,Continental
Female,18-24,Married,Low,Dinner,Monday,Gunadala,Biryani
Male,18-24,Widowed,Low,Late Night,Thursday,Poranki,Bakery
Male,25-34,Widowed,Middle,Lunch,Tuesday,Bhavanipuram,Biryani
Other,25-34,Divorced,Upper-Middle,Breakfast,Tuesday,One Town,Street Food
Male,25-34,Divorced,Middle,Breakfast,Tuesday,Benz Circle,South Indian
Male,55-64,Single,Upper-Middle,Lunch,Monday,Auto Nagar,Biryani
Male,45-54,Divorced,High,Lunch,Saturday,Bhavanipuram,Biryani
Other,18-24,Married,Middle,Breakfast,Tuesday,Gunadala,South Indian
Female,18-24,Divorced,Low,Dinner,Thursday,Gunadala,South Indian
Female,45-54,Widowed,High,Breakfast,Thursday,MG Road,South Indian
Other,45-54,Widowed,Middle,Lunch,Wednesday,Ramachandra Nagar,North Indian
Female,25-34,Married,Low,Snack,Thursday,MG Road,Continental
Female,55-64,Single,Middle,Breakfast,Monday,MG Road,Chinese
Other,18-24,Single,Middle,Late Night,Saturday,Ramachandra Nagar,North Indian
Male,25-34,Single,Low,Late Night,Wednesday,Bhavanipuram,Biryani
Other,45-54,Widowed,Upper-Middle,Snack,Friday,Bhavanipuram,Biryani
Male,35-44,Divorced,Low,Lunch,Thursday,Ramachandra Nagar,Biryani
Female,18-24,Widowed,Upper-Middle,Lunch,Wednesday,Benz Circle,Fast Food
Female,35-44,Divorced,Upper-Middle,Late Night,Thursday,MG Road,Chinese
Other,18-24,Widowed,Low,Dinner,Monday,MG Road,Chinese
Female,35-44,Divorced,High,Breakfast,Sunday,Auto Nagar,Biryani
Female,55-64,Widowed,Low,Breakfast,Monday,Bhavanipuram,Biryani
Male,45-54,Married,High,Late Night,Friday,Gunadala,South Indian
Female,45-54,Widowed,Middle,Breakfast,Wednesday,MG Road,Chinese
Male,35-44,Single,Upper-Middle,Dinner,Sunday,Benz Circle,Fast Food
Female,55-64,Widowed,Low,Dinner,Thursday,Poranki,Bakery
Female,55-64,Widowed,High,Snack,Tuesday,MG Road,Chinese
Other,18-24,Divorced,Middle,Breakfast,Tuesday,Bhavanipuram,Biryani
Female,35-44,Married,Low,Lunch,Saturday,Poranki,Biryani
Other,35-44,Single,Middle,Lunch,Sunday,Auto Nagar,Biryani
Other,18-24,Married,Upper-Middle,Snack,Monday,Ramachandra Nagar,North Indian
Male,55-64,Divorced,Low,Breakfast,Saturday,Poranki,Bakery
Other,55-64,Married,High,Lunch,Wednesday,Bhavanipuram,Biryani
Female,25-34,Single,Low,Snack,Tuesday,Gunadala,Street Food
Male,55-64,Divorced,Middle,Dinner,Saturday,One Town,Street Food
Other,55-64,Single,High,Late Night,Wednesday,Governorpet,South Indian
Other,25-34,Widowed,Low,Snack,Tuesday,One Town,Street Food
Male,55-64,Married,High,Lunch,Tuesday,Patamata,Continental
Other,25-34,Married,Upper-Middle,Late Night,Thursday,One Town,Fast Food
Male,35-44,Single,Middle,Snack,Thursday,Ramachandra Nagar,North Indian
Male,55-64,Single,High,Snack,Sunday,Bhavanipuram,Street Food
Female,55-64,Widowed,High,Dinner,Saturday,Ramachandra Nagar,North Indian
Female,45-54,Divorced,Upper-Middle,Snack,Wednesday,Bhavanipuram,Street Food
Other,55-64,Divorced,Low,Late Night,Monday,Bhavanipuram,Biryani
Female,18-24,Married,High,Late Night,Thursday,Ramachandra Nagar,North Indian
Other,18-24,Widowed,High,Dinner,Wednesday,Governorpet,South Indian
Other,18-24,Married,Middle,Snack,Tuesday,One Town,Street Food
Other,55-64,Divorced,Low,Breakfast,Wednesday,MG Road,Chinese
Other,35-44,Widowed,Low,Dinner,Sunday,Gunadala,Biryani
Female,35-44,Single,High,Late Night,Friday,Bhavanipuram,Fast Food
Female,45-54,Divorced,Middle,Snack,Sunday,Auto Nagar,Biryani
Male,45-54,Married,High,Breakfast,Wednesday,Benz Circle,South Indian
Other,55-64,Widowed,Middle,Snack,Saturday,MG Road,Fast Food
Female,55-64,Married,Low,Breakfast,Saturday,One Town,Street Food
Female,45-54,Widowed,Middle,Late Night,Monday,Gunadala,South Indian
Female,55-64,Married,High,Snack,Friday,Benz Circle,Fast Food
Female,55-64,Divorced,High,Lunch,Wednesday,Ramachandra Nagar,Biryani
Female,55-64,Divorced,High,Dinner,Friday,Benz Circle,Fast Food
Other,18-24,Widowed,Low,Late Night,Wednesday,Bhavanipuram,Fast Food
Other,25-34,Single,Middle,Breakfast,Wednesday,Governorpet,South Indian
Male,55-64,Widowed,Low,Breakfast,Tuesday,Poranki,Bakery
Other,35-44,Divorced,High,Breakfast,Wednesday,MG Road,South Indian
Other,45-54,Widowed,Low,Snack,Monday,Governorpet,Street Food
Male,45-54,Widowed,Upper-Middle,Dinner,Sunday,Patamata,Biryani
Other,18-24,Single,Upper-Middle,Dinner,Thursday,Auto Nagar,Biryani
Female,25-34,Single,Middle,Late Night,Saturday,Governorpet,Bakery
Other,35-44,Widowed,High,Breakfast,Sunday,Poranki,Bakery
Other,45-54,Single,Low,Dinner,Tuesday,One Town,Biryani
Other,35-44,Married,Upper-Middle,Lunch,Tuesday,Auto Nagar,Biryani
Female,18-24,Divorced,Middle,Late Night,Saturday,Governorpet,South Indian
Male,55-64,Married,Low,Breakfast,Friday,Benz Circle,Street Food
Male,35-44,Widowed,Upper-Middle,Late Night,Wednesday,Governorpet,Biryani
Male,25-34,Single,Middle,Late Night,Tuesday,Auto Nagar,Biryani
Male,45-54,Widowed,Upper-Middle,Lunch,Wednesday,Bhavanipuram,Biryani
Male,25-34,Divorced,Middle,Lunch,Tuesday,Ramachandra Nagar,North Indian
Other,45-54,Single,Low,Snack,Thursday,Auto Nagar,Biryani
Other,55-64,Married,Upper-Middle,Breakfast,Tuesday,Ramachandra Nagar,Fast Food
Female,35-44,Married,Middle,Lunch,Monday,Benz Circle,Fast Food
Male,45-54,Single,Middle,Late Night,Saturday,One Town,Street Food
Other,45-54,Divorced,High,Dinner,Monday,Ramachandra Nagar,North Indian
Other,25-34,Married,Middle,Dinner,Thursday,Benz Circle,Biryani
Female,35-44,Single,Low,Lunch,Wednesday,Gunadala,South Indian
Female,18-24,Divorced,High,Snack,Tuesday,Gunadala,South Indian
Other,55-64,Married,Low,Breakfast,Saturday,Bhavanipuram,South Indian
Male,45-54,Widowed,High,Lunch,Tuesday,One Town,Biryani
Female,55-64,Widowed,Upper-Middle,Lunch,Friday,Auto Nagar,Biryani
Other,35-44,Married,Low,Dinner,Wednesday,One Town,Biryani
Female,45-54,Married,High,Late Night,Saturday,MG Road,Street Food
Male,35-44,Single,High,Dinner,Sunday,Benz Circle,Biryani
Male,35-44,Divorced,High,Lunch,Wednesday,One Town,Street Food
Male,45-54,Married,Middle,Lunch,Thursday,Governorpet,Biryani
Other,55-64,Married,Low,Dinner,Thursday,MG Road,Chinese
Male,25-34,Married,High,Breakfast,Thursday,Bhavanipuram,Biryani
Male,55-64,Single,Low,Late Night,Saturday,MG Road,Chinese
Male,45-54,Single,High,Lunch,Monday,Bhavanipuram,Biryani
Male,55-64,Single,Low,Snack,Thursday,Patamata,South Indian
Other,35-44,Widowed,High,Snack,Tuesday,One Town,Street Food
Other,35-44,Single,High,Dinner,Monday,MG Road,Chinese
Female,55-64,Married,Middle,Breakfast,Thursday,Poranki,Bakery
Female,35-44,Widowed,Middle,Late Night,Thursday,MG Road,Chinese
Male,35-44,Divorced,Upper-Middle,Breakfast,Saturday,Ramachandra Nagar,North Indian
Other,45-54,Widowed,Low,Breakfast,Friday,Gunadala,South Indian
Other,55-64,Married,Middle,Late Night,Sunday,Gunadala,South Indian
Female,45-54,Married,High,Late Night,Saturday,Ramachandra Nagar,Fast Food
Other,18-24,Widowed,Upper-Middle,Lunch,Sunday,Governorpet,South Indian
Other,18-24,Single,Upper-Middle,Dinner,Wednesday,Ramachandra Nagar,North Indian
Other,35-44,Single,Upper-Middle,Lunch,Thursday,Benz Circle,Biryani
Female,18-24,Single,Low,Dinner,Tuesday,Gunadala,Biryani
Other,25-34,Single,Low,Dinner,Monday,One Town,Street Food
Female,18-24,Single,Middle,Late Night,Sunday,Auto Nagar,Biryani
Male,55-64,Married,Upper-Middle,Late Night,Saturday,Bhavanipuram,Fast Food
Other,45-54,Widowed,Upper-Middle,Lunch,Monday,Ramachandra Nagar,North Indian
Other,35-44,Widowed,High,Breakfast,Friday,Governorpet,South Indian
Other,18-24,Single,Upper-Middle,Late Night,Monday,Patamata,Continental
Male,25-34,Widowed,High,Lunch,Monday,Benz Circle,Fast Food
Male,18-24,Widowed,Low,Dinner,Monday,Ramachandra Nagar,North Indian
Other,55-64,Divorced,Upper-Middle,Dinner,Tuesday,Patamata,Biryani
Other,25-34,Single,Upper-Middle,Breakfast,Thursday,Poranki,South Indian
Male,18-24,Single,Middle,Dinner,Saturday,Poranki,Bakery
Other,35-44,Single,Middle,Breakfast,Thursday,Benz Circle,Fast Food
Other,45-54,Divorced,Upper-Middle,Lunch,Friday,MG Road,Chinese
Other,35-44,Single,Middle,Breakfast,Monday,Auto Nagar,Biryani
Other,35-44,Married,High,Snack,Monday,Governorpet,South Indian
Female,18-24,Married,High,Breakfast,Friday,MG Road,Chinese
Female,35-44,Married,High,Snack,Monday,Patamata,Continental
Female,55-64,Single,Low,Breakfast,Tuesday,MG Road,Chinese
Other,45-54,Divorced,Middle,Snack,Friday,Gunadala,Street Food
Female,55-64,Widowed,Low,Breakfast,Friday,Poranki,South Indian
Other,25-34,Single,High,Dinner,Monday,Auto Nagar,Biryani
Other,18-24,Married,High,Dinner,Wednesday,Auto Nagar,Biryani
Male,55-64,Single,Upper-Middle,Dinner,Monday,MG Road,Chinese
Other,35-44,Divorced,Upper-Middle,Snack,Monday,Governorpet,Street Food
Female,25-34,Divorced,Middle,Snack,Thursday,One Town,Street Food
Male,55-64,Widowed,Middle,Late Night,Sunday,Poranki,Bakery
Female,18-24,Divorced,High,Breakfast,Saturday,MG Road,Chinese
Other,25-34,Widowed,Low,Late Night,Sunday,MG Road,Street Food
Other,55-64,Divorced,Upper-Middle,Late Night,Wednesday,Patamata,Fast Food
Other,35-44,Single,Upper-Middle,Late Night,Friday,Patamata,Fast Food
Other,35-44,Married,Upper-Middle,Lunch,Wednesday,Ramachandra Nagar,North Indian
Other,35-44,Married,Middle,Dinner,Tuesday,Poranki,Biryani
Male,18-24,Widowed,Middle,Dinner,Tuesday,MG Road,Biryani
Female,45-54,Single,Middle,Late Night,Tuesday,One Town,North Indian
Male,35-44,Divorced,Middle,Breakfast,Wednesday,Poranki,Bakery
Other,45-54,Single,Low,Dinner,Tuesday,Benz Circle,Fast Food
Male,35-44,Widowed,High,Breakfast,Thursday,Poranki,South Indian
Other,35-44,Widowed,High,Lunch,Saturday,Bhavanipuram,Biryani
Female,45-54,Married,High,Late Night,Monday,Ramachandra Nagar,North Indian
Female,18-24,Divorced,Middle,Lunch,Saturday,Poranki,Biryani
Female,55-64,Divorced,Low,Late Night,Sunday,MG Road,Chinese
Other,55-64,Widowed,Low,Lunch,Saturday,Bhavanipuram,Biryani
Female,35-44,Widowed,Low,Lunch,Monday,MG Road,Biryani
Male,18-24,Married,High,Snack,Saturday,One Town,Street Food
Female,18-24,Widowed,Middle,Late Night,Wednesday,One Town,North Indian
Male,25-34,Divorced,Middle,Snack,Wednesday,Ramachandra Nagar,North Indian
Other,25-34,Divorced,Middle,Dinner,Friday,Governorpet,Biryani
Male,25-34,Divorced,Middle,Lunch,Thursday,Ramachandra Nagar,North Indian
Female,55-64,Married,High,Snack,Monday,Gunadala,South Indian
Other,25-34,Divorced,Low,Breakfast,Saturday,Poranki,Bakery
Male,25-34,Divorced,Middle,Dinner,Saturday,Poranki,Biryani
Female,35-44,Divorced,Upper-Middle,Dinner,Saturday,Benz Circle,Fast Food
Male,25-34,Single,Low,Breakfast,Friday,Bhavanipuram,South Indian
Female,45-54,Widowed,Upper-Middle,Late Night,Monday,Governorpet,South Indian
Female,55-64,Single,Low,Dinner,Friday,Ramachandra Nagar,North Indian
Other,45-54,Widowed,Upper-Middle,Lunch,Wednesday,Patamata,Continental
Male,18-24,Married,High,Snack,Saturday,Auto Nagar,Biryani
Female,55-64,Married,Low,Dinner,Friday,Governorpet,South Indian
Female,25-34,Married,Low,Lunch,Tuesday,One Town,Biryani
Female,55-64,Widowed,Middle,Late Night,Thursday,Poranki,Fast Food
Female,45-54,Divorced,Upper-Middle,Dinner,Sunday,One Town,Street Food
Other,55-64,Single,Low,Breakfast,Sunday,Bhavanipuram,Biryani
Female,45-54,Married,High,Lunch,Saturday,Patamata,Biryani
Other,55-64,Divorced,Middle,Breakfast,Saturday,Benz Circle,Continental
Female,18-24,Divorced,Upper-Middle,Dinner,Friday,Ramachandra Nagar,North Indian
Other,25-34,Widowed,Upper-Middle,Lunch,Wednesday,Benz Circle,Biryani
Other,55-64,Married,Upper-Middle,Breakfast,Saturday,Patamata,Chinese
Other,18-24,Single,High,Dinner,Saturday,One Town,Street Food
Other,45-54,Single,Low,Late Night,Friday,Bhavanipuram,Continental
Male,45-54,Single,High,Dinner,Sunday,One Town,Street Food
Male,45-54,Married,Upper-Middle,Late Night,Sunday,Bhavanipuram,Chinese
Female,55-64,Widowed,High,Breakfast,Wednesday,Gunadala,South Indian
Male,45-54,Married,Middle,Snack,Monday,Ramachandra Nagar,Street Food
Male,25-34,Widowed,Upper-Middle,Lunch,Wednesday,MG Road,South Indian
Female,55-64,Widowed,Low,Lunch,Thursday,Governorpet,South Indian
Male,45-54,Divorced,Low,Late Night,Monday,Gunadala,South Indian
Other,45-54,Widowed,Low,Lunch,Saturday,Gunadala,Biryani
Other,25-34,Single,Upper-Middle,Late Night,Saturday,One Town,Street Food
Other,25-34,Divorced,Middle,Dinner,Wednesday,Patamata,Continental
Other,25-34,Divorced,Middle,Lunch,Friday,MG Road,Chinese
Other,55-64,Married,High,Late Night,Wednesday,One Town,Fast Food
Male,35-44,Widowed,Low,Breakfast,Sunday,Patamata,Continental
Male,45-54,Single,Middle,Breakfast,Saturday,Auto Nagar,Biryani
Male,55-64,Divorced,High,Dinner,Thursday,Ramachandra Nagar,North Indian
Male,25-34,Divorced,Upper-Middle,Dinner,Wednesday,One Town,Biryani
Female,45-54,Divorced,High,Late Night,Friday,Patamata,South Indian
Female,35-44,Single,Low,Dinner,Sunday,Auto Nagar,Biryani
Female,25-34,Single,High,Snack,Saturday,Gunadala,Street Food
Female,18-24,Divorced,Middle,Late Night,Wednesday,Patamata,Continental
Other,55-64,Widowed,Low,Late Night,Tuesday,One Town,Street Food
Female,35-44,Married,Upper-Middle,Late Night,Wednesday,MG Road,Fast Food
Other,45-54,Divorced,Upper-Middle,Snack,Friday,One Town,Street Food
Male,25-34,Married,Middle,Snack,Friday,Auto Nagar,Street Food
Other,25-34,Single,Upper-Middle,Late Night,Thursday,Benz Circle,Fast Food
Male,25-34,Single,Upper-Middle,Breakfast,Sunday,Ramachandra Nagar,North Indian
Male,45-54,Married,High,Dinner,Wednesday,Ramachandra Nagar,North Indian
Other,25-34,Single,Low,Dinner,Friday,Patamata,Biryani
Female,18-24,Widowed,Upper-Middle,Late Night,Tuesday,Ramachandra Nagar,North Indian
Male,55-64,Widowed,Middle,Snack,Tuesday,Patamata,Continental
Male,55-64,Widowed,Middle,Snack,Sunday,Gunadala,Street Food
Male,45-54,Widowed,Middle,Breakfast,Sunday,Auto Nagar,South Indian
Male,55-64,Married,Middle,Dinner,Tuesday,Patamata,Continental
Female,35-44,Married,High,Snack,Thursday,MG Road,Chinese
Female,45-54,Single,High,Dinner,Friday,Governorpet,South Indian
Female,55-64,Married,Low,Snack,Thursday,Gunadala,South Indian
Female,45-54,Widowed,Upper-Middle,Snack,Wednesday,Poranki,Bakery
Other,45-54,Single,High,Dinner,Friday,Poranki,Bakery
Male,35-44,Widowed,Low,Late Night,Thursday,Poranki,Street Food
Other,25-34,Married,Upper-Middle,Breakfast,Monday,Gunadala,South Indian
Other,45-54,Single,High,Dinner,Monday,Poranki,Bakery
Other,45-54,Divorced,High,Breakfast,Friday,MG Road,Chinese
Other,25-34,Single,High,Late Night,Sunday,Poranki,Bakery
Other,45-54,Married,High,Breakfast,Friday,Governorpet,South Indian
Other,55-64,Divorced,Upper-Middle,Late Night,Monday,Poranki,Bakery
Male,18-24,Married,High,Late Night,Tuesday,MG Road,Fast Food
Other,45-54,Single,Middle,Late Night,Friday,Patamata,Fast Food
Other,55-64,Widowed,Upper-Middle,Breakfast,Saturday,Benz Circle,Fast Food
Other,55-64,Married,Middle,Lunch,Saturday,Ramachandra Nagar,Biryani
Other,45-54,Married,Upper-Middle,Late Night,Saturday,Poranki,Fast Food
Female,35-44,Divorced,Upper-Middle,Snack,Wednesday,Bhavanipuram,Biryani
Other,18-24,Widowed,Upper-Middle,Lunch,Thursday,One Town,Street Food
Other,25-34,Single,Low,Snack,Tuesday,Governorpet,Chinese
Other,25-34,Single,Upper-Middle,Breakfast,Monday,Bhavanipuram,Biryani
Other,55-64,Single,Upper-Middle,Breakfast,Saturday,One Town,Street Food
Female,55-64,Widowed,High,Dinner,Saturday,Gunadala,Biryani
Male,35-44,Single,Upper-Middle,Dinner,Sunday,Gunadala,South Indian
Male,18-24,Single,Upper-Middle,Dinner,Saturday,Poranki,Bakery
Female,35-44,Divorced,High,Snack,Thursday,Governorpet,Street Food
Male,35-44,Married,Upper-Middle,Dinner,Monday,Ramachandra Nagar,North Indian
Male,18-24,Widowed,Middle,Dinner,Monday,Patamata,Biryani
Male,55-64,Widowed,Upper-Middle,Breakfast,Monday,Gunadala,Bakery
Female,25-34,Widowed,High,Breakfast,Friday,Bhavanipuram,North Indian
Male,45-54,Married,High,Dinner,Saturday,Gunadala,South Indian
Female,55-64,Single,Low,Dinner,Monday,Governorpet,South Indian
Male,55-64,Single,High,Dinner,Thursday,MG Road,Chinese
Other,35-44,Married,Low,Breakfast,Monday,Ramachandra Nagar,North Indian
Female,18-24,Married,High,Lunch,Monday,Gunadala,Biryani
Male,35-44,Widowed,Upper-Middle,Dinner,Thursday,Benz Circle,Fast Food
Other,35-44,Married,Upper-Middle,Late Night,Monday,Gunadala,South Indian
Other,45-54,Married,Low,Lunch,Thursday,Patamata,Continental
Female,55-64,Widowed,Low,Dinner,Wednesday,Ramachandra Nagar,North Indian
Male,55-64,Married,Middle,Breakfast,Monday,MG Road,Chinese
Male,45-54,Widowed,Middle,Lunch,Sunday,Governorpet,South Indian
Male,25-34,Widowed,Middle,Snack,Monday,Governorpet,Street Food
Female,45-54,Married,Middle,Lunch,Thursday,Patamata,Continental
Male,25-34,Divorced,Low,Dinner,Wednesday,Auto Nagar,Biryani
Female,45-54,Divorced,High,Late Night,Tuesday,Governorpet,South Indian
Female,55-64,Divorced,High,Breakfast,Sunday,Auto Nagar,Biryani
Male,55-64,Single,High,Snack,Saturday,One Town,Street Food
Female,45-54,Divorced,Low,Breakfast,Friday,Patamata,South Indian
Female,45-54,Married,Low,Dinner,Thursday,Governorpet,South Indian
Female,25-34,Married,Upper-Middle,Snack,Thursday,Ramachandra Nagar,North Indian
Male,18-24,Single,Low,Breakfast,Wednesday,Ramachandra Nagar,North Indian
Male,18-24,Widowed,Low,Dinner,Monday,Governorpet,South Indian
Female,45-54,Divorced,High,Breakfast,Monday,MG Road,Chinese
Male,18-24,Widowed,Low,Snack,Tuesday,Bhavanipuram,Biryani
Other,55-64,Single,Low,Lunch,Tuesday,Bhavanipuram,Biryani
Male,18-24,Single,Middle,Late Night,Thursday,One Town,Fast Food
Female,18-24,Divorced,Upper-Middle,Snack,Thursday,Benz Circle,Fast Food
Female,35-44,Single,Upper-Middle,Breakfast,Thursday,Auto Nagar,Biryani
Male,25-34,Divorced,Middle,Lunch,Tuesday,Poranki,Bakery
Other,55-64,Divorced,Low,Breakfast,Thursday,Ramachandra Nagar,South Indian
Female,18-24,Widowed,Low,Snack,Sunday,Gunadala,South Indian
Male,45-54,Single,Middle,Snack,Tuesday,Auto Nagar,Biryani
Female,18-24,Divorced,Low,Snack,Tuesday,One Town,Street Food
Other,25-34,Divorced,Low,Snack,Tuesday,MG Road,Fast Food
Female,35-44,Widowed,Low,Dinner,Friday,Ramachandra Nagar,North Indian
Other,45-54,Single,Upper-Middle,Breakfast,Thursday,Patamata,Continental
Female,45-54,Widowed,Middle,Snack,Wednesday,One Town,Street Food
Male,25-34,Widowed,Middle,Breakfast,Thursday,MG Road,Chinese
Female,25-34,Married,Middle,Snack,Sunday,Benz Circle,Fast Food
Female,55-64,Married,Low,Late Night,Monday,Benz Circle,Fast Food
Other,45-54,Divorced,High,Breakfast,Saturday,Poranki,Bakery
Female,55-64,Divorced,Middle,Dinner,Thursday,Governorpet,South Indian
Female,18-24,Divorced,Middle,Lunch,Sunday,One Town,Street Food
Male,45-54,Single,High,Late Night,Thursday,Bhavanipuram,Biryani
Other,35-44,Divorced,Upper-Middle,Breakfast,Wednesday,MG Road,Chinese
Other,55-64,Divorced,Upper-Middle,Snack,Tuesday,Benz Circle,Fast Food
Other,45-54,Single,Middle,Snack,Friday,One Town,Street Food
Other,45-54,Single,High,Breakfast,Wednesday,Gunadala,South Indian
Other,18-24,Widowed,Upper-Middle,Snack,Friday,Benz Circle,Fast Food
Female,35-44,Married,Low,Lunch,Monday,Patamata,Continental
Other,45-54,Single,Low,Lunch,Thursday,Benz Circle,Fast Food
Other,35-44,Widowed,High,Dinner,Tuesday,Benz Circle,Bakery
Female,18-24,Widowed,High,Lunch,Thursday,Auto Nagar,Biryani
Female,45-54,Widowed,High,Breakfast,Wednesday,Auto Nagar,Biryani
Female,18-24,Divorced,High,Breakfast,Sunday,Bhavanipuram,Biryani
Male,55-64,Single,Upper-Middle,Late Night,Wednesday,Benz Circle,Fast Food
Other,18-24,Widowed,Middle,Breakfast,Sunday,Governorpet,South Indian
Other,45-54,Widowed,Low,Late Night,Thursday,Gunadala,Biryani
Other,35-44,Single,Middle,Dinner,Tuesday,Benz Circle,Fast Food
Male,55-64,Divorced,Upper-Middle,Dinner,Tuesday,Ramachandra Nagar,Biryani
Male,35-44,Divorced,Upper-Middle,Snack,Sunday,Governorpet,South Indian
Male,18-24,Divorced,Low,Snack,Tuesday,Ramachandra Nagar,Street Food
Other,18-24,Widowed,Low,Snack,Sunday,Governorpet,South Indian
Male,35-44,Single,Low,Dinner,Saturday,Auto Nagar,South Indian
Other,25-34,Married,High,Dinner,Friday,Ramachandra Nagar,South Indian
Male,45-54,Single,Middle,Breakfast,Monday,Ramachandra Nagar,North Indian
Female,18-24,Divorced,Middle,Breakfast,Sunday,Auto Nagar,Chinese
Other,18-24,Married,Middle,Late Night,Thursday,Governorpet,Fast Food
Other,45-54,Single,Low,Snack,Thursday,Bhavanipuram,Street Food
Male,45-54,Single,Low,Lunch,Sunday,One Town,Street Food
Female,25-34,Married,High,Lunch,Sunday,Poranki,Bakery
Other,55-64,Divorced,Upper-Middle,Lunch,Sunday,Gunadala,South Indian
Other,45-54,Married,Low,Late Night,Thursday,One Town,Street Food
Male,55-64,Divorced,Upper-Middle,Lunch,Thursday,Ramachandra Nagar,Biryani
Female,35-44,Widowed,High,Snack,Friday,MG Road,Chinese
Male,25-34,Divorced,High,Snack,Monday,Auto Nagar,Biryani
Male,25-34,Single,Upper-Middle,Breakfast,Tuesday,Poranki,Fast Food
Male,18-24,Widowed,Upper-Middle,Breakfast,Tuesday,MG Road,South Indian
Other,25-34,Widowed,Middle,Dinner,Wednesday,Bhavanipuram,Biryani
Female,45-54,Divorced,Upper-Middle,Snack,Saturday,Patamata,Continental
Male,55-64,Widowed,Low,Late Night,Thursday,One Town,Street Food
Male,18-24,Single,High,Lunch,Saturday,Auto Nagar,Continental
Female,35-44,Married,High,Snack,Wednesday,Ramachandra Nagar,North Indian
Other,35-44,Divorced,High,Dinner,Monday,Ramachandra Nagar,North Indian
Other,45-54,Single,Middle,Late Night,Saturday,Bhavanipuram,Fast Food
Male,35-44,Single,Middle,Breakfast,Wednesday,Auto Nagar,Street Food
Other,45-54,Single,Low,Breakfast,Thursday,MG Road,Chinese
Male,25-34,Single,Middle,Snack,Friday,Benz Circle,Street Food
Male,55-64,Widowed,Upper-Middle,Late Night,Saturday,MG Road,Fast Food
Male,25-34,Divorced,Low,Breakfast,Friday,Benz Circle,Fast Food
Other,35-44,Widowed,Low,Late Night,Friday,Ramachandra Nagar,North Indian
Female,25-34,Widowed,Low,Snack,Thursday,Governorpet,South Indian
Male,18-24,Single,Low,Late Night,Sunday,Patamata,Continental
Male,45-54,Widowed,Upper-Middle,Late Night,Monday,Bhavanipuram,Street Food
Male,35-44,Divorced,Low,Lunch,Wednesday,Patamata,Continental
Male,35-44,Divorced,Low,Late Night,Tuesday,Auto Nagar,Biryani
Other,18-24,Divorced,Middle,Late Night,Tuesday,Auto Nagar,Biryani
Other,18-24,Married,Upper-Middle,Breakfast,Tuesday,Ramachandra Nagar,South Indian
Other,18-24,Single,Low,Breakfast,Thursday,Gunadala,South Indian
Male,18-24,Married,Low,Lunch,Tuesday,Poranki,Bakery
Female,25-34,Married,Middle,Dinner,Monday,Benz Circle,Fast Food
Other,45-54,Single,High,Breakfast,Monday,Auto Nagar,Biryani
Male,55-64,Single,Upper-Middle,Breakfast,Thursday,Benz Circle,Fast Food
Female,25-34,Single,Upper-Middle,Late Night,Friday,Ramachandra Nagar,Fast Food
Male,25-34,Widowed,High,Snack,Friday,MG Road,Chinese
Other,25-34,Divorced,Low,Breakfast,Friday,Bhavanipuram,Biryani
Female,35-44,Divorced,Upper-Middle,Breakfast,Friday,Auto Nagar,Biryani
Other,18-24,Widowed,Low,Lunch,Saturday,Governorpet,Biryani
Female,45-54,Divorced,High,Snack,Wednesday,Gunadala,South Indian
Other,45-54,Widowed,Middle,Lunch,Thursday,MG Road,South Indian
Other,55-64,Divorced,High,Snack,Thursday,MG Road,Chinese
Male,18-24,Widowed,Low,Lunch,Saturday,One Town,Street Food
Male,55-64,Divorced,High,Late Night,Wednesday,One Town,Chinese
Female,35-44,Widowed,Middle,Snack,Wednesday,Patamata,Continental
Female,35-44,Single,High,Breakfast,Sunday,Poranki,South Indian
Male,35-44,Married,High,Dinner,Sunday,MG Road,Chinese
Female,25-34,Divorced,Middle,Breakfast,Tuesday,Bhavanipuram,Street Food
Other,45-54,Widowed,High,Breakfast,Tuesday,Poranki,Biryani
Male,55-64,Divorced,Middle,Breakfast,Wednesday,Auto Nagar,Biryani
Female,55-64,Widowed,Middle,Lunch,Saturday,Governorpet,South Indian
Female,55-64,Widowed,Low,Lunch,Saturday,Patamata,Continental
Female,18-24,Single,Middle,Dinner,Wednesday,Bhavanipuram,Biryani
Female,35-44,Widowed,Middle,Lunch,Thursday,Bhavanipuram,Fast Food
Male,35-44,Single,High,Lunch,Saturday,Benz Circle,Biryani
Male,35-44,Divorced,Middle,Breakfast,Saturday,Poranki,South Indian
Other,55-64,Divorced,Middle,Dinner,Tuesday,One Town,Street Food
Other,25-34,Married,Low,Lunch,Sunday,Poranki,Bakery
Other,25-34,Single,Low,Late Night,Sunday,Bhavanipuram,Fast Food
Female,25-34,Widowed,High,Late Night,Sunday,MG Road,Chinese
Female,18-24,Widowed,Low,Late Night,Monday,Governorpet,South Indian
Other,55-64,Widowed,High,Snack,Thursday,Benz Circle,Fast Food
Other,25-34,Single,Upper-Middle,Snack,Thursday,Bhavanipuram,Biryani
Male,35-44,Single,Low,Dinner,Tuesday,Ramachandra Nagar,North Indian
Male,35-44,Single,Middle,Dinner,Sunday,Poranki,Biryani
Male,45-54,Widowed,High,Snack,Tuesday,Poranki,Street Food
Other,25-34,Divorced,Upper-Middle,Breakfast,Sunday,Poranki,North Indian
Other,18-24,Divorced,High,Late Night,Tuesday,Ramachandra Nagar,Chinese
Other,25-34,Married,Middle,Snack,Thursday,Bhavanipuram,Biryani
Male,35-44,Single,Low,Breakfast,Wednesday,Governorpet,South Indian
Other,18-24,Widowed,Low,Snack,Tuesday,One Town,Street Food
Male,55-64,Divorced,Low,Breakfast,Wednesday,Poranki,Bakery
Female,45-54,Widowed,Low,Dinner,Sunday,Ramachandra Nagar,North Indian
Other,18-24,Married,Middle,Late Night,Friday,Bhavanipuram,Fast Food
Male,35-44,Married,Middle,Late Night,Thursday,Bhavanipuram,Fast Food
Other,35-44,Single,Upper-Middle,Snack,Monday,MG Road,Street Food
Female,45-54,Single,High,Dinner,Monday,Ramachandra Nagar,Biryani
Female,18-24,Single,Upper-Middle,Dinner,Wednesday,Gunadala,South Indian
Male,25-34,Married,Low,Lunch,Wednesday,Ramachandra Nagar,North Indian
Other,45-54,Married,High,Dinner,Tuesday,One Town,Fast Food
Male,35-44,Married,High,Breakfast,Thursday,Gunadala,South Indian
Male,25-34,Divorced,Low,Breakfast,Saturday,Bhavanipuram,North Indian
Female,35-44,Widowed,Middle,Breakfast,Friday,Poranki,South Indian
Male,35-44,Single,Upper-Middle,Breakfast,Friday,Benz Circle,Fast Food
Male,55-64,Divorced,High,Lunch,Monday,Bhavanipuram,Biryani
Female,25-34,Widowed,High,Late Night,Thursday,Gunadala,South Indian
Other,45-54,Married,Upper-Middle,Dinner,Monday,Patamata,Continental
Male,25-34,Divorced,Low,Breakfast,Monday,Ramachandra Nagar,South Indian
Male,35-44,Single,High,Late Night,Friday,Bhavanipuram,Fast Food
Male,18-24,Divorced,Middle,Lunch,Saturday,Poranki,Biryani
Female,18-24,Single,High,Late Night,Friday,Benz Circle,Fast Food
Male,18-24,Divorced,Upper-Middle,Late Night,Sunday,MG Road,Chinese
Other,55-64,Widowed,Upper-Middle,Dinner,Thursday,Poranki,Biryani
Other,25-34,Married,Upper-Middle,Late Night,Wednesday,Auto Nagar,Street Food
Male,55-64,Divorced,Low,Dinner,Wednesday,MG Road,Chinese
Female,25-34,Married,Upper-Middle,Breakfast,Friday,Patamata,Continental
Male,55-64,Widowed,Middle,Dinner,Wednesday,MG Road,Chinese
Male,45-54,Widowed,Low,Snack,Tuesday,Governorpet,South Indian
Female,25-34,Divorced,Low,Snack,Friday,Bhavanipuram,Biryani
Other,18-24,Divorced,Upper-Middle,Breakfast,Tuesday,Ramachandra Nagar,North Indian
Other,18-24,Married,Upper-Middle,Late Night,Monday,Ramachandra Nagar,Fast Food
Other,45-54,Single,Low,Snack,Wednesday,Governorpet,Street Food
Other,25-34,Single,Upper-Middle,Lunch,Thursday,Gunadala,South Indian
Male,25-34,Widowed,High,Snack,Thursday,Poranki,Bakery
Female,25-34,Married,Low,Breakfast,Tuesday,MG Road,Chinese
Female,18-24,Widowed,High,Breakfast,Wednesday,MG Road,Chinese
Other,25-34,Divorced,Upper-Middle,Dinner,Friday,Poranki,Bakery
Female,45-54,Single,Middle,Dinner,Friday,Poranki,Biryani
Other,55-64,Divorced,Middle,Dinner,Friday,Ramachandra Nagar,North Indian
Other,35-44,Single,Upper-Middle,Breakfast,Thursday,Benz Circle,Fast Food
Female,18-24,Single,High,Snack,Saturday,One Town,Street Food
Other,45-54,Married,Low,Late Night,Thursday,Ramachandra Nagar,Fast Food
Other,18-24,Divorced,Upper-Middle,Breakfast,Sunday,Governorpet,South Indian
Male,45-54,Divorced,Upper-Middle,Snack,Thursday,Poranki,Street Food
Other,25-34,Widowed,Middle,Snack,Monday,Poranki,Street Food
Male,55-64,Married,Low,Snack,Saturday,One Town,Street Food
Other,35-44,Widowed,High,Lunch,Tuesday,MG Road,Chinese
Male,55-64,Single,High,Snack,Friday,Bhavanipuram,Biryani
Male,35-44,Divorced,Low,Breakfast,Sunday,Ramachandra Nagar,North Indian
Female,25-34,Divorced,Middle,Late Night,Wednesday,Ramachandra Nagar,North Indian
Female,35-44,Divorced,Low,Late Night,Sunday,Poranki,Bakery
Other,45-54,Single,Low,Dinner,Tuesday,Auto Nagar,Biryani
Female,35-44,Single,Low,Lunch,Sunday,Ramachandra Nagar,Biryani
Other,35-44,Divorced,Middle,Late Night,Tuesday,Gunadala,North Indian
Female,55-64,Single,Low,Late Night,Saturday,Gunadala,Chinese
Other,55-64,Single,Middle,Snack,Thursday,Patamata,Continental
Male,55-64,Divorced,Middle,Lunch,Monday,MG Road,Chinese
Other,25-34,Married,Low,Late Night,Thursday,Poranki,Bakery
Other,35-44,Married,Middle,Dinner,Friday,Governorpet,Biryani
Male,55-64,Single,Middle,Breakfast,Tuesday,Benz Circle,South Indian
Other,25-34,Single,Low,Dinner,Wednesday,MG Road,North Indian
Other,45-54,Married,Middle,Snack,Sunday,Poranki,Bakery
Female,25-34,Divorced,High,Snack,Tuesday,Governorpet,South Indian
Other,55-64,Single,Low,Breakfast,Saturday,Auto Nagar,Biryani
Female,18-24,Divorced,Middle,Lunch,Tuesday,Ramachandra Nagar,North Indian
Male,45-54,Married,Low,Breakfast,Sunday,Gunadala,South Indian
Male,25-34,Single,Upper-Middle,Lunch,Thursday,Auto Nagar,Biryani
Other,45-54,Divorced,Middle,Snack,Monday,Patamata,Continental
Male,25-34,Married,Low,Snack,Sunday,Poranki,Bakery
Female,25-34,Single,High,Snack,Monday,One Town,Street Food
Other,35-44,Single,High,Lunch,Thursday,Auto Nagar,Biryani
Male,35-44,Divorced,High,Lunch,Saturday,Bhavanipuram,Biryani
Female,45-54,Divorced,Middle,Late Night,Monday,One Town,Fast Food
Male,45-54,Married,High,Dinner,Monday,Benz Circle,Biryani
Male,45-54,Widowed,High,Snack,Saturday,Governorpet,South Indian
Female,45-54,Married,High,Dinner,Friday,Poranki,Bakery
Male,35-44,Married,High,Breakfast,Saturday,Governorpet,Continental
Other,35-44,Single,Upper-Middle,Late Night,Tuesday,Poranki,Bakery
Male,18-24,Married,Middle,Dinner,Tuesday,Poranki,Biryani
Female,18-24,Widowed,Middle,Snack,Sunday,Gunadala,South Indian
Female,35-44,Married,Low,Dinner,Tuesday,Governorpet,Continental
Female,55-64,Married,Low,Lunch,Wednesday,Poranki,Bakery
Female,45-54,Single,Upper-Middle,Snack,Tuesday,Ramachandra Nagar,North Indian
Female,55-64,Married,Upper-Middle,Snack,Wednesday,Gunadala,South Indian
Male,18-24,Married,Upper-Middle,Breakfast,Wednesday,Ramachandra Nagar,North Indian
Male,45-54,Widowed,Low,Breakfast,Tuesday,Governorpet,South Indian
Other,18-24,Widowed,Middle,Late Night,Monday,Patamata,Continental
Female,25-34,Single,Upper-Middle,Late Night,Wednesday,Bhavanipuram,Fast Food
Other,55-64,Single,Middle,Snack,Saturday,Governorpet,Street Food
Other,45-54,Widowed,Low,Late Night,Sunday,Auto Nagar,Fast Food
Male,35-44,Widowed,Upper-Middle,Lunch,Monday,MG Road,Chinese
Female,25-34,Married,Upper-Middle,Lunch,Monday,Auto Nagar,Continental
Male,45-54,Single,Low,Lunch,Monday,Benz Circle,Fast Food
Female,25-34,Widowed,Upper-Middle,Dinner,Friday,MG Road,Biryani
Other,55-64,Widowed,Middle,Lunch,Monday,Governorpet,Biryani
Male,55-64,Married,Middle,Late Night,Sunday,Governorpet,Fast Food
Male,25-34,Single,Low,Dinner,Saturday,Governorpet,Continental
Other,25-34,Single,High,Dinner,Thursday,One Town,Street Food
Other,35-44,Divorced,Middle,Dinner,Sunday,Auto Nagar,Biryani
Male,25-34,Married,Upper-Middle,Late Night,Sunday,Auto Nagar,Fast Food
Male,45-54,Single,High,Dinner,Thursday,Patamata,Continental
Male,35-44,Single,High,Late Night,Tuesday,One Town,Street Food
Male,18-24,Divorced,High,Dinner,Friday,Auto Nagar,Biryani
Female,45-54,Divorced,High,Breakfast,Sunday,Gunadala,South Indian
Male,25-34,Single,Low,Late Night,Thursday,Auto Nagar,Biryani
Female,25-34,Married,Upper-Middle,Lunch,Monday,Poranki,Street Food
Other,18-24,Divorced,Middle,Dinner,Thursday,Poranki,Bakery
Male,25-34,Divorced,Low,Late Night,Tuesday,One Town,Street Food
Female,35-44,Married,High,Late Night,Monday,Poranki,Fast Food
Female,45-54,Widowed,High,Breakfast,Tuesday,Patamata,Continental
Other,55-64,Widowed,Middle,Late Night,Monday,Patamata,Continental
Other,25-34,Single,High,Snack,Tuesday,Poranki,Bakery
Other,55-64,Divorced,High,Dinner,Monday,Gunadala,South Indian
Male,55-64,Widowed,Middle,Late Night,Thursday,Auto Nagar,Biryani
Other,18-24,Single,High,Dinner,Wednesday,Governorpet,South Indian
Male,35-44,Married,Upper-Middle,Late Night,Friday,One Town,Street Food
Male,18-24,Widowed,Upper-Middle,Snack,Monday,Auto Nagar,Street Food
Other,45-54,Single,High,Late Night,Sunday,One Town,Street Food
Other,45-54,Widowed,Middle,Dinner,Wednesday,Auto Nagar,Biryani
Other,45-54,Single,High,Breakfast,Tuesday,Ramachandra Nagar,North Indian
Male,35-44,Married,High,Snack,Wednesday,Patamata,Continental
Female,18-24,Widowed,Upper-Middle,Breakfast,Thursday,Poranki,South Indian
Male,18-24,Married,High,Lunch,Sunday,Poranki,Bakery
Female,18-24,Married,Upper-Middle,Dinner,Tuesday,Poranki,Bakery
Female,45-54,Single,Middle,Late Night,Wednesday,Bhavanipuram,Fast Food
Other,45-54,Single,Low,Late Night,Tuesday,Governorpet,South Indian
Male,25-34,Single,Low,Late Night,Saturday,Poranki,Bakery
Other,45-54,Widowed,Middle,Breakfast,Sunday,Patamata,Continental
Male,55-64,Single,Middle,Dinner,Wednesday,Governorpet,South Indian
Other,45-54,Married,Middle,Dinner,Sunday,MG Road,Biryani
Female,45-54,Married,High,Dinner,Thursday,Poranki,Biryani
Male,45-54,Single,Upper-Middle,Breakfast,Saturday,Benz Circle,South Indian
Male,18-24,Divorced,Middle,Lunch,Monday,Ramachandra Nagar,North Indian
Male,55-64,Married,High,Late Night,Tuesday,Bhavanipuram,Fast Food
Male,45-54,Divorced,High,Breakfast,Sunday,Benz Circle,North Indian
Female,55-64,Married,High,Snack,Tuesday,One Town,Street Food
Other,18-24,Divorced,High,Breakfast,Monday,One Town,Street Food
Male,18-24,Widowed,Upper-Middle,Snack,Wednesday,Patamata,Continental
Female,35-44,Widowed,Upper-Middle,Lunch,Saturday,MG Road,Chinese
Male,18-24,Married,Low,Dinner,Tuesday,MG Road,South Indian
Male,18-24,Married,High,Dinner,Thursday,MG Road,Chinese
Other,25-34,Divorced,High,Breakfast,Wednesday,Poranki,Bakery
Other,35-44,Single,Middle,Breakfast,Thursday,Poranki,Chinese
Male,18-24,Widowed,High,Lunch,Wednesday,Auto Nagar,Bakery
Other,35-44,Divorced,Upper-Middle,Snack,Thursday,Ramachandra Nagar,Continental
Female,45-54,Married,Upper-Middle,Dinner,Wednesday,Gunadala,Biryani
Male,45-54,Widowed,High,Snack,Sunday,MG Road,Chinese
Male,45-54,Widowed,Upper-Middle,Lunch,Monday,Governorpet,Biryani
Other,45-54,Divorced,Upper-Middle,Lunch,Saturday,Ramachandra Nagar,Biryani
Male,35-44,Single,Middle,Snack,Tuesday,MG Road,Chinese
Male,18-24,Married,Middle,Dinner,Thursday,Benz Circle,Continental
Male,25-34,Single,Low,Lunch,Tuesday,Patamata,Continental
Other,45-54,Single,Upper-Middle,Late Night,Tuesday,Governorpet,South Indian
Male,55-64,Single,Low,Snack,Friday,Bhavanipuram,Biryani
Female,45-54,Single,Low,Dinner,Thursday,Auto Nagar,Biryani
Female,35-44,Divorced,Low,Lunch,Saturday,Ramachandra Nagar,Biryani
Other,35-44,Married,Middle,Late Night,Wednesday,Patamata,Continental
Male,18-24,Divorced,Upper-Middle,Breakfast,Thursday,Gunadala,South Indian
Female,25-34,Married,Upper-Middle,Late Night,Saturday,Ramachandra Nagar,Fast Food
Other,18-24,Widowed,High,Late Night,Monday,Governorpet,Fast Food
Other,25-34,Divorced,Middle,Dinner,Thursday,Ramachandra Nagar,Biryani
Male,18-24,Widowed,Middle,Lunch,Friday,One Town,Street Food
Female,35-44,Single,Middle,Breakfast,Thursday,Bhavanipuram,South Indian
Female,35-44,Widowed,High,Late Night,Thursday,Bhavanipuram,South Indian
Other,35-44,Widowed,Upper-Middle,Breakfast,Saturday,Auto Nagar,South Indian
Female,35-44,Married,Low,Dinner,Thursday,Poranki,Bakery
Female,25-34,Divorced,High,Snack,Saturday,Governorpet,Street Food
Other,45-54,Single,Middle,Snack,Wednesday,Ramachandra Nagar,Chinese
Other,55-64,Married,High,Late Night,Wednesday,MG Road,Fast Food
Other,25-34,Married,Upper-Middle,Dinner,Monday,One Town,Biryani
Female,55-64,Married,Upper-Middle,Snack,Friday,Ramachandra Nagar,North Indian
Male,25-34,Married,Middle,Lunch,Tuesday,Ramachandra Nagar,North Indian
Male,25-34,Widowed,Low,Lunch,Friday,Auto Nagar,Biryani
Male,18-24,Widowed,Low,Breakfast,Friday,MG Road,Chinese
Female,25-34,Divorced,Middle,Dinner,Saturday,Ramachandra Nagar,North Indian
Male,25-34,Married,Low,Breakfast,Friday,Governorpet,South Indian
Female,25-34,Married,Low,Late Night,Saturday,Poranki,Bakery
Other,35-44,Widowed,High,Dinner,Friday,Poranki,Biryani
Male,35-44,Married,High,Lunch,Friday,MG Road,Biryani
Other,35-44,Divorced,High,Snack,Thursday,One Town,Street Food
Male,18-24,Single,Low,Snack,Saturday,One Town,Bakery
Other,35-44,Single,Upper-Middle,Late Night,Friday,Gunadala,Fast Food
Female,18-24,Widowed,Low,Snack,Thursday,Ramachandra Nagar,Street Food
Male,25-34,Divorced,Low,Breakfast,Sunday,Benz Circle,Fast Food
Other,25-34,Married,High,Late Night,Wednesday,Auto Nagar,Biryani
Male,25-34,Divorced,Middle,Late Night,Sunday,Benz Circle,Fast Food
Male,35-44,Divorced,Upper-Middle,Breakfast,Monday,Poranki,Bakery
Female,55-64,Divorced,Upper-Middle,Breakfast,Friday,Patamata,Continental
Male,35-44,Married,Upper-Middle,Late Night,Thursday,Patamata,Street Food
Other,18-24,Widowed,Upper-Middle,Late Night,Friday,Benz Circle,Fast Food
Female,35-44,Married,High,Lunch,Friday,MG Road,Chinese
Other,35-44,Widowed,High,Lunch,Sunday,MG Road,Biryani
Other,18-24,Married,High,Late Night,Saturday,One Town,Street Food
Other,25-34,Single,Upper-Middle,Snack,Monday,Governorpet,South Indian
Female,35-44,Divorced,Low,Breakfast,Wednesday,MG Road,Chinese
Other,55-64,Widowed,Low,Lunch,Friday,Benz Circle,Fast Food
Male,18-24,Widowed,Upper-Middle,Late Night,Monday,MG Road,Chinese
Male,18-24,Married,Low,Dinner,Saturday,Governorpet,Biryani
Other,55-64,Married,High,Snack,Wednesday,Auto Nagar,Biryani
Other,45-54,Divorced,Upper-Middle,Late Night,Tuesday,Ramachandra Nagar,North Indian
Female,55-64,Married,Middle,Breakfast,Thursday,Bhavanipuram,Biryani
Other,55-64,Single,High,Dinner,Saturday,Poranki,Bakery
Female,45-54,Divorced,High,Lunch,Tuesday,One Town,Biryani
Female,18-24,Married,High,Lunch,Sunday,One Town,Street Food
Other,55-64,Divorced,Middle,Breakfast,Friday,Patamata,Continental
Male,45-54,Divorced,Low,Snack,Tuesday,Patamata,Continental
Female,45-54,Widowed,Low,Snack,Tuesday,Patamata,Continental
Male,55-64,Married,Upper-Middle,Late Night,Saturday,Auto Nagar,Biryani
Male,55-64,Single,Low,Breakfast,Wednesday,Auto Nagar,Biryani
Female,25-34,Divorced,High,Late Night,Saturday,Gunadala,Fast Food
Female,25-34,Widowed,High,Breakfast,Saturday,Auto Nagar,Biryani
Female,35-44,Single,Upper-Middle,Snack,Thursday,Ramachandra Nagar,Street Food
Female,35-44,Single,Upper-Middle,Breakfast,Friday,Ramachandra Nagar,North Indian
Female,55-64,Divorced,Upper-Middle,Lunch,Thursday,Benz Circle,Biryani
Other,55-64,Single,High,Lunch,Thursday,Governorpet,South Indian
Male,45-54,Married,Low,Dinner,Saturday,One Town,Street Food
Male,35-44,Single,High,Breakfast,Sunday,Benz Circle,Fast Food
Female,18-24,Married,Upper-Middle,Late Night,Wednesday,Governorpet,South Indian
Other,18-24,Single,Upper-Middle,Late Night,Saturday,Bhavanipuram,Fast Food
Other,35-44,Married,Low,Snack,Wednesday,One Town,Street Food
Male,45-54,Single,Upper-Middle,Lunch,Friday,Patamata,Continental
Male,55-64,Single,Upper-Middle,Breakfast,Sunday,Benz Circle,Fast Food
Other,55-64,Widowed,High,Dinner,Tuesday,Gunadala,South Indian
Male,25-34,Single,Low,Lunch,Monday,Gunadala,South Indian
Other,35-44,Single,Low,Lunch,Sunday,Benz Circle,Fast Food
Other,35-44,Single,Upper-Middle,Snack,Sunday,Ramachandra Nagar,North Indian
Male,25-34,Divorced,High,Dinner,Tuesday,Gunadala,Biryani
Male,25-34,Single,Middle,Lunch,Monday,Auto Nagar,Biryani
Male,55-64,Widowed,Upper-Middle,Late Night,Saturday,One Town,Street Food
Other,35-44,Married,Middle,Snack,Saturday,One Town,Street Food
Female,18-24,Divorced,High,Late Night,Sunday,Governorpet,South Indian
Female,45-54,Divorced,Middle,Lunch,Wednesday,Governorpet,South Indian
Other,45-54,Married,Low,Lunch,Tuesday,One Town,Street Food
Female,45-54,Divorced,Low,Snack,Friday,Governorpet,South Indian
Other,18-24,Married,Middle,Lunch,Friday,Bhavanipuram,Biryani
Female,45-54,Widowed,Low,Lunch,Wednesday,Patamata,South Indian
Other,55-64,Widowed,Middle,Dinner,Tuesday,MG Road,Chinese
Female,55-64,Divorced,High,Late Night,Friday,Patamata,Continental
Male,45-54,Divorced,Middle,Lunch,Sunday,Benz Circle,Fast Food
Male,25-34,Married,High,Snack,Tuesday,Auto Nagar,Biryani
Female,45-54,Divorced,High,Snack,Monday,One Town,Street Food
Other,55-64,Single,High,Late Night,Saturday,Auto Nagar,Biryani
Male,35-44,Widowed,High,Snack,Sunday,Bhavanipuram,Biryani
Male,18-24,Single,Upper-Middle,Dinner,Thursday,MG Road,Chinese
Female,55-64,Divorced,Upper-Middle,Lunch,Thursday,Gunadala,South Indian
Male,45-54,Widowed,Low,Breakfast,Sunday,Patamata,Continental
Male,25-34,Single,Upper-Middle,Breakfast,Friday,Gunadala,South Indian
Other,25-34,Divorced,Upper-Middle,Breakfast,Monday,Auto Nagar,South Indian
Female,35-44,Married,High,Breakfast,Thursday,Gunadala,South Indian
Male,55-64,Married,Middle,Snack,Monday,Auto Nagar,Street Food
Male,45-54,Divorced,High,Breakfast,Wednesday,MG Road,North Indian
Male,35-44,Single,High,Breakfast,Wednesday,One Town,Street Food
Other,35-44,Married,Upper-Middle,Lunch,Thursday,Poranki,Biryani
Female,55-64,Married,Middle,Breakfast,Monday,Benz Circle,Biryani
Male,55-64,Single,Upper-Middle,Breakfast,Thursday,One Town,Street Food
Male,55-64,Single,High,Lunch,Friday,Patamata,Continental
Female,18-24,Married,Low,Lunch,Friday,Ramachandra Nagar,North Indian
Male,45-54,Divorced,Middle,Lunch,Saturday,Gunadala,South Indian
Other,25-34,Married,Low,Late Night,Tuesday,Auto Nagar,Biryani
Female,55-64,Widowed,Low,Snack,Friday,Gunadala,Street Food
Male,55-64,Divorced,High,Late Night,Tuesday,Benz Circle,Fast Food
Other,18-24,Divorced,Middle,Snack,Tuesday,Bhavanipuram,Biryani
Female,18-24,Single,Upper-Middle,Lunch,Sunday,One Town,Street Food
Male,35-44,Widowed,High,Dinner,Thursday,One Town,Street Food
Other,18-24,Married,Middle,Late Night,Friday,Patamata,Fast Food
Male,45-54,Single,Upper-Middle,Dinner,Friday,Poranki,Bakery
Male,18-24,Widowed,High,Snack,Friday,Ramachandra Nagar,North Indian
Female,55-64,Married,High,Lunch,Wednesday,Benz Circle,Biryani
Male,55-64,Single,Low,Late Night,Friday,Bhavanipuram,Biryani
Male,35-44,Widowed,High,Breakfast,Wednesday,Benz Circle,Fast Food
Other,18-24,Divorced,Middle,Snack,Sunday,Bhavanipuram,Biryani
Male,25-34,Widowed,Upper-Middle,Lunch,Saturday,Gunadala,South Indian
Female,45-54,Widowed,Low,Lunch,Friday,MG Road,Chinese
Other,55-64,Married,High,Dinner,Friday,Patamata,Continental
Male,35-44,Married,Upper-Middle,Lunch,Wednesday,One Town,Street Food
Other,55-64,Widowed,High,Dinner,Tuesday,One Town,Street Food
Other,25-34,Single,High,Late Night,Thursday,Governorpet,Fast Food
Male,45-54,Divorced,High,Late Night,Friday,Patamata,Continental
Female,25-34,Single,High,Breakfast,Saturday,Poranki,Bakery
Female,55-64,Widowed,High,Snack,Friday,Poranki,Bakery
Other,35-44,Widowed,High,Late Night,Thursday,Bhavanipuram,Biryani
Male,55-64,Married,High,Late Night,Thursday,Bhavanipuram,Biryani
Other,55-64,Married,Middle,Late Night,Tuesday,Ramachandra Nagar,North Indian
Female,55-64,Single,High,Late Night,Tuesday,MG Road,Chinese
Female,45-54,Divorced,Upper-Middle,Dinner,Sunday,MG Road,Chinese
Female,25-34,Divorced,Middle,Snack,Sunday,Benz Circle,Street Food
Other,45-54,Divorced,Upper-Middle,Snack,Tuesday,Poranki,Street Food
Other,55-64,Single,High,Dinner,Monday,Auto Nagar,Biryani
Female,45-54,Married,Low,Lunch,Monday,Ramachandra Nagar,Biryani
Female,35-44,Divorced,High,Dinner,Saturday,Ramachandra Nagar,Biryani
Other,35-44,Widowed,Upper-Middle,Breakfast,Friday,Gunadala,Bakery
Male,45-54,Single,Middle,Snack,Monday,Ramachandra Nagar,South Indian
Female,55-64,Married,High,Snack,Monday,Ramachandra Nagar,Street Food
Female,55-64,Divorced,High,Snack,Thursday,Patamata,Continental
Other,25-34,Divorced,Upper-Middle,Lunch,Saturday,Bhavanipuram,Biryani
Female,18-24,Divorced,Low,Late Night,Thursday,Governorpet,South Indian
Other,25-34,Single,Upper-Middle,Lunch,Saturday,Auto Nagar,Biryani
Female,18-24,Widowed,Low,Lunch,Tuesday,Patamata,Biryani
Other,35-44,Widowed,Low,Dinner,Thursday,Gunadala,North Indian
Other,18-24,Married,Low,Snack,Thursday,One Town,Continental
Female,25-34,Married,High,Dinner,Monday,Ramachandra Nagar,North Indian
Female,35-44,Single,Upper-Middle,Lunch,Sunday,Auto Nagar,Biryani
Male,18-24,Widowed,Low,Late Night,Tuesday,MG Road,Chinese
Female,45-54,Divorced,Upper-Middle,Dinner,Wednesday,Ramachandra Nagar,North Indian
Other,18-24,Single,Upper-Middle,Breakfast,Friday,Benz Circle,Fast Food
Male,45-54,Single,High,Lunch,Thursday,Patamata,Continental
Other,35-44,Divorced,Low,Breakfast,Monday,Bhavanipuram,Biryani
Male,18-24,Married,Upper-Middle,Late Night,Monday,Auto Nagar,North Indian
Male,55-64,Single,Middle,Late Night,Tuesday,MG Road,Fast Food
Female,25-34,Divorced,Low,Breakfast,Tuesday,Bhavanipuram,Chinese
Male,18-24,Divorced,High,Lunch,Tuesday,One Town,Biryani
Male,55-64,Married,Low,Snack,Friday,Auto Nagar,Biryani
Male,45-54,Single,High,Snack,Thursday,MG Road,Street Food
Female,18-24,Divorced,Low,Breakfast,Monday,Governorpet,Continental
Other,35-44,Single,Upper-Middle,Dinner,Thursday,MG Road,Chinese
Other,25-34,Single,Low,Lunch,Monday,Bhavanipuram,Biryani
Female,25-34,Divorced,High,Dinner,Wednesday,Governorpet,Biryani
Female,25-34,Divorced,Middle,Dinner,Tuesday,One Town,Street Food
Male,45-54,Widowed,Middle,Lunch,Tuesday,MG Road,Chinese
Male,55-64,Divorced,Upper-Middle,Snack,Monday,Benz Circle,Fast Food
Female,25-34,Divorced,High,Dinner,Tuesday,Governorpet,Street Food
Male,18-24,Married,Upper-Middle,Breakfast,Friday,Auto Nagar,South Indian
Female,55-64,Married,Low,Breakfast,Friday,Auto Nagar,South Indian
Female,35-44,Married,Middle,Breakfast,Sunday,Patamata,Continental
Male,45-54,Single,Middle,Lunch,Wednesday,One Town,Street Food
Other,55-64,Divorced,High,Lunch,Sunday,Governorpet,South Indian
Male,18-24,Widowed,Low,Dinner,Tuesday,Bhavanipuram,Biryani
Other,55-64,Single,Upper-Middle,Dinner,Saturday,Governorpet,South Indian
Female,35-44,Single,Low,Lunch,Sunday,Poranki,Bakery
Male,25-34,Single,Middle,Dinner,Sunday,Governorpet,South Indian
Other,18-24,Married,Low,Breakfast,Monday,Governorpet,South Indian
Other,25-34,Divorced,High,Snack,Sunday,Auto Nagar,Biryani
Other,18-24,Widowed,Upper-Middle,Lunch,Friday,Ramachandra Nagar,North Indian
Female,55-64,Married,High,Dinner,Sunday,Patamata,Continental
Other,45-54,Widowed,High,Lunch,Sunday,Patamata,Continental
Male,18-24,Single,Upper-Middle,Snack,Monday,Ramachandra Nagar,North Indian
Other,55-64,Widowed,Middle,Late Night,Friday,MG Road,Fast Food
Other,35-44,Widowed,High,Lunch,Saturday,Patamata,Biryani
Female,45-54,Married,High,Breakfast,Friday,Patamata,Continental
Other,55-64,Widowed,Low,Late Night,Friday,Gunadala,Fast Food
Female,25-34,Widowed,Low,Late Night,Tuesday,Benz Circle,Fast Food
Other,45-54,Divorced,High,Late Night,Friday,Benz Circle,Biryani
Other,18-24,Married,High,Lunch,Monday,MG Road,Chinese
Male,35-44,Married,Upper-Middle,Dinner,Thursday,Benz Circle,Biryani
Female,18-24,Widowed,Middle,Late Night,Sunday,Gunadala,South Indian
Male,55-64,Divorced,Upper-Middle,Dinner,Wednesday,Auto Nagar,Biryani
Female,18-24,Divorced,Low,Lunch,Friday,Benz Circle,Fast Food
Male,18-24,Widowed,Middle,Breakfast,Friday,Gunadala,Chinese
Female,35-44,Divorced,High,Late Night,Monday,Bhavanipuram,Biryani
Other,35-44,Divorced,High,Breakfast,Saturday,One Town,Street Food
Male,55-64,Married,Upper-Middle,Breakfast,Monday,Patamata,Continental
Male,18-24,Divorced,High,Dinner,Sunday,Benz Circle,Biryani
Other,25-34,Divorced,Upper-Middle,Dinner,Tuesday,Gunadala,North Indian
Male,35-44,Widowed,Low,Late Night,Wednesday,Patamata,Fast Food
Male,18-24,Divorced,Upper-Middle,Snack,Tuesday,Ramachandra Nagar,North Indian
Male,45-54,Widowed,Upper-Middle,Breakfast,Friday,Governorpet,South Indian
Male,55-64,Widowed,Low,Late Night,Wednesday,MG Road,Chinese
Male,55-64,Divorced,Middle,Breakfast,Thursday,One Town,Street Food
Other,18-24,Divorced,High,Breakfast,Tuesday,Ramachandra Nagar,North Indian
Female,35-44,Divorced,Low,Lunch,Thursday,Benz Circle,Fast Food
Other,45-54,Widowed,Upper-Middle,Dinner,Wednesday,Governorpet,South Indian
Female,45-54,Widowed,Middle,Lunch,Friday,One Town,Biryani
Male,55-64,Single,Low,Late Night,Saturday,Gunadala,South Indian
Male,35-44,Single,Low,Breakfast,Friday,One Town,Street Food
Male,55-64,Married,Low,Snack,Thursday,Gunadala,South Indian
Other,55-64,Divorced,Low,Breakfast,Monday,Bhavanipuram,Biryani
Female,35-44,Married,High,Lunch,Wednesday,Ramachandra Nagar,Biryani
Other,18-24,Married,High,Snack,Saturday,MG Road,Chinese
Female,55-64,Divorced,Upper-Middle,Lunch,Saturday,Bhavanipuram,Biryani
Male,55-64,Divorced,Middle,Breakfast,Saturday,Patamata,Continental
Female,25-34,Married,Low,Lunch,Thursday,Benz Circle,Fast Food
Male,35-44,Divorced,Middle,Snack,Sunday,MG Road,Chinese
Female,45-54,Married,High,Snack,Monday,Patamata,Continental
Female,35-44,Single,Middle,Late Night,Friday,Ramachandra Nagar,North Indian
Male,45-54,Single,Low,Late Night,Wednesday,MG Road,Chinese
Female,18-24,Widowed,Upper-Middle,Dinner,Monday,One Town,Street Food
Female,18-24,Divorced,Low,Dinner,Sunday,Bhavanipuram,Biryani
Female,18-24,Divorced,Low,Dinner,Thursday,Poranki,Bakery
Female,18-24,Married,Low,Snack,Sunday,Governorpet,South Indian
Female,18-24,Married,Middle,Snack,Saturday,Poranki,Bakery
Other,55-64,Divorced,Low,Breakfast,Saturday,Ramachandra Nagar,North Indian
Other,35-44,Married,Upper-Middle,Lunch,Wednesday,One Town,Street Food
Male,25-34,Divorced,High,Late Night,Wednesday,Patamata,Continental
Other,55-64,Widowed,Middle,Breakfast,Sunday,Auto Nagar,Biryani
Male,25-34,Widowed,Low,Breakfast,Saturday,Governorpet,South Indian
Other,35-44,Divorced,Low,Dinner,Thursday,Benz Circle,Fast Food
Female,55-64,Widowed,Upper-Middle,Late Night,Sunday,Benz Circle,Fast Food
Other,25-34,Divorced,Middle,Lunch,Wednesday,MG Road,Chinese
Female,25-34,Widowed,Middle,Lunch,Friday,Patamata,Continental
Other,45-54,Divorced,Low,Snack,Wednesday,Benz Circle,Street Food
Other,18-24,Divorced,Low,Snack,Saturday,Gunadala,South Indian
Male,35-44,Divorced,Upper-Middle,Late Night,Thursday,Benz Circle,Fast Food
Female,25-34,Single,Low,Lunch,Tuesday,Patamata,Continental
Other,55-64,Divorced,Middle,Dinner,Tuesday,Bhavanipuram,Biryani
Male,35-44,Married,Low,Dinner,Saturday,Gunadala,Fast Food
Male,18-24,Widowed,Low,Lunch,Wednesday,Gunadala,Biryani
Other,25-34,Divorced,Low,Late Night,Tuesday,Gunadala,South Indian
Male,35-44,Widowed,High,Snack,Sunday,Governorpet,South Indian
Other,25-34,Married,Low,Lunch,Monday,Governorpet,South Indian
Female,35-44,Widowed,Upper-Middle,Breakfast,Wednesday,Poranki,South Indian
Female,35-44,Married,High,Lunch,Sunday,Auto Nagar,Biryani
Male,35-44,Married,Middle,Late Night,Wednesday,Bhavanipuram,Fast Food
Other,35-44,Widowed,Low,Breakfast,Tuesday,Poranki,Bakery
Female,25-34,Widowed,Middle,Dinner,Tuesday,Bhavanipuram,Biryani
Female,55-64,Divorced,Low,Late Night,Sunday,Governorpet,South Indian
Other,18-24,Divorced,Middle,Dinner,Saturday,Ramachandra Nagar,Biryani
Male,18-24,Widowed,Upper-Middle,Breakfast,Monday,Poranki,Bakery
Female,35-44,Married,Low,Snack,Tuesday,Benz Circle,Street Food
Female,35-44,Single,Upper-Middle,Dinner,Thursday,Ramachandra Nagar,North Indian
Other,45-54,Married,Middle,Breakfast,Friday,Bhavanipuram,Biryani
Other,18-24,Divorced,Middle,Snack,Sunday,MG Road,Chinese
Other,45-54,Married,High,Dinner,Saturday,MG Road,Chinese
Female,25-34,Married,Low,Late Night,Saturday,Governorpet,Fast Food
Female,18-24,Married,Middle,Lunch,Wednesday,Gunadala,South Indian
Other,35-44,Widowed,High,Dinner,Friday,One Town,Biryani
Female,25-34,Widowed,Upper-Middle,Breakfast,Sunday,Benz Circle,Fast Food
Other,45-54,Widowed,Low,Snack,Friday,One Town,Street Food
Female,45-54,Single,Upper-Middle,Snack,Friday,Gunadala,North Indian
Male,35-44,Married,Low,Dinner,Monday,Ramachandra Nagar,North Indian
Other,18-24,Widowed,Upper-Middle,Snack,Friday,Governorpet,South Indian
Male,18-24,Married,Middle,Breakfast,Sunday,Bhavanipuram,Biryani
Other,18-24,Divorced,Low,Breakfast,Saturday,Auto Nagar,Biryani
Other,35-44,Widowed,Middle,Snack,Thursday,Ramachandra Nagar,North Indian
Other,18-24,Widowed,Upper-Middle,Lunch,Wednesday,Poranki,Bakery
Male,45-54,Divorced,Low,Dinner,Monday,Poranki,Biryani
Male,55-64,Widowed,Middle,Dinner,Saturday,Benz Circle,Fast Food
Female,55-64,Married,Middle,Dinner,Saturday,Bhavanipuram,Biryani
Other,35-44,Married,Upper-Middle,Late Night,Wednesday,Auto Nagar,Biryani
Other,55-64,Widowed,Middle,Snack,Monday,MG Road,Chinese
Other,18-24,Widowed,Low,Snack,Saturday,Ramachandra Nagar,North Indian
Other,25-34,Widowed,High,Snack,Thursday,Benz Circle,Fast Food
Female,25-34,Single,Low,Breakfast,Sunday,Ramachandra Nagar,North Indian
Female,35-44,Single,Low,Snack,Thursday,One Town,Street Food
Female,25-34,Divorced,High,Lunch,Tuesday,Bhavanipuram,Fast Food
Other,45-54,Widowed,Upper-Middle,Dinner,Friday,Gunadala,South Indian
Male,35-44,Single,Upper-Middle,Snack,Thursday,Poranki,Bakery
Male,25-34,Single,High,Dinner,Saturday,Governorpet,South Indian
Male,45-54,Married,High,Dinner,Sunday,Ramachandra Nagar,Street Food
Female,45-54,Widowed,Upper-Middle,Snack,Tuesday,Poranki,Bakery
Male,35-44,Divorced,Low,Snack,Monday,One Town,Street Food
Female,25-34,Single,Upper-Middle,Snack,Saturday,Bhavanipuram,Biryani
Other,55-64,Married,Middle,Dinner,Friday,MG Road,Chinese
Male,35-44,Single,Upper-Middle,Lunch,Monday,Governorpet,South Indian
Male,25-34,Single,High,Snack,Wednesday,Patamata,Continental
Other,55-64,Divorced,Middle,Late Night,Thursday,Auto Nagar,Biryani
Other,45-54,Widowed,Middle,Breakfast,Saturday,Patamata,South Indian
Male,55-64,Single,Low,Late Night,Wednesday,Governorpet,Fast Food
Male,25-34,Widowed,Middle,Snack,Monday,Benz Circle,Fast Food
Male,35-44,Widowed,Middle,Dinner,Friday,MG Road,Chinese
Other,55-64,Single,Middle,Lunch,Saturday,Gunadala,South Indian
Female,35-44,Married,High,Lunch,Tuesday,Benz Circle,Fast Food
Female,35-44,Divorced,Low,Snack,Saturday,Benz Circle,Fast Food
Other,18-24,Divorced,Middle,Breakfast,Thursday,Patamata,South Indian
Male,18-24,Single,Low,Dinner,Monday,One Town,Street Food
Male,35-44,Single,Middle,Snack,Tuesday,Patamata,Continental
Male,55-64,Married,High,Late Night,Saturday,Patamata,Continental
Male,55-64,Married,Upper-Middle,Snack,Thursday,MG Road,Chinese
Male,45-54,Married,High,Late Night,Monday,Poranki,Street Food
Male,25-34,Single,Upper-Middle,Snack,Tuesday,One Town,Street Food
Female,55-64,Divorced,High,Breakfast,Thursday,Benz Circle,Fast Food
Female,35-44,Married,Upper-Middle,Dinner,Friday,Bhavanipuram,Biryani
Male,55-64,Widowed,Low,Breakfast,Wednesday,Benz Circle,South Indian
Female,35-44,Single,Upper-Middle,Late Night,Friday,Patamata,Fast Food
Female,25-34,Married,High,Snack,Saturday,Auto Nagar,Biryani
Other,55-64,Divorced,Upper-Middle,Breakfast,Monday,Auto Nagar,South Indian
Other,55-64,Married,Upper-Middle,Breakfast,Monday,Benz Circle,South Indian
Female,55-64,Married,Low,Lunch,Saturday,Poranki,Bakery
Female,45-54,Widowed,Low,Breakfast,Wednesday,Patamata,Continental
Male,55-64,Married,High,Snack,Wednesday,Poranki,Bakery
Male,45-54,Married,High,Late Night,Monday,MG Road,Chinese
Other,55-64,Single,High,Snack,Sunday,Bhavanipuram,Biryani
Male,55-64,Single,High,Snack,Saturday,Ramachandra Nagar,North Indian
Other,18-24,Married,Low,Lunch,Sunday,Ramachandra Nagar,North Indian
Other,25-34,Divorced,Upper-Middle,Late Night,Thursday,Poranki,Bakery
Female,55-64,Single,Middle,Snack,Tuesday,MG Road,Street Food
Male,18-24,Married,High,Lunch,Wednesday,One Town,Street Food
Male,25-34,Married,Middle,Snack,Wednesday,Bhavanipuram,Street Food
Other,45-54,Single,Upper-Middle,Late Night,Saturday,Gunadala,Fast Food
Male,18-24,Divorced,Low,Snack,Sunday,Bhavanipuram,Biryani
Other,18-24,Single,Upper-Middle,Lunch,Friday,Auto Nagar,Biryani
Female,45-54,Divorced,Low,Lunch,Thursday,Poranki,Bakery
Female,25-34,Widowed,Low,Late Night,Friday,Patamata,Continental
Other,45-54,Married,Low,Lunch,Thursday,MG Road,Chinese
Other,25-34,Widowed,Low,Lunch,Tuesday,Ramachandra Nagar,North Indian
Other,45-54,Married,Low,Dinner,Friday,Bhavanipuram,Biryani
Other,45-54,Widowed,Upper-Middle,Breakfast,Sunday,Bhavanipuram,Biryani
Other,25-34,Married,Upper-Middle,Breakfast,Saturday,Benz Circle,Fast Food
Male,45-54,Divorced,Low,Breakfast,Friday,Benz Circle,Fast Food
Other,55-64,Married,Low,Lunch,Tuesday,Benz Circle,Fast Food
Male,18-24,Widowed,Upper-Middle,Late Night,Friday,Gunadala,Fast Food
Other,25-34,Single,Low,Snack,Tuesday,MG Road,Chinese
Male,18-24,Married,Upper-Middle,Lunch,Thursday,Auto Nagar,Biryani
Male,55-64,Widowed,Low,Lunch,Sunday,Governorpet,South Indian
Other,55-64,Single,Middle,Late Night,Monday,Gunadala,Fast Food
Other,45-54,Widowed,High,Late Night,Thursday,Gunadala,South Indian
Male,18-24,Divorced,Middle,Lunch,Tuesday,Bhavanipuram,Biryani
Female,35-44,Divorced,Upper-Middle,Snack,Friday,Benz Circle,Fast Food
Other,55-64,Married,Upper-Middle,Breakfast,Wednesday,Governorpet,South Indian
Female,45-54,Divorced,Low,Dinner,Sunday,Ramachandra Nagar,North Indian
Male,35-44,Widowed,High,Lunch,Wednesday,Benz Circle,Fast Food
Male,35-44,Widowed,Middle,Breakfast,Tuesday,Ramachandra Nagar,North Indian
Other,18-24,Divorced,Upper-Middle,Dinner,Tuesday,Ramachandra Nagar,Biryani
Other,25-34,Married,Middle,Snack,Thursday,Governorpet,South Indian
Male,45-54,Divorced,Middle,Dinner,Saturday,Auto Nagar,Biryani
Female,35-44,Widowed,Middle,Late Night,Wednesday,Ramachandra Nagar,North Indian
Male,18-24,Single,High,Breakfast,Thursday,Governorpet,South Indian
Male,45-54,Married,Upper-Middle,Lunch,Saturday,Gunadala,South Indian
Female,25-34,Widowed,Upper-Middle,Late Night,Thursday,One Town,Fast Food
Male,55-64,Divorced,Middle,Lunch,Sunday,Bhavanipuram,Biryani
Male,45-54,Single,Low,Dinner,Tuesday,Poranki,Biryani
Other,55-64,Married,High,Dinner,Monday,MG Road,Chinese
Female,45-54,Married,High,Dinner,Thursday,Ramachandra Nagar,North Indian
Male,25-34,Single,Low,Lunch,Monday,One Town,Biryani
Male,55-64,Married,Low,Lunch,Thursday,Auto Nagar,Biryani
Female,45-54,Married,Middle,Late Night,Friday,Poranki,Bakery
Other,45-54,Widowed,High,Dinner,Saturday,Patamata,Continental
Female,25-34,Divorced,High,Snack,Friday,Governorpet,South Indian
Other,35-44,Married,High,Breakfast,Wednesday,Benz Circle,Fast Food
Male,25-34,Widowed,High,Lunch,Thursday,Benz Circle,Fast Food
Other,55-64,Married,High,Snack,Monday,Governorpet,South Indian
Male,55-64,Widowed,High,Breakfast,Tuesday,Governorpet,Fast Food
Female,55-64,Single,Low,Breakfast,Wednesday,Governorpet,South Indian
Male,25-34,Widowed,High,Snack,Friday,Auto Nagar,Biryani
Male,25-34,Divorced,Upper-Middle,Late Night,Wednesday,Governorpet,South Indian
Female,18-24,Divorced,Upper-Middle,Snack,Friday,Ramachandra Nagar,North Indian
Other,18-24,Married,High,Late Night,Monday,Patamata,North Indian
Male,18-24,Single,High,Snack,Tuesday,Bhavanipuram,Street Food
Other,55-64,Divorced,Middle,Lunch,Saturday,Benz Circle,Fast Food
Female,45-54,Married,Upper-Middle,Breakfast,Thursday,One Town,Street Food
Male,55-64,Single,Middle,Dinner,Monday,Patamata,Continental
Other,35-44,Married,Upper-Middle,Late Night,Monday,MG Road,Chinese
Other,18-24,Divorced,High,Late Night,Saturday,Bhavanipuram,Fast Food
Male,18-24,Divorced,High,Lunch,Thursday,Auto Nagar,Biryani
Female,18-24,Single,Upper-Middle,Lunch,Thursday,Bhavanipuram,Biryani
Other,18-24,Divorced,Upper-Middle,Late Night,Sunday,Patamata,Continental
Other,45-54,Single,Upper-Middle,Dinner,Thursday,Patamata,Chinese
Female,35-44,Divorced,Middle,Dinner,Sunday,Gunadala,South Indian
Female,18-24,Divorced,Upper-Middle,Snack,Tuesday,Gunadala,Street Food
Male,35-44,Single,Low,Breakfast,Monday,Auto Nagar,Biryani
Male,35-44,Divorced,Upper-Middle,Snack,Saturday,Patamata,Continental
Male,45-54,Single,Low,Lunch,Thursday,Poranki,Bakery
Male,55-64,Widowed,Low,Breakfast,Saturday,Ramachandra Nagar,North Indian
Other,18-24,Widowed,Middle,Snack,Friday,Governorpet,South Indian
Other,45-54,Divorced,High,Breakfast,Saturday,MG Road,Chinese
Male,25-34,Married,High,Dinner,Sunday,Bhavanipuram,Biryani
Other,45-54,Married,High,Snack,Monday,Auto Nagar,Biryani
Male,45-54,Widowed,High,Dinner,Tuesday,Poranki,Bakery
Other,35-44,Married,Low,Lunch,Thursday,Patamata,Biryani
Other,45-54,Widowed,Middle,Dinner,Sunday,MG Road,Biryani
Female,35-44,Married,High,Late Night,Wednesday,One Town,Street Food
Male,18-24,Divorced,Middle,Late Night,Saturday,Ramachandra Nagar,Bakery
Male,18-24,Married,Low,Lunch,Tuesday,Patamata,Continental
Female,18-24,Widowed,Middle,Breakfast,Saturday,Poranki,Bakery
Female,45-54,Divorced,Upper-Middle,Snack,Wednesday,Ramachandra Nagar,North Indian
Male,35-44,Single,Low,Late Night,Friday,One Town,Street Food
Other,55-64,Married,High,Lunch,Friday,Benz Circle,Fast Food
Female,18-24,Widowed,Middle,Lunch,Friday,Patamata,South Indian
Male,35-44,Divorced,Low,Late Night,Friday,Bhavanipuram,Fast Food
Female,25-34,Divorced,High,Late Night,Thursday,MG Road,Chinese
Other,55-64,Widowed,Low,Breakfast,Tuesday,Governorpet,South Indian
Other,35-44,Single,Upper-Middle,Lunch,Sunday,Governorpet,South Indian
Other,45-54,Divorced,Upper-Middle,Snack,Thursday,MG Road,Chinese
Other,35-44,Divorced,Middle,Lunch,Wednesday,Governorpet,South Indian
Male,25-34,Widowed,Low,Snack,Thursday,Ramachandra Nagar,North Indian
Female,55-64,Married,Low,Snack,Wednesday,One Town,Street Food
Female,18-24,Divorced,High,Late Night,Sunday,MG Road,Fast Food
Female,25-34,Married,Middle,Breakfast,Saturday,Gunadala,South Indian
Other,55-64,Widowed,Upper-Middle,Breakfast,Monday,Ramachandra Nagar,South Indian
Other,35-44,Divorced,High,Breakfast,Monday,Ramachandra Nagar,Fast Food
Female,18-24,Single,Upper-Middle,Dinner,Tuesday,Governorpet,South Indian
Male,45-54,Divorced,Middle,Breakfast,Saturday,Benz Circle,South Indian
Other,55-64,Divorced,Upper-Middle,Late Night,Wednesday,Ramachandra Nagar,North Indian
Female,55-64,Single,Upper-Middle,Breakfast,Wednesday,Patamata,Continental
Female,18-24,Married,Upper-Middle,Lunch,Wednesday,Patamata,Continental
Other,55-64,Married,Low,Lunch,Saturday,MG Road,Biryani
Male,18-24,Widowed,Upper-Middle,Dinner,Wednesday,MG Road,Chinese
Other,25-34,Married,High,Late Night,Wednesday,Patamata,Fast Food
Female,55-64,Widowed,High,Snack,Saturday,Gunadala,South Indian
Male,25-34,Married,Low,Breakfast,Friday,Bhavanipuram,Biryani
Female,35-44,Widowed,Upper-Middle,Snack,Friday,MG Road,Chinese
Male,18-24,Widowed,Upper-Middle,Dinner,Thursday,Benz Circle,Fast Food
Female,45-54,Divorced,Upper-Middle,Dinner,Sunday,Governorpet,South Indian
Male,25-34,Single,Middle,Lunch,Saturday,MG Road,Chinese
Female,35-44,Widowed,Upper-Middle,Late Night,Tuesday,Poranki,Bakery
Male,18-24,Married,High,Lunch,Sunday,Auto Nagar,South Indian
Female,45-54,Divorced,Low,Dinner,Monday,Ramachandra Nagar,Biryani
Male,25-34,Divorced,Middle,Dinner,Thursday,Benz Circle,Biryani
Other,45-54,Widowed,Middle,Snack,Wednesday,Benz Circle,Fast Food
Other,18-24,Married,Middle,Lunch,Sunday,One Town,Street Food
Male,45-54,Single,Low,Late Night,Thursday,Benz Circle,Fast Food
Male,35-44,Divorced,Middle,Breakfast,Tuesday,Poranki,Bakery
Other,45-54,Widowed,Upper-Middle,Late Night,Saturday,Governorpet,South Indian
Female,35-44,Widowed,High,Late Night,Wednesday,Bhavanipuram,Continental
Male,55-64,Married,High,Snack,Monday,MG Road,Chinese
Male,55-64,Married,High,Dinner,Sunday,Bhavanipuram,Biryani
Female,45-54,Divorced,Low,Snack,Thursday,Auto Nagar,Biryani
Male,25-34,Divorced,Upper-Middle,Dinner,Monday,Patamata,Continental
Male,35-44,Married,High,Dinner,Saturday,Bhavanipuram,Bakery
Female,25-34,Widowed,Middle,Snack,Saturday,Governorpet,Street Food
Other,45-54,Divorced,Middle,Lunch,Wednesday,Patamata,Fast Food
Male,25-34,Single,High,Breakfast,Friday,Poranki,South Indian
Female,25-34,Divorced,Low,Dinner,Tuesday,Benz Circle,Biryani
Male,25-34,Divorced,Low,Dinner,Tuesday,Auto Nagar,Biryani
Female,35-44,Divorced,High,Lunch,Sunday,Poranki,Bakery
Male,35-44,Divorced,Upper-Middle,Snack,Wednesday,Auto Nagar,Street Food
Other,45-54,Widowed,High,Snack,Friday,Auto Nagar,Biryani
Male,25-34,Divorced,Upper-Middle,Snack,Friday,One Town,Street Food
Other,25-34,Single,Low,Snack,Saturday,Auto Nagar,Biryani
Other,25-34,Single,Low,Snack,Saturday,Patamata,South Indian
Male,25-34,Single,High,Snack,Thursday,Bhavanipuram,Biryani
Male,45-54,Single,Upper-Middle,Lunch,Thursday,MG Road,Biryani
Other,45-54,Divorced,Low,Late Night,Friday,Ramachandra Nagar,North Indian
Male,55-64,Divorced,Upper-Middle,Lunch,Thursday,Benz Circle,Fast Food
Other,25-34,Widowed,High,Dinner,Tuesday,Bhavanipuram,Biryani
Other,55-64,Married,High,Breakfast,Sunday,Bhavanipuram,Biryani
Female,25-34,Widowed,Middle,Snack,Saturday,Auto Nagar,Biryani
Male,35-44,Single,Middle,Snack,Thursday,One Town,Street Food
Male,25-34,Married,Upper-Middle,Snack,Thursday,Bhavanipuram,Biryani
Female,45-54,Married,Low,Breakfast,Wednesday,Governorpet,South Indian
Other,18-24,Single,Upper-Middle,Snack,Sunday,Ramachandra Nagar,North Indian
Other,25-34,Divorced,Upper-Middle,Lunch,Sunday,One Town,Street Food
Male,45-54,Married,High,Dinner,Saturday,Benz Circle,Fast Food
Other,18-24,Single,Upper-Middle,Snack,Thursday,Poranki,South Indian
Male,18-24,Single,High,Late Night,Monday,Poranki,Bakery
Female,35-44,Divorced,Upper-Middle,Lunch,Thursday,Governorpet,Biryani
Other,25-34,Single,High,Late Night,Tuesday,Bhavanipuram,Biryani
Female,55-64,Married,High,Dinner,Friday,Benz Circle,Fast Food
Male,35-44,Widowed,Middle,Breakfast,Tuesday,Poranki,Bakery
Male,55-64,Widowed,High,Breakfast,Monday,One Town,Street Food
Female,35-44,Divorced,Middle,Late Night,Thursday,Ramachandra Nagar,North Indian
Other,55-64,Single,Upper-Middle,Lunch,Sunday,Governorpet,Biryani
Male,45-54,Divorced,Low,Lunch,Monday,Gunadala,South Indian
Other,25-34,Married,High,Breakfast,Friday,MG Road,Chinese
Female,25-34,Married,High,Lunch,Thursday,Auto Nagar,Continental
Male,45-54,Single,Middle,Snack,Thursday,Benz Circle,Street Food
Other,25-34,Widowed,Upper-Middle,Snack,Monday,Patamata,Continental
Female,55-64,Single,Low,Late Night,Sunday,Gunadala,South Indian
Male,35-44,Married,High,Late Night,Friday,One Town,Continental
Male,25-34,Single,Upper-Middle,Lunch,Monday,MG Road,Chinese
Female,18-24,Married,Upper-Middle,Snack,Thursday,One Town,Street Food
Female,55-64,Single,Upper-Middle,Snack,Sunday,Governorpet,South Indian
Other,55-64,Married,Middle,Breakfast,Friday,MG Road,Chinese
Female,35-44,Divorced,Upper-Middle,Breakfast,Sunday,Ramachandra Nagar,South Indian
Male,18-24,Married,Middle,Snack,Thursday,Bhavanipuram,Biryani
Male,55-64,Married,Upper-Middle,Late Night,Friday,Governorpet,South Indian
Female,55-64,Married,Middle,Dinner,Tuesday,MG Road,Chinese
Other,18-24,Divorced,Low,Snack,Monday,Patamata,Continental
Other,35-44,Single,Upper-Middle,Dinner,Sunday,Patamata,Continental
Other,18-24,Divorced,Low,Dinner,Sunday,One Town,Biryani
Male,18-24,Single,Low,Lunch,Tuesday,Governorpet,Biryani
Other,25-34,Widowed,Middle,Snack,Monday,One Town,Street Food
Male,55-64,Widowed,Middle,Breakfast,Wednesday,Governorpet,South Indian
Male,35-44,Widowed,Upper-Middle,Snack,Friday,Gunadala,Street Food
Other,35-44,Married,High,Lunch,Monday,MG Road,Chinese
Other,35-44,Married,Upper-Middle,Late Night,Sunday,Poranki,Bakery
Other,35-44,Widowed,Low,Snack,Tuesday,Benz Circle,Fast Food
Other,25-34,Widowed,Middle,Snack,Monday,Governorpet,South Indian
Male,35-44,Married,High,Dinner,Monday,Gunadala,South Indian
Other,45-54,Single,High,Snack,Wednesday,Bhavanipuram,Biryani
Male,18-24,Widowed,Middle,Breakfast,Monday,Auto Nagar,Biryani
Female,45-54,Divorced,High,Late Night,Thursday,Auto Nagar,Biryani
Female,25-34,Widowed,Middle,Lunch,Saturday,Auto Nagar,Biryani
Other,18-24,Single,High,Snack,Tuesday,Benz Circle,Street Food
Other,18-24,Widowed,Low,Dinner,Tuesday,Patamata,Continental
Other,18-24,Divorced,Upper-Middle,Dinner,Tuesday,Gunadala,Biryani
Male,55-64,Married,Middle,Snack,Friday,Auto Nagar,Biryani
Female,45-54,Widowed,High,Breakfast,Monday,Governorpet,South Indian
Female,45-54,Divorced,High,Snack,Saturday,One Town,Street Food
Other,45-54,Widowed,Low,Late Night,Tuesday,Poranki,South Indian
Other,45-54,Divorced,High,Lunch,Wednesday,Auto Nagar,Biryani
Other,18-24,Single,Middle,Dinner,Saturday,Governorpet,Biryani
Male,45-54,Divorced,Upper-Middle,Dinner,Wednesday,Auto Nagar,Biryani
Other,45-54,Married,Upper-Middle,Breakfast,Friday,Patamata,Continental
Other,45-54,Married,High,Breakfast,Sunday,MG Road,Chinese
Female,35-44,Single,Upper-Middle,Late Night,Saturday,Ramachandra Nagar,North Indian
Other,45-54,Widowed,High,Dinner,Monday,Poranki,Bakery
Other,35-44,Single,Low,Snack,Monday,Auto Nagar,Biryani
Other,25-34,Single,Middle,Breakfast,Tuesday,Bhavanipuram,Biryani
Other,25-34,Widowed,Middle,Dinner,Thursday,Benz Circle,Fast Food
Male,55-64,Widowed,Low,Lunch,Wednesday,One Town,Street Food
Other,25-34,Single,Middle,Breakfast,Friday,MG Road,Chinese
Other,25-34,Divorced,Middle,Breakfast,Tuesday,Patamata,Chinese
Male,55-64,Married,Upper-Middle,Snack,Monday,Governorpet,Street Food
Other,35-44,Widowed,Low,Breakfast,Wednesday,One Town,Street Food
Male,18-24,Divorced,Middle,Snack,Monday,MG Road,Chinese
Male,45-54,Single,Low,Dinner,Friday,Poranki,Bakery
Female,35-44,Single,Upper-Middle,Late Night,Sunday,Patamata,Continental
Female,35-44,Widowed,Low,Dinner,Tuesday,Ramachandra Nagar,North Indian
Female,35-44,Divorced,Middle,Dinner,Wednesday,Benz Circle,Fast Food
Female,35-44,Married,Low,Dinner,Thursday,Governorpet,South Indian
Other,55-64,Widowed,Upper-Middle,Late Night,Thursday,Benz Circle,Fast Food
Female,45-54,Divorced,Middle,Breakfast,Wednesday,Governorpet,South Indian
Male,25-34,Widowed,Middle,Breakfast,Sunday,Gunadala,South Indian
Male,55-64,Divorced,Upper-Middle,Snack,Tuesday,Poranki,South Indian
Other,35-44,Single,Middle,Dinner,Thursday,Patamata,Continental
Female,35-44,Married,High,Snack,Thursday,Governorpet,South Indian
Male,55-64,Married,High,Dinner,Saturday,Gunadala,Biryani
Other,25-34,Widowed,Upper-Middle,Snack,Saturday,MG Road,Chinese
Male,25-34,Single,Upper-Middle,Lunch,Thursday,Bhavanipuram,Biryani
Other,55-64,Single,Middle,Breakfast,Saturday,Patamata,South Indian
Female,25-34,Divorced,Upper-Middle,Dinner,Monday,Patamata,Biryani
Female,55-64,Married,Upper-Middle,Snack,Sunday,Bhavanipuram,Biryani
Male,55-64,Married,Upper-Middle,Snack,Sunday,Auto Nagar,Biryani
Female,18-24,Widowed,High,Lunch,Monday,MG Road,Chinese
Other,55-64,Widowed,Low,Snack,Thursday,Patamata,Continental
Female,55-64,Married,Middle,Dinner,Saturday,Patamata,Biryani
Other,18-24,Widowed,Middle,Lunch,Saturday,Ramachandra Nagar,Biryani
Female,35-44,Widowed,Middle,Lunch,Monday,Patamata,Biryani
Male,25-34,Married,Low,Breakfast,Wednesday,Ramachandra Nagar,North Indian
Female,35-44,Divorced,High,Late Night,Monday,Patamata,Continental
Male,55-64,Widowed,High,Lunch,Wednesday,One Town,Fast Food
Other,55-64,Widowed,High,Dinner,Thursday,Ramachandra Nagar,Biryani
Other,45-54,Single,Low,Dinner,Saturday,Auto Nagar,Biryani
Male,55-64,Divorced,High,Late Night,Friday,Gunadala,South Indian
Male,18-24,Widowed,Middle,Dinner,Wednesday,Auto Nagar,Biryani
Female,45-54,Divorced,Middle,Lunch,Monday,Governorpet,Biryani
Other,55-64,Single,Upper-Middle,Snack,Friday,Benz Circle,South Indian
Male,18-24,Single,Middle,Breakfast,Friday,Patamata,Continental
Female,35-44,Divorced,Upper-Middle,Breakfast,Saturday,Auto Nagar,South Indian
Other,35-44,Single,High,Lunch,Thursday,Bhavanipuram,Biryani
Female,25-34,Married,Upper-Middle,Snack,Wednesday,MG Road,Chinese
Male,55-64,Married,Low,Breakfast,Wednesday,Bhavanipuram,South Indian
Other,18-24,Widowed,Low,Late Night,Wednesday,Governorpet,Fast Food
Male,55-64,Divorced,Upper-Middle,Late Night,Sunday,Poranki,Fast Food
Male,45-54,Divorced,Low,Late Night,Wednesday,Gunadala,South Indian
Female,35-44,Single,Middle,Snack,Monday,Ramachandra Nagar,North Indian
Female,45-54,Widowed,Low,Snack,Wednesday,Auto Nagar,Biryani
Other,55-64,Widowed,Low,Breakfast,Sunday,Auto Nagar,Biryani
Other,35-44,Divorced,Low,Breakfast,Monday,Gunadala,South Indian
Male,18-24,Married,High,Dinner,Saturday,Bhavanipuram,Biryani
Female,45-54,Single,Middle,Snack,Saturday,Auto Nagar,Street Food
Female,45-54,Divorced,Upper-Middle,Late Night,Monday,Ramachandra Nagar,North Indian
Male,18-24,Divorced,Low,Dinner,Monday,One Town,Street Food
Other,35-44,Widowed,Low,Breakfast,Friday,One Town,South Indian
Other,18-24,Divorced,Low,Breakfast,Friday,Poranki,Bakery
Other,55-64,Single,Upper-Middle,Breakfast,Friday,Gunadala,South Indian
Female,25-34,Married,High,Late Night,Saturday,Patamata,Fast Food
Male,35-44,Married,Low,Dinner,Thursday,MG Road,Biryani
Female,45-54,Married,Middle,Snack,Monday,Bhavanipuram,Street Food
Female,18-24,Widowed,Middle,Dinner,Sunday,Poranki,Continental
Female,18-24,Divorced,Middle,Breakfast,Saturday,Governorpet,South Indian
Male,45-54,Widowed,Low,Lunch,Thursday,Patamata,Continental
Other,18-24,Divorced,High,Dinner,Saturday,MG Road,Chinese
Female,55-64,Divorced,Upper-Middle,Breakfast,Tuesday,Benz Circle,Fast Food
Other,18-24,Single,Low,Lunch,Thursday,Poranki,Bakery
Other,55-64,Married,High,Snack,Sunday,MG Road,Chinese
Female,25-34,Married,High,Snack,Monday,Patamata,Continental
Male,25-34,Single,Low,Breakfast,Wednesday,MG Road,South Indian
Other,25-34,Married,High,Snack,Friday,MG Road,Chinese
Male,55-64,Married,Upper-Middle,Late Night,Wednesday,Gunadala,South Indian
Other,45-54,Married,Upper-Middle,Snack,Monday,Ramachandra Nagar,North Indian
Male,25-34,Married,Low,Snack,Monday,One Town,Street Food
Female,35-44,Divorced,High,Snack,Wednesday,One Town,Street Food
Female,35-44,Single,Upper-Middle,Breakfast,Tuesday,Patamata,Continental
Male,55-64,Married,Upper-Middle,Breakfast,Saturday,Benz Circle,South Indian
Male,35-44,Widowed,High,Snack,Thursday,Benz Circle,Fast Food
Female,45-54,Widowed,Low,Snack,Saturday,Bhavanipuram,Biryani
Male,18-24,Divorced,High,Lunch,Tuesday,Gunadala,Biryani
Other,45-54,Married,High,Dinner,Tuesday,Gunadala,South Indian
Male,35-44,Married,High,Lunch,Monday,Governorpet,South Indian
Male,35-44,Widowed,Low,Late Night,Monday,Governorpet,Fast Food
Male,45-54,Single,Upper-Middle,Late Night,Friday,Patamata,Fast Food
Other,35-44,Widowed,Middle,Dinner,Friday,Ramachandra Nagar,North Indian
Female,45-54,Widowed,Upper-Middle,Dinner,Saturday,Ramachandra Nagar,North Indian
Male,35-44,Single,Upper-Middle,Late Night,Sunday,Gunadala,Fast Food
Male,55-64,Divorced,High,Late Night,Thursday,Auto Nagar,Biryani
Female,35-44,Married,Low,Snack,Saturday,One Town,Street Food
Other,45-54,Divorced,High,Dinner,Monday,Benz Circle,Fast Food
Female,35-44,Married,Low,Late Night,Sunday,Auto Nagar,Biryani
Male,25-34,Widowed,High,Breakfast,Thursday,Governorpet,South Indian
Male,55-64,Divorced,Middle,Snack,Wednesday,Bhavanipuram,Biryani
Male,18-24,Single,Upper-Middle,Lunch,Sunday,One Town,Street Food
Other,18-24,Married,Low,Late Night,Thursday,Auto Nagar,Chinese
Male,18-24,Divorced,Low,Late Night,Monday,One Town,Street Food
Male,25-34,Married,Middle,Snack,Monday,Patamata,Continental
Other,55-64,Single,Middle,Late Night,Tuesday,MG Road,Chinese
Male,18-24,Widowed,Low,Late Night,Saturday,Auto Nagar,Fast Food
Female,55-64,Single,Low,Breakfast,Friday,One Town,Street Food
Male,25-34,Widowed,High,Breakfast,Wednesday,MG Road,Chinese
Male,25-34,Single,Low,Dinner,Friday,Governorpet,South Indian
Female,25-34,Single,Upper-Middle,Snack,Thursday,Bhavanipuram,Biryani
Other,25-34,Divorced,Middle,Late Night,Thursday,Bhavanipuram,Fast Food
Other,25-34,Divorced,Low,Breakfast,Wednesday,Ramachandra Nagar,North Indian
Male,18-24,Single,High,Snack,Friday,MG Road,Street Food
Male,35-44,Widowed,High,Dinner,Tuesday,Patamata,Continental
Male,55-64,Widowed,Middle,Late Night,Monday,Poranki,Bakery
Other,45-54,Married,High,Lunch,Friday,Patamata,Continental
Female,35-44,Widowed,Middle,Dinner,Saturday,Patamata,Continental
Female,35-44,Widowed,Middle,Dinner,Friday,Benz Circle,Fast Food
Other,45-54,Widowed,Low,Snack,Saturday,Auto Nagar,Street Food
Other,55-64,Divorced,High,Lunch,Friday,Gunadala,South Indian
Other,45-54,Married,Low,Dinner,Monday,Governorpet,South Indian
Female,35-44,Widowed,High,Dinner,Saturday,Bhavanipuram,Biryani
Other,55-64,Widowed,Upper-Middle,Late Night,Monday,Benz Circle,Fast Food
Female,25-34,Divorced,Upper-Middle,Dinner,Monday,Auto Nagar,Street Food
Female,55-64,Married,Low,Breakfast,Friday,Poranki,Bakery
Female,35-44,Divorced,Low,Breakfast,Saturday,Auto Nagar,South Indian
Female,45-54,Married,High,Lunch,Tuesday,Gunadala,South Indian
Male,18-24,Single,High,Dinner,Wednesday,Poranki,Bakery
Female,18-24,Widowed,Low,Lunch,Saturday,Ramachandra Nagar,Biryani
Other,25-34,Divorced,Upper-Middle,Breakfast,Tuesday,Ramachandra Nagar,North Indian
Female,55-64,Married,Low,Lunch,Friday,Ramachandra Nagar,North Indian
Female,35-44,Widowed,Low,Snack,Tuesday,Gunadala,Street Food
Female,35-44,Married,High,Snack,Wednesday,Poranki,Street Food
Other,55-64,Divorced,High,Lunch,Sunday,One Town,Street Food
Female,18-24,Widowed,Upper-Middle,Lunch,Saturday,Gunadala,South Indian
Female,25-34,Divorced,High,Late Night,Sunday,Bhavanipuram,Biryani
Female,25-34,Widowed,Low,Lunch,Saturday,Gunadala,Biryani
Male,35-44,Single,Middle,Breakfast,Thursday,Poranki,Bakery
Other,35-44,Divorced,Middle,Snack,Wednesday,MG Road,Street Food
Other,35-44,Single,Low,Dinner,Thursday,One Town,Street Food
Female,35-44,Married,Low,Late Night,Wednesday,Governorpet,South Indian
Male,55-64,Married,Low,Late Night,Wednesday,Auto Nagar,Biryani
Other,25-34,Widowed,Upper-Middle,Dinner,Friday,Patamata,Biryani
Female,55-64,Married,Upper-Middle,Snack,Monday,Patamata,Continental
Other,18-24,Married,High,Dinner,Sunday,Poranki,Bakery
Male,45-54,Divorced,Upper-Middle,Breakfast,Tuesday,One Town,South Indian
Female,25-34,Widowed,High,Late Night,Thursday,Poranki,Biryani
Male,18-24,Married,Upper-Middle,Snack,Monday,One Town,Street Food
Female,55-64,Divorced,Low,Dinner,Friday,Bhavanipuram,Biryani
Female,25-34,Married,Low,Dinner,Friday,One Town,Street Food
Other,35-44,Married,Low,Lunch,Monday,MG Road,North Indian
Male,45-54,Married,Upper-Middle,Snack,Monday,Governorpet,Street Food
Female,45-54,Widowed,Middle,Late Night,Monday,Poranki,Bakery
Female,45-54,Married,High,Snack,Sunday,Benz Circle,Continental
Other,25-34,Widowed,Upper-Middle,Late Night,Friday,Benz Circle,Fast Food
Other,45-54,Single,High,Late Night,Monday,Auto Nagar,Fast Food
Female,25-34,Married,Low,Snack,Tuesday,One Town,Street Food
Male,25-34,Divorced,Low,Late Night,Tuesday,Gunadala,South Indian
Female,55-64,Single,Middle,Dinner,Friday,Bhavanipuram,Continental
Female,35-44,Married,High,Lunch,Monday,Patamata,Continental
Other,55-64,Single,High,Dinner,Sunday,Governorpet,South Indian
Other,45-54,Married,Middle,Lunch,Thursday,One Town,Fast Food
Other,18-24,Married,Low,Lunch,Thursday,Auto Nagar,Biryani
Other,35-44,Married,Upper-Middle,Snack,Tuesday,Patamata,Continental
Female,18-24,Married,Middle,Late Night,Sunday,Auto Nagar,Biryani
Male,35-44,Divorced,Low,Dinner,Sunday,MG Road,Chinese
Female,25-34,Divorced,Low,Snack,Monday,Governorpet,Street Food
Female,25-34,Single,Upper-Middle,Lunch,Friday,Patamata,Continental
Female,25-34,Single,Upper-Middle,Dinner,Saturday,Benz Circle,Fast Food
Other,25-34,Married,High,Late Night,Tuesday,Poranki,Bakery
Other,45-54,Divorced,Middle,Dinner,Sunday,Governorpet,South Indian
Female,18-24,Married,Middle,Lunch,Monday,Benz Circle,Biryani
Female,25-34,Single,Middle,Dinner,Sunday,Bhavanipuram,Biryani
Male,35-44,Married,Low,Breakfast,Thursday,Auto Nagar,Biryani
Female,55-64,Married,Upper-Middle,Breakfast,Friday,Bhavanipuram,Biryani
Male,45-54,Divorced,Middle,Late Night,Saturday,Poranki,Bakery
Female,55-64,Divorced,Upper-Middle,Snack,Thursday,Governorpet,South Indian
Male,35-44,Widowed,High,Breakfast,Monday,Auto Nagar,South Indian
Other,18-24,Widowed,High,Lunch,Thursday,MG Road,Biryani
Female,25-34,Divorced,Low,Breakfast,Monday,MG Road,Fast Food
Male,35-44,Divorced,Low,Dinner,Monday,Patamata,Biryani
Other,18-24,Divorced,Upper-Middle,Late Night,Sunday,Benz Circle,Fast Food
Male,35-44,Single,High,Snack,Friday,Auto Nagar,Biryani
Other,25-34,Widowed,Low,Late Night,Wednesday,Ramachandra Nagar,North Indian
Male,18-24,Divorced,Low,Snack,Monday,Ramachandra Nagar,Street Food
Other,18-24,Single,Low,Breakfast,Friday,Governorpet,South Indian
Male,45-54,Divorced,High,Late Night,Tuesday,Governorpet,South Indian
Male,55-64,Single,Upper-Middle,Lunch,Thursday,Ramachandra Nagar,North Indian
Female,55-64,Single,Upper-Middle,Dinner,Saturday,Ramachandra Nagar,Street Food
Female,18-24,Divorced,High,Lunch,Wednesday,One Town,Street Food
Female,35-44,Single,Low,Breakfast,Monday,Patamata,Continental
Male,18-24,Single,High,Snack,Friday,Benz Circle,Street Food
Other,55-64,Widowed,Upper-Middle,Lunch,Friday,One Town,Street Food
Male,55-64,Widowed,Low,Lunch,Saturday,Benz Circle,Street Food
Male,35-44,Single,Upper-Middle,Breakfast,Sunday,Gunadala,Biryani
Other,55-64,Married,Low,Breakfast,Friday,Gunadala,South Indian
Female,55-64,Divorced,Low,Late Night,Wednesday,Benz Circle,Fast Food
Female,45-54,Married,High,Breakfast,Thursday,MG Road,Chinese
Male,18-24,Widowed,Low,Breakfast,Friday,Ramachandra Nagar,North Indian
Female,55-64,Divorced,Middle,Breakfast,Tuesday,Bhavanipuram,South Indian
Male,35-44,Single,Middle,Breakfast,Thursday,Benz Circle,Fast Food
Female,18-24,Single,Upper-Middle,Late Night,Saturday,Poranki,Fast Food
Male,18-24,Divorced,Middle,Breakfast,Friday,MG Road,Chinese
Other,25-34,Single,High,Snack,Monday,One Town,Street Food
Other,45-54,Divorced,Upper-Middle,Breakfast,Sunday,Ramachandra Nagar,North Indian
Male,55-64,Widowed,Middle,Dinner,Wednesday,Poranki,Bakery
Male,45-54,Single,Upper-Middle,Lunch,Tuesday,Governorpet,South Indian
Other,45-54,Widowed,Middle,Lunch,Monday,One Town,Street Food
Male,25-34,Married,High,Dinner,Monday,One Town,Biryani
Other,25-34,Single,Middle,Snack,Wednesday,Governorpet,Street Food
Male,25-34,Divorced,Upper-Middle,Snack,Friday,Poranki,Street Food
Female,45-54,Divorced,Upper-Middle,Snack,Thursday,Auto Nagar,Biryani
Female,55-64,Single,High,Breakfast,Sunday,Bhavanipuram,Biryani
Other,35-44,Married,Low,Lunch,Friday,MG Road,Chinese
Female,45-54,Divorced,Upper-Middle,Late Night,Thursday,One Town,Fast Food
Female,55-64,Married,Middle,Dinner,Saturday,MG Road,Chinese
Female,45-54,Single,Middle,Late Night,Wednesday,Auto Nagar,Biryani
Male,18-24,Widowed,Upper-Middle,Dinner,Wednesday,Bhavanipuram,Biryani
Male,45-54,Married,Low,Snack,Sunday,Bhavanipuram,Biryani
Female,45-54,Widowed,Low,Late Night,Tuesday,MG Road,Chinese
Male,45-54,Divorced,Middle,Dinner,Sunday,One Town,Street Food
Other,35-44,Married,Upper-Middle,Breakfast,Tuesday,Benz Circle,Fast Food
Male,35-44,Widowed,Upper-Middle,Snack,Tuesday,Patamata,Street Food
Other,45-54,Single,High,Snack,Thursday,Poranki,Fast Food
Female,25-34,Single,Middle,Breakfast,Monday,Poranki,Bakery
Female,35-44,Widowed,Low,Dinner,Saturday,Gunadala,Street Food
Male,25-34,Single,Low,Dinner,Sunday,Poranki,Biryani
Female,18-24,Married,Middle,Dinner,Thursday,Poranki,Bakery
Female,45-54,Widowed,Middle,Late Night,Sunday,Patamata,Continental
Female,25-34,Single,High,Dinner,Thursday,Bhavanipuram,Biryani
Other,25-34,Married,Middle,Dinner,Tuesday,Auto Nagar,Chinese
Female,45-54,Divorced,Middle,Lunch,Thursday,MG Road,Chinese
Other,25-34,Single,Middle,Lunch,Saturday,Ramachandra Nagar,Biryani
Female,18-24,Married,Upper-Middle,Snack,Sunday,One Town,Street Food
Other,45-54,Divorced,High,Dinner,Sunday,Ramachandra Nagar,Biryani
Male,35-44,Single,High,Snack,Sunday,Patamata,Continental
Female,25-34,Widowed,High,Snack,Thursday,Poranki,Bakery
Other,55-64,Married,High,Dinner,Tuesday,Benz Circle,Biryani
Male,18-24,Divorced,Low,Dinner,Tuesday,Poranki,South Indian
Other,25-34,Married,Middle,Dinner,Wednesday,Poranki,Biryani
Female,18-24,Widowed,Middle,Dinner,Thursday,MG Road,Chinese
Female,55-64,Widowed,Upper-Middle,Snack,Wednesday,MG Road,Chinese
Male,35-44,Divorced,Upper-Middle,Late Night,Monday,Governorpet,Fast Food
Other,45-54,Divorced,Upper-Middle,Late Night,Monday,Benz Circle,Chinese
Female,18-24,Divorced,High,Lunch,Wednesday,Governorpet,Biryani
Female,55-64,Married,High,Late Night,Thursday,MG Road,Fast Food
Other,45-54,Married,Low,Dinner,Saturday,Poranki,Bakery
Male,45-54,Married,Upper-Middle,Dinner,Sunday,Benz Circle,Fast Food
Other,25-34,Single,High,Dinner,Sunday,Gunadala,Biryani
Male,25-34,Single,Middle,Dinner,Saturday,Ramachandra Nagar,North Indian
Male,35-44,Widowed,High,Lunch,Monday,Bhavanipuram,Biryani
Other,55-64,Married,Upper-Middle,Snack,Sunday,Poranki,Bakery
Female,55-64,Divorced,Low,Breakfast,Saturday,Benz Circle,South Indian
Male,45-54,Married,High,Lunch,Thursday,Governorpet,South Indian
Female,45-54,Single,Middle,Late Night,Thursday,Bhavanipuram,Biryani
Female,55-64,Divorced,Low,Late Night,Wednesday,Ramachandra Nagar,North Indian
Male,25-34,Married,Upper-Middle,Breakfast,Tuesday,Auto Nagar,South Indian
Male,18-24,Married,Low,Snack,Wednesday,One Town,Chinese
Female,35-44,Widowed,Middle,Snack,Tuesday,Auto Nagar,Biryani
Other,25-34,Single,Upper-Middle,Dinner,Tuesday,Bhavanipuram,North Indian
Female,18-24,Widowed,High,Late Night,Tuesday,MG Road,Chinese
Male,45-54,Divorced,Upper-Middle,Snack,Saturday,Ramachandra Nagar,North Indian
Female,25-34,Single,Upper-Middle,Breakfast,Wednesday,Bhavanipuram,Biryani
Male,18-24,Single,Upper-Middle,Breakfast,Tuesday,Poranki,South Indian
Other,45-54,Single,Upper-Middle,Snack,Tuesday,Auto Nagar,Street Food
Other,25-34,Widowed,Low,Dinner,Friday,Gunadala,South Indian
Other,25-34,Single,Low,Lunch,Sunday,Poranki,Biryani
Other,18-24,Married,Upper-Middle,Breakfast,Wednesday,Governorpet,South Indian
Other,35-44,Widowed,Upper-Middle,Lunch,Wednesday,Ramachandra Nagar,North Indian
Female,45-54,Divorced,Middle,Lunch,Friday,Ramachandra Nagar,Biryani
Other,35-44,Single,Middle,Breakfast,Friday,Auto Nagar,Biryani
Other,35-44,Married,Upper-Middle,Snack,Friday,Patamata,Biryani
Other,35-44,Single,Low,Snack,Saturday,Bhavanipuram,Biryani
Male,45-54,Single,Upper-Middle,Dinner,Tuesday,Gunadala,South Indian
Female,55-64,Divorced,Middle,Late Night,Friday,Ramachandra Nagar,Fast Food
Female,25-34,Divorced,Upper-Middle,Lunch,Friday,Auto Nagar,Biryani
Other,55-64,Widowed,High,Lunch,Wednesday,Auto Nagar,Biryani
Other,18-24,Widowed,Low,Snack,Saturday,Gunadala,South Indian
Male,25-34,Married,Middle,Lunch,Wednesday,MG Road,Biryani
Female,35-44,Married,High,Late Night,Monday,Benz Circle,Fast Food
Female,55-64,Widowed,Low,Breakfast,Monday,Gunadala,South Indian
Female,45-54,Divorced,High,Snack,Thursday,One Town,Street Food
Female,45-54,Divorced,Low,Breakfast,Thursday,Ramachandra Nagar,North Indian
Male,55-64,Divorced,Low,Lunch,Wednesday,One Town,Street Food
Female,25-34,Married,Middle,Snack,Wednesday,Patamata,Continental
Female,18-24,Widowed,High,Dinner,Tuesday,MG Road,Biryani
Other,35-44,Married,High,Snack,Monday,MG Road,Street Food
Female,45-54,Divorced,Middle,Breakfast,Friday,Ramachandra Nagar,North Indian
Male,55-64,Married,Middle,Late Night,Wednesday,Ramachandra Nagar,North Indian
Female,45-54,Widowed,Upper-Middle,Lunch,Thursday,Bhavanipuram,Biryani
Other,55-64,Divorced,Upper-Middle,Late Night,Sunday,Bhavanipuram,Biryani
Other,35-44,Single,High,Dinner,Monday,Patamata,Continental
Female,25-34,Married,High,Dinner,Saturday,Governorpet,South Indian
Female,35-44,Widowed,High,Breakfast,Wednesday,Gunadala,South Indian
Other,45-54,Single,Low,Snack,Thursday,One Town,Street Food
Other,18-24,Widowed,High,Breakfast,Thursday,One Town,Fast Food
Male,18-24,Single,High,Breakfast,Saturday,Auto Nagar,Biryani
Other,45-54,Widowed,Middle,Breakfast,Saturday,Gunadala,South Indian
Male,45-54,Single,High,Lunch,Saturday,Bhavanipuram,Biryani
Female,45-54,Widowed,Low,Snack,Wednesday,Benz Circle,Fast Food
Male,18-24,Single,High,Snack,Wednesday,One Town,Street Food
Other,18-24,Single,Low,Breakfast,Monday,MG Road,Chinese
Male,25-34,Divorced,High,Late Night,Monday,One Town,Fast Food
Female,18-24,Divorced,Middle,Breakfast,Tuesday,MG Road,Continental
Female,18-24,Single,High,Snack,Wednesday,Benz Circle,Street Food
Female,55-64,Married,High,Breakfast,Monday,Benz Circle,Fast Food
Other,55-64,Single,Middle,Dinner,Tuesday,Benz Circle,Biryani
Female,18-24,Single,Low,Lunch,Friday,Governorpet,South Indian
Male,35-44,Single,High,Breakfast,Thursday,Patamata,South Indian
Other,35-44,Widowed,Low,Lunch,Thursday,Governorpet,South Indian
Male,45-54,Widowed,Middle,Dinner,Tuesday,Poranki,Biryani
Other,55-64,Married,Middle,Lunch,Sunday,Bhavanipuram,Biryani
Male,55-64,Single,High,Late Night,Monday,Gunadala,South Indian
Other,18-24,Divorced,Middle,Snack,Saturday,Governorpet,Biryani
Female,18-24,Widowed,High,Lunch,Monday,Bhavanipuram,Biryani
Female,18-24,Single,High,Late Night,Sunday,Poranki,Bakery
Female,18-24,Married,Low,Snack,Saturday,Benz Circle,Fast Food
Other,45-54,Married,Low,Breakfast,Monday,Auto Nagar,Biryani
Male,45-54,Single,Upper-Middle,Snack,Saturday,MG Road,Chinese
Other,45-54,Single,Middle,Breakfast,Tuesday,One Town,Chinese
Female,55-64,Divorced,Middle,Lunch,Tuesday,Auto Nagar,Biryani
Male,35-44,Divorced,High,Dinner,Wednesday,Benz Circle,Street Food
Female,18-24,Widowed,Low,Late Night,Wednesday,Bhavanipuram,Biryani
Female,25-34,Widowed,High,Late Night,Saturday,Ramachandra Nagar,South Indian
Male,18-24,Divorced,Upper-Middle,Snack,Monday,Ramachandra Nagar,North Indian
Female,45-54,Married,Upper-Middle,Late Night,Friday,Poranki,Bakery
Male,25-34,Widowed,Upper-Middle,Dinner,Saturday,Ramachandra Nagar,North Indian
Female,55-64,Married,Upper-Middle,Lunch,Friday,Auto Nagar,Biryani
Male,18-24,Married,Middle,Snack,Monday,Gunadala,Street Food
Other,18-24,Divorced,Upper-Middle,Lunch,Monday,Benz Circle,Fast Food
Male,25-34,Married,High,Dinner,Tuesday,MG Road,Chinese
Male,55-64,Widowed,Low,Snack,Saturday,One Town,Street Food
Female,25-34,Married,High,Late Night,Tuesday,Gunadala,Fast Food
Male,18-24,Widowed,Low,Late Night,Thursday,One Town,Street Food
Other,18-24,Divorced,Middle,Breakfast,Wednesday,Poranki,South Indian
Female,18-24,Divorced,Low,Lunch,Saturday,Poranki,Biryani
Female,18-24,Married,Middle,Dinner,Friday,Gunadala,Biryani
Female,55-64,Married,High,Breakfast,Sunday,Auto Nagar,Biryani
Female,35-44,Divorced,Low,Snack,Thursday,Auto Nagar,Biryani
Male,18-24,Married,High,Breakfast,Sunday,Patamata,Continental
Male,18-24,Single,Low,Late Night,Sunday,Benz Circle,Fast Food
Female,55-64,Divorced,Middle,Lunch,Friday,Patamata,Continental
Other,45-54,Single,Low,Lunch,Thursday,One Town,Biryani
Other,55-64,Married,Middle,Lunch,Tuesday,One Town,Street Food
Other,25-34,Single,High,Lunch,Thursday,MG Road,Chinese
Male,45-54,Widowed,Upper-Middle,Lunch,Saturday,Gunadala,South Indian
Female,25-34,Married,Low,Dinner,Sunday,Governorpet,South Indian
Female,18-24,Married,Upper-Middle,Snack,Tuesday,Patamata,Continental
Other,45-54,Divorced,Middle,Lunch,Sunday,Gunadala,Biryani
Male,45-54,Single,Low,Snack,Sunday,One Town,Street Food
Other,18-24,Divorced,Middle,Late Night,Wednesday,Benz Circle,Fast Food
Other,18-24,Married,Middle,Breakfast,Tuesday,MG Road,Chinese
Male,25-34,Divorced,Upper-Middle,Late Night,Tuesday,Bhavanipuram,Fast Food
Male,45-54,Single,Upper-Middle,Lunch,Sunday,Poranki,North Indian
Female,18-24,Single,High,Breakfast,Monday,Gunadala,South Indian
Female,18-24,Married,Upper-Middle,Lunch,Monday,Benz Circle,Fast Food
Other,35-44,Married,Upper-Middle,Breakfast,Sunday,Patamata,Continental
Other,35-44,Divorced,Upper-Middle,Dinner,Tuesday,Governorpet,South Indian
Other,18-24,Divorced,Low,Lunch,Tuesday,Bhavanipuram,Biryani
Other,25-34,Widowed,Upper-Middle,Dinner,Saturday,One Town,Biryani
Male,35-44,Divorced,Low,Lunch,Monday,Patamata,Continental
Other,18-24,Widowed,Middle,Late Night,Sunday,Ramachandra Nagar,North Indian
Female,18-24,Married,Low,Late Night,Saturday,Benz Circle,Fast Food
Other,35-44,Divorced,Low,Dinner,Monday,Patamata,Continental
Male,25-34,Widowed,Low,Lunch,Wednesday,Auto Nagar,Biryani
Female,25-34,Single,High,Lunch,Sunday,Benz Circle,Biryani
Other,25-34,Divorced,Upper-Middle,Breakfast,Tuesday,Bhavanipuram,Biryani
Female,25-34,Widowed,Upper-Middle,Breakfast,Monday,One Town,Street Food
Male,45-54,Widowed,Upper-Middle,Breakfast,Sunday,Governorpet,South Indian
Other,45-54,Divorced,High,Breakfast,Friday,Bhavanipuram,Biryani
Male,45-54,Married,Middle,Dinner,Friday,Patamata,Continental
Other,25-34,Widowed,Middle,Lunch,Thursday,One Town,North Indian
Male,18-24,Single,Middle,Late Night,Tuesday,Patamata,Fast Food
Male,18-24,Single,High,Dinner,Sunday,Gunadala,South Indian
Female,45-54,Single,Upper-Middle,Breakfast,Saturday,Poranki,Bakery
Other,18-24,Single,Upper-Middle,Snack,Wednesday,One Town,Street Food
Male,55-64,Widowed,High,Dinner,Saturday,Bhavanipuram,Biryani
Other,18-24,Divorced,Middle,Snack,Tuesday,MG Road,Chinese
Female,18-24,Widowed,Middle,Late Night,Tuesday,MG Road,Chinese
Other,25-34,Divorced,Low,Dinner,Saturday,Bhavanipuram,Biryani
Male,18-24,Single,Upper-Middle,Late Night,Monday,Auto Nagar,Biryani
Other,25-34,Married,Middle,Dinner,Sunday,Auto Nagar,Biryani
Female,25-34,Single,Low,Snack,Friday,Auto Nagar,Biryani
Female,25-34,Widowed,Low,Late Night,Sunday,Governorpet,Fast Food
Male,55-64,Married,Low,Snack,Sunday,Poranki,Bakery
Male,18-24,Married,High,Late Night,Monday,One Town,Street Food
Female,18-24,Single,High,Late Night,Sunday,Auto Nagar,Biryani
Male,25-34,Divorced,High,Lunch,Sunday,Patamata,Biryani
Male,35-44,Widowed,Upper-Middle,Lunch,Wednesday,Bhavanipuram,Biryani
Female,25-34,Widowed,Low,Breakfast,Monday,Governorpet,South Indian
Other,45-54,Married,High,Late Night,Wednesday,Benz Circle,Fast Food
Male,35-44,Widowed,Upper-Middle,Dinner,Monday,Bhavanipuram,Biryani
Female,18-24,Single,Low,Snack,Monday,Patamata,Continental
Other,35-44,Divorced,Low,Dinner,Tuesday,Bhavanipuram,Biryani
Male,45-54,Single,Upper-Middle,Breakfast,Monday,Bhavanipuram,Biryani
Male,55-64,Married,High,Dinner,Monday,Benz Circle,Biryani
Other,45-54,Divorced,Middle,Snack,Thursday,Gunadala,Street Food
Male,55-64,Divorced,Middle,Breakfast,Wednesday,One Town,South Indian
Other,55-64,Divorced,Middle,Lunch,Wednesday,Bhavanipuram,Biryani
Male,45-54,Married,High,Snack,Wednesday,Governorpet,South Indian
Male,35-44,Widowed,High,Dinner,Monday,Governorpet,South Indian
Female,18-24,Single,Upper-Middle,Lunch,Sunday,Gunadala,South Indian
Male,18-24,Married,Upper-Middle,Dinner,Wednesday,Poranki,Bakery
Male,45-54,Widowed,Middle,Late Night,Wednesday,Governorpet,South Indian
Male,25-34,Widowed,Middle,Snack,Friday,Ramachandra Nagar,Street Food
Other,45-54,Single,Upper-Middle,Dinner,Monday,Governorpet,Biryani
Female,25-34,Divorced,Upper-Middle,Dinner,Thursday,Governorpet,Biryani
Other,55-64,Divorced,Upper-Middle,Snack,Tuesday,Ramachandra Nagar,North Indian
Male,18-24,Married,Upper-Middle,Dinner,Friday,Bhavanipuram,Biryani
Male,45-54,Single,High,Breakfast,Monday,Patamata,Continental
Male,18-24,Single,Low,Snack,Wednesday,Gunadala,South Indian
Female,35-44,Married,Middle,Lunch,Friday,Gunadala,Biryani
Male,25-34,Widowed,High,Dinner,Tuesday,Bhavanipuram,Biryani
Male,45-54,Married,High,Lunch,Thursday,Patamata,Biryani
Female,18-24,Widowed,Low,Breakfast,Sunday,Poranki,Bakery
Female,55-64,Single,Upper-Middle,Breakfast,Sunday,Benz Circle,South Indian
Male,55-64,Divorced,High,Late Night,Monday,Auto Nagar,Biryani
Female,18-24,Divorced,High,Breakfast,Friday,Auto Nagar,South Indian
Female,18-24,Divorced,Middle,Breakfast,Tuesday,One Town,Street Food
Female,35-44,Divorced,High,Snack,Friday,Ramachandra Nagar,Street Food
Other,45-54,Divorced,High,Snack,Thursday,MG Road,Street Food
Other,25-34,Divorced,Upper-Middle,Snack,Monday,One Town,Street Food
Other,25-34,Divorced,High,Late Night,Friday,Bhavanipuram,Biryani
Other,35-44,Married,Middle,Breakfast,Thursday,MG Road,Chinese
Male,55-64,Widowed,High,Snack,Thursday,MG Road,Street Food
Other,55-64,Widowed,Middle,Breakfast,Sunday,Gunadala,South Indian
Female,25-34,Single,Middle,Snack,Tuesday,Auto Nagar,Street Food
Male,18-24,Single,High,Late Night,Wednesday,Poranki,Fast Food
Male,45-54,Divorced,High,Lunch,Monday,Gunadala,South Indian
Other,45-54,Widowed,Low,Breakfast,Friday,Benz Circle,Fast Food
Female,18-24,Divorced,Low,Dinner,Wednesday,Auto Nagar,Biryani
Other,25-34,Married,High,Dinner,Saturday,Auto Nagar,Biryani
Other,35-44,Widowed,Upper-Middle,Snack,Thursday,Auto Nagar,Fast Food
Other,25-34,Widowed,Upper-Middle,Snack,Thursday,Poranki,Street Food
Male,35-44,Married,Upper-Middle,Dinner,Wednesday,One Town,Street Food
Female,45-54,Divorced,High,Lunch,Thursday,MG Road,Chinese
Male,18-24,Widowed,High,Late Night,Sunday,MG Road,Chinese
Female,18-24,Widowed,Middle,Lunch,Friday,Poranki,Continental
Other,45-54,Single,Low,Dinner,Thursday,MG Road,Chinese
Male,35-44,Single,Low,Lunch,Tuesday,Gunadala,South Indian
Female,45-54,Widowed,Middle,Late Night,Thursday,MG Road,Chinese
Male,18-24,Widowed,Upper-Middle,Dinner,Tuesday,Bhavanipuram,Biryani
Other,18-24,Divorced,Middle,Snack,Wednesday,Benz Circle,Fast Food
Male,35-44,Widowed,Upper-Middle,Breakfast,Sunday,Bhavanipuram,Biryani
Male,35-44,Widowed,Low,Dinner,Sunday,Ramachandra Nagar,Biryani
Male,55-64,Married,Middle,Snack,Wednesday,Bhavanipuram,Biryani
Female,35-44,Divorced,Middle,Dinner,Wednesday,MG Road,Biryani
Female,25-34,Married,High,Breakfast,Wednesday,Governorpet,South Indian
Female,35-44,Widowed,Middle,Lunch,Sunday,Gunadala,South Indian
Other,55-64,Married,High,Breakfast,Wednesday,Patamata,South Indian
Female,25-34,Divorced,High,Lunch,Friday,One Town,Biryani
Female,35-44,Widowed,Upper-Middle,Lunch,Friday,Ramachandra Nagar,North Indian
Female,45-54,Widowed,High,Dinner,Saturday,Benz Circle,Fast Food
Male,35-44,Divorced,High,Dinner,Saturday,Auto Nagar,Biryani
Female,18-24,Widowed,High,Snack,Sunday,Ramachandra Nagar,North Indian
Male,18-24,Divorced,High,Breakfast,Monday,Ramachandra Nagar,Fast Food
Male,35-44,Widowed,High,Lunch,Tuesday,Ramachandra Nagar,North Indian
Female,18-24,Single,Low,Late Night,Sunday,Patamata,Continental
Female,25-34,Married,Low,Dinner,Sunday,Benz Circle,Biryani
Other,35-44,Divorced,Low,Late Night,Tuesday,Governorpet,South Indian
Female,55-64,Single,Middle,Snack,Sunday,Benz Circle,Fast Food
Male,18-24,Married,High,Dinner,Friday,Governorpet,Biryani
Male,18-24,Divorced,Upper-Middle,Breakfast,Thursday,One Town,South Indian
Other,45-54,Divorced,Middle,Lunch,Tuesday,Bhavanipuram,Biryani
Female,55-64,Single,High,Late Night,Monday,Poranki,Bakery
Other,18-24,Married,Upper-Middle,Breakfast,Wednesday,Ramachandra Nagar,North Indian
Female,25-34,Divorced,Upper-Middle,Late Night,Monday,Patamata,Fast Food
Male,18-24,Divorced,Middle,Lunch,Thursday,Gunadala,South Indian
Male,55-64,Single,High,Lunch,Monday,Ramachandra Nagar,Fast Food
Male,45-54,Married,Upper-Middle,Late Night,Wednesday,MG Road,Chinese
Male,45-54,Single,Low,Lunch,Tuesday,Ramachandra Nagar,North Indian
Male,25-34,Single,Upper-Middle,Breakfast,Tuesday,Benz Circle,Continental
Other,25-34,Married,Low,Late Night,Friday,Bhavanipuram,Biryani
Other,35-44,Single,Low,Breakfast,Wednesday,Ramachandra Nagar,North Indian
Female,18-24,Divorced,High,Lunch,Saturday,Governorpet,Biryani
Female,55-64,Widowed,Middle,Breakfast,Sunday,Bhavanipuram,South Indian
Male,45-54,Single,High,Late Night,Wednesday,Ramachandra Nagar,Chinese
Female,35-44,Widowed,High,Snack,Tuesday,Auto Nagar,Chinese
Male,18-24,Single,Middle,Breakfast,Tuesday,Governorpet,South Indian
Female,45-54,Widowed,Upper-Middle,Breakfast,Sunday,Ramachandra Nagar,North Indian
Female,55-64,Divorced,Low,Snack,Monday,Bhavanipuram,Street Food
Male,45-54,Widowed,Middle,Late Night,Tuesday,Poranki,Bakery
Other,18-24,Single,Middle,Lunch,Sunday,Gunadala,South Indian
Female,25-34,Divorced,Upper-Middle,Late Night,Thursday,Gunadala,Fast Food
Female,55-64,Married,High,Breakfast,Wednesday,MG Road,Chinese
Other,25-34,Married,High,Lunch,Thursday,Bhavanipuram,Biryani
Male,18-24,Widowed,Low,Lunch,Monday,Patamata,Continental
Other,45-54,Widowed,Upper-Middle,Lunch,Friday,Bhavanipuram,Biryani
Other,35-44,Single,Upper-Middle,Snack,Wednesday,Bhavanipuram,Biryani
Female,25-34,Married,Low,Snack,Thursday,One Town,North Indian
Female,55-64,Divorced,Upper-Middle,Dinner,Sunday,Gunadala,Biryani
Other,45-54,Widowed,Low,Dinner,Saturday,Ramachandra Nagar,North Indian
Other,18-24,Divorced,High,Snack,Tuesday,Bhavanipuram,Biryani
Male,55-64,Widowed,High,Snack,Saturday,MG Road,Chinese
Male,45-54,Married,Middle,Dinner,Friday,Ramachandra Nagar,North Indian
Male,35-44,Single,Low,Late Night,Tuesday,Benz Circle,Street Food
Male,35-44,Married,Low,Lunch,Friday,Bhavanipuram,Biryani
Other,25-34,Widowed,Upper-Middle,Breakfast,Wednesday,One Town,Street Food
Other,35-44,Married,Upper-Middle,Snack,Tuesday,Auto Nagar,Biryani
Other,35-44,Married,Middle,Lunch,Monday,Gunadala,South Indian
Other,35-44,Married,Middle,Lunch,Sunday,Ramachandra Nagar,North Indian
Male,35-44,Widowed,Low,Late Night,Monday,Patamata,Fast Food
Male,18-24,Single,Upper-Middle,Dinner,Wednesday,Bhavanipuram,North Indian
Other,25-34,Divorced,Low,Late Night,Friday,Governorpet,South Indian
Female,35-44,Single,Upper-Middle,Breakfast,Wednesday,Benz Circle,Fast Food
Other,45-54,Divorced,Upper-Middle,Late Night,Sunday,Gunadala,South Indian
Male,45-54,Married,High,Breakfast,Tuesday,One Town,Street Food
Female,45-54,Divorced,Upper-Middle,Lunch,Friday,Poranki,Bakery
Other,55-64,Widowed,Middle,Dinner,Sunday,Governorpet,South Indian
Female,18-24,Divorced,Upper-Middle,Snack,Sunday,Bhavanipuram,Biryani
Male,18-24,Married,Middle,Breakfast,Monday,Patamata,Continental
Female,45-54,Divorced,High,Late Night,Tuesday,Gunadala,South Indian
Other,18-24,Married,Upper-Middle,Lunch,Wednesday,One Town,Street Food
Other,35-44,Married,High,Late Night,Friday,Governorpet,South Indian
Male,35-44,Divorced,Middle,Lunch,Tuesday,Patamata,Continental
Male,35-44,Single,High,Breakfast,Tuesday,Poranki,Chinese
Female,18-24,Divorced,Middle,Dinner,Monday,Auto Nagar,Biryani
Male,18-24,Divorced,Low,Dinner,Thursday,Benz Circle,Fast Food
Other,18-24,Married,Upper-Middle,Breakfast,Monday,MG Road,Chinese
Male,55-64,Married,Upper-Middle,Lunch,Monday,Poranki,Bakery
Male,55-64,Divorced,High,Lunch,Monday,Governorpet,South Indian
Other,55-64,Single,Middle,Lunch,Saturday,Governorpet,Biryani
Other,18-24,Widowed,Middle,Breakfast,Friday,Bhavanipuram,Biryani
Other,55-64,Widowed,Middle,Lunch,Wednesday,Gunadala,South Indian
Male,25-34,Single,Middle,Lunch,Friday,Benz Circle,Biryani
Male,18-24,Single,Low,Breakfast,Thursday,Patamata,Continental
Female,25-34,Widowed,High,Breakfast,Sunday,Benz Circle,Fast Food
Female,35-44,Widowed,Middle,Lunch,Saturday,Gunadala,Continental
Other,18-24,Divorced,Upper-Middle,Snack,Monday,Ramachandra Nagar,North Indian
Male,55-64,Single,Low,Snack,Monday,Benz Circle,Fast Food
Male,45-54,Divorced,Low,Breakfast,Thursday,Gunadala,South Indian
Male,45-54,Married,Middle,Lunch,Saturday,Ramachandra Nagar,North Indian
Female,25-34,Divorced,Low,Snack,Tuesday,Patamata,Continental
Female,18-24,Widowed,Upper-Middle,Breakfast,Saturday,MG Road,South Indian
Male,35-44,Widowed,Upper-Middle,Late Night,Saturday,Patamata,Fast Food
Other,18-24,Divorced,Upper-Middle,Lunch,Thursday,Poranki,Bakery
Female,35-44,Divorced,High,Lunch,Wednesday,Benz Circle,Biryani
Female,45-54,Widowed,Low,Late Night,Thursday,Bhavanipuram,Biryani
Male,45-54,Divorced,Upper-Middle,Snack,Friday,Patamata,Continental
Male,25-34,Single,High,Breakfast,Friday,MG Road,South Indian
Male,45-54,Divorced,Low,Late Night,Thursday,Bhavanipuram,Biryani
Other,45-54,Married,High,Dinner,Sunday,Bhavanipuram,Biryani
Other,45-54,Married,Middle,Breakfast,Sunday,Poranki,Bakery
Male,45-54,Divorced,Low,Lunch,Tuesday,Bhavanipuram,Biryani
Female,55-64,Married,Low,Snack,Monday,Bhavanipuram,Biryani
Other,55-64,Widowed,High,Dinner,Sunday,Gunadala,Biryani
Female,25-34,Divorced,Low,Snack,Saturday,One Town,Street Food
Female,18-24,Single,Middle,Snack,Tuesday,One Town,Street Food
Male,25-34,Divorced,Middle,Late Night,Saturday,Poranki,Bakery
Male,55-64,Single,Middle,Late Night,Thursday,Governorpet,South Indian
Female,45-54,Married,Low,Snack,Saturday,MG Road,Chinese
Other,18-24,Single,Upper-Middle,Late Night,Thursday,MG Road,Chinese
Other,45-54,Single,Upper-Middle,Late Night,Thursday,Poranki,Chinese
Other,25-34,Married,Middle,Snack,Monday,Poranki,Street Food
Other,55-64,Single,Upper-Middle,Snack,Friday,Governorpet,South Indian
Male,25-34,Divorced,Upper-Middle,Lunch,Thursday,Gunadala,South Indian
Male,25-34,Single,Upper-Middle,Snack,Wednesday,One Town,Street Food
Female,18-24,Widowed,Middle,Breakfast,Friday,Gunadala,South Indian
Other,45-54,Widowed,Upper-Middle,Late Night,Sunday,One Town,Fast Food
Male,45-54,Single,Middle,Dinner,Friday,Gunadala,South Indian
Male,45-54,Widowed,High,Breakfast,Tuesday,Auto Nagar,Biryani
Other,18-24,Widowed,High,Lunch,Thursday,Benz Circle,Fast Food
Male,25-34,Married,Low,Breakfast,Thursday,Auto Nagar,Biryani
Female,35-44,Divorced,Middle,Snack,Friday,Governorpet,South Indian
Female,18-24,Single,Upper-Middle,Breakfast,Monday,One Town,Street Food
Female,25-34,Single,Low,Dinner,Wednesday,Benz Circle,Fast Food
Other,18-24,Divorced,Middle,Lunch,Thursday,Bhavanipuram,Biryani
Male,18-24,Widowed,Upper-Middle,Dinner,Monday,Governorpet,South Indian
Male,35-44,Divorced,Low,Breakfast,Saturday,MG Road,Chinese
Female,55-64,Married,High,Late Night,Wednesday,Ramachandra Nagar,Fast Food
Female,45-54,Single,Upper-Middle,Dinner,Sunday,Bhavanipuram,Biryani
Other,55-64,Married,Upper-Middle,Dinner,Saturday,Ramachandra Nagar,North Indian
Male,18-24,Widowed,High,Breakfast,Saturday,One Town,South Indian
Female,18-24,Single,High,Breakfast,Friday,Auto Nagar,Chinese
Female,25-34,Married,Middle,Breakfast,Thursday,Governorpet,South Indian
Male,25-34,Single,High,Breakfast,Sunday,Benz Circle,Fast Food
Other,25-34,Single,Upper-Middle,Breakfast,Monday,Poranki,Street Food
Male,18-24,Single,Low,Breakfast,Thursday,Auto Nagar,Biryani
Other,35-44,Widowed,Low,Late Night,Friday,MG Road,Chinese
Female,18-24,Divorced,High,Lunch,Tuesday,Ramachandra Nagar,North Indian
Male,35-44,Divorced,Middle,Snack,Wednesday,Gunadala,Street Food
Other,25-34,Married,Middle,Snack,Tuesday,One Town,Street Food
Female,25-34,Single,Low,Late Night,Monday,One Town,Fast Food
Other,55-64,Single,Upper-Middle,Late Night,Wednesday,Bhavanipuram,Fast Food
Male,18-24,Married,Low,Dinner,Friday,Benz Circle,Biryani
Other,35-44,Single,Middle,Breakfast,Friday,Benz Circle,Fast Food
Male,45-54,Divorced,High,Dinner,Tuesday,Bhavanipuram,Biryani
Female,18-24,Married,Low,Lunch,Monday,Patamata,Biryani
Male,55-64,Widowed,Upper-Middle,Dinner,Sunday,Benz Circle,North Indian
Male,18-24,Widowed,Middle,Breakfast,Tuesday,Benz Circle,Fast Food
Female,18-24,Single,High,Dinner,Monday,Patamata,Continental
Female,35-44,Widowed,High,Snack,Saturday,Auto Nagar,Biryani
Other,35-44,Married,Low,Dinner,Saturday,Bhavanipuram,South Indian
Female,18-24,Widowed,Middle,Breakfast,Tuesday,Poranki,South Indian
Other,45-54,Single,Low,Lunch,Tuesday,MG Road,Chinese
Female,55-64,Married,Low,Breakfast,Sunday,Bhavanipuram,Biryani
Female,35-44,Divorced,Upper-Middle,Late Night,Saturday,Bhavanipuram,Biryani
Female,45-54,Divorced,Low,Breakfast,Saturday,Patamata,South Indian
Female,18-24,Single,Middle,Dinner,Tuesday,Ramachandra Nagar,Chinese
Female,55-64,Divorced,Upper-Middle,Late Night,Wednesday,Gunadala,South Indian
Other,45-54,Widowed,High,Breakfast,Monday,MG Road,Chinese
Other,35-44,Married,Upper-Middle,Snack,Friday,Gunadala,Street Food
Female,55-64,Married,Middle,Dinner,Monday,Patamata,Continental
Male,25-34,Married,Middle,Late Night,Saturday,Benz Circle,Fast Food
Other,35-44,Married,Upper-Middle,Lunch,Sunday,Benz Circle,Biryani
Female,25-34,Single,Middle,Dinner,Thursday,MG Road,Chinese
Male,25-34,Married,Middle,Late Night,Monday,Patamata,Fast Food
Male,55-64,Widowed,Low,Breakfast,Friday,Poranki,Bakery
Female,35-44,Widowed,Upper-Middle,Lunch,Monday,Patamata,Continental
Other,18-24,Divorced,Upper-Middle,Breakfast,Friday,Auto Nagar,South Indian
Male,35-44,Divorced,High,Snack,Friday,Poranki,Street Food
Female,25-34,Widowed,Low,Dinner,Tuesday,Ramachandra Nagar,North Indian
Male,18-24,Married,High,Lunch,Saturday,One Town,Fast Food
Male,25-34,Single,Middle,Lunch,Wednesday,Governorpet,South Indian
Other,18-24,Married,Low,Snack,Monday,Auto Nagar,Biryani
Other,18-24,Divorced,Upper-Middle,Breakfast,Monday,Benz Circle,Fast Food
Other,25-34,Divorced,Upper-Middle,Late Night,Tuesday,MG Road,Chinese
Female,35-44,Widowed,Middle,Late Night,Wednesday,One Town,Fast Food
Male,18-24,Married,Middle,Snack,Sunday,Patamata,Continental
Other,45-54,Single,Upper-Middle,Breakfast,Friday,Gunadala,South Indian
Male,55-64,Single,Middle,Breakfast,Monday,Auto Nagar,Biryani
Other,18-24,Divorced,Upper-Middle,Lunch,Friday,Bhavanipuram,Biryani
Male,45-54,Married,Upper-Middle,Lunch,Thursday,One Town,Street Food
Other,55-64,Married,Low,Late Night,Sunday,Governorpet,South Indian
Female,45-54,Single,Upper-Middle,Lunch,Wednesday,Patamata,Continental
Other,45-54,Divorced,Low,Late Night,Sunday,Poranki,Fast Food
Male,35-44,Married,Upper-Middle,Late Night,Wednesday,Ramachandra Nagar,North Indian
Male,45-54,Widowed,High,Lunch,Tuesday,Bhavanipuram,Biryani
Male,18-24,Married,Middle,Late Night,Friday,Bhavanipuram,Biryani
Female,45-54,Widowed,Middle,Breakfast,Friday,Auto Nagar,Biryani
Male,45-54,Divorced,Low,Late Night,Thursday,Patamata,Fast Food
Other,55-64,Divorced,High,Dinner,Wednesday,Ramachandra Nagar,Biryani
Male,55-64,Widowed,Low,Breakfast,Tuesday,Benz Circle,Fast Food
Male,55-64,Single,Middle,Dinner,Wednesday,Ramachandra Nagar,North Indian
Female,55-64,Widowed,Middle,Dinner,Tuesday,Patamata,Continental
Other,35-44,Widowed,Middle,Lunch,Thursday,One Town,Street Food
Other,18-24,Single,High,Lunch,Saturday,Ramachandra Nagar,Biryani
Other,55-64,Divorced,Upper-Middle,Lunch,Saturday,Gunadala,Street Food
Female,18-24,Divorced,Upper-Middle,Breakfast,Wednesday,One Town,Chinese
Other,25-34,Single,Middle,Dinner,Tuesday,Bhavanipuram,Biryani
Male,35-44,Widowed,Middle,Snack,Saturday,Benz Circle,Street Food
Other,55-64,Single,Upper-Middle,Breakfast,Wednesday,Ramachandra Nagar,North Indian
Male,45-54,Married,Upper-Middle,Lunch,Thursday,MG Road,Biryani
Other,18-24,Married,Upper-Middle,Snack,Monday,Bhavanipuram,Bakery
Other,45-54,Divorced,Upper-Middle,Dinner,Wednesday,Ramachandra Nagar,North Indian
Male,18-24,Widowed,High,Dinner,Friday,Governorpet,South Indian
Male,55-64,Widowed,Low,Lunch,Saturday,Bhavanipuram,Biryani
Male,55-64,Divorced,Low,Breakfast,Monday,Patamata,Continental
Male,25-34,Widowed,Low,Lunch,Thursday,Bhavanipuram,Biryani
Male,18-24,Widowed,High,Late Night,Friday,One Town,Fast Food
Male,55-64,Single,Low,Breakfast,Wednesday,MG Road,South Indian
Other,18-24,Single,Low,Late Night,Tuesday,Bhavanipuram,Fast Food
Other,55-64,Widowed,High,Dinner,Saturday,MG Road,Chinese
Female,35-44,Married,High,Snack,Tuesday,Gunadala,Street Food
Other,35-44,Married,Middle,Breakfast,Wednesday,MG Road,Chinese
Male,45-54,Divorced,Middle,Dinner,Monday,MG Road,Chinese
Male,25-34,Divorced,Low,Lunch,Monday,Benz Circle,Fast Food
Other,45-54,Divorced,Upper-Middle,Breakfast,Tuesday,Bhavanipuram,Biryani
Other,55-64,Widowed,Low,Lunch,Sunday,Auto Nagar,Biryani
Male,45-54,Widowed,Upper-Middle,Snack,Friday,Patamata,Continental
Female,45-54,Divorced,Middle,Snack,Friday,Gunadala,South Indian
Male,25-34,Married,Middle,Snack,Monday,Governorpet,Street Food
Male,35-44,Married,Middle,Late Night,Monday,Bhavanipuram,Fast Food
Other,35-44,Married,Low,Dinner,Tuesday,MG Road,Chinese
Other,18-24,Married,High,Late Night,Sunday,Bhavanipuram,Biryani
Other,35-44,Divorced,Upper-Middle,Snack,Sunday,One Town,Street Food
Male,35-44,Divorced,Low,Dinner,Wednesday,MG Road,Chinese
Male,45-54,Divorced,High,Lunch,Tuesday,Patamata,Biryani
Female,18-24,Single,Middle,Late Night,Monday,Benz Circle,Fast Food
Male,25-34,Single,High,Late Night,Tuesday,Auto Nagar,Fast Food
Other,45-54,Widowed,High,Dinner,Thursday,Benz Circle,Fast Food
Female,55-64,Divorced,High,Lunch,Friday,Poranki,Biryani
Female,55-64,Married,Middle,Lunch,Tuesday,Patamata,Continental
Other,25-34,Single,Upper-Middle,Breakfast,Wednesday,MG Road,Chinese
Other,25-34,Divorced,High,Breakfast,Saturday,Auto Nagar,Biryani
Other,35-44,Married,Middle,Snack,Thursday,One Town,Street Food
Male,35-44,Single,Low,Snack,Wednesday,Benz Circle,Street Food
Other,35-44,Married,Middle,Snack,Sunday,One Town,Fast Food
Male,45-54,Single,High,Dinner,Sunday,Auto Nagar,Biryani
Female,18-24,Single,High,Dinner,Tuesday,Governorpet,South Indian
Other,35-44,Widowed,High,Snack,Thursday,MG Road,Chinese
Other,18-24,Married,Upper-Middle,Snack,Thursday,Poranki,Bakery
Male,45-54,Single,Middle,Snack,Monday,Bhavanipuram,Street Food
Female,25-34,Single,Middle,Lunch,Thursday,Patamata,Continental
Other,35-44,Divorced,Low,Lunch,Tuesday,Ramachandra Nagar,North Indian
Female,35-44,Single,Upper-Middle,Lunch,Thursday,Benz Circle,Fast Food
Male,18-24,Married,Low,Dinner,Wednesday,Benz Circle,Biryani
Female,25-34,Single,Low,Late Night,Monday,Poranki,Fast Food
Male,45-54,Single,High,Dinner,Monday,Poranki,Bakery
Male,25-34,Single,High,Late Night,Monday,Governorpet,Fast Food
Female,18-24,Single,Low,Snack,Thursday,Bhavanipuram,Bakery
Other,45-54,Divorced,High,Dinner,Wednesday,Benz Circle,Fast Food
Male,45-54,Divorced,Middle,Lunch,Friday,Ramachandra Nagar,North Indian
Female,25-34,Married,Middle,Lunch,Saturday,Gunadala,South Indian
Other,18-24,Widowed,Upper-Middle,Breakfast,Saturday,One Town,South Indian
Female,25-34,Widowed,High,Breakfast,Wednesday,Bhavanipuram,South Indian
Female,45-54,Single,High,Dinner,Friday,MG Road,Chinese
Female,45-54,Married,Upper-Middle,Late Night,Saturday,Patamata,Biryani
Other,18-24,Divorced,Upper-Middle,Dinner,Friday,Poranki,Biryani
Other,25-34,Divorced,Upper-Middle,Dinner,Tuesday,Patamata,Biryani
Male,35-44,Married,High,Breakfast,Tuesday,Bhavanipuram,Biryani
Female,55-64,Divorced,Low,Lunch,Monday,Benz Circle,Biryani
Other,18-24,Divorced,Upper-Middle,Late Night,Friday,One Town,Street Food
Other,55-64,Widowed,Middle,Lunch,Thursday,Auto Nagar,South Indian
Other,18-24,Widowed,Low,Late Night,Sunday,One Town,Street Food
Male,18-24,Single,Upper-Middle,Dinner,Monday,MG Road,Biryani
Female,45-54,Married,High,Dinner,Sunday,Ramachandra Nagar,Biryani
Female,25-34,Single,Low,Lunch,Saturday,One Town,Street Food
Other,55-64,Divorced,Upper-Middle,Snack,Friday,Gunadala,South Indian
Other,55-64,Divorced,Low,Breakfast,Sunday,Bhavanipuram,South Indian
Male,55-64,Divorced,Low,Dinner,Thursday,Auto Nagar,Biryani
Female,18-24,Married,Low,Snack,Saturday,Poranki,Bakery
Other,18-24,Married,Middle,Snack,Wednesday,One Town,Street Food
Male,45-54,Divorced,Middle,Lunch,Saturday,Patamata,Biryani
Male,25-34,Divorced,High,Lunch,Thursday,MG Road,Biryani
Other,25-34,Divorced,Low,Late Night,Saturday,Bhavanipuram,Street Food
Female,55-64,Divorced,Upper-Middle,Late Night,Wednesday,Governorpet,Fast Food
Female,35-44,Widowed,Upper-Middle,Dinner,Monday,Ramachandra Nagar,North Indian
Female,35-44,Widowed,Middle,Lunch,Sunday,Ramachandra Nagar,North Indian
Other,35-44,Widowed,Low,Lunch,Tuesday,Poranki,Bakery
Male,18-24,Single,Upper-Middle,Snack,Monday,Governorpet,South Indian
Female,55-64,Married,Middle,Snack,Tuesday,One Town,Street Food
Male,35-44,Divorced,Low,Breakfast,Monday,Ramachandra Nagar,North Indian
Other,35-44,Single,High,Lunch,Sunday,Auto Nagar,Biryani
Other,25-34,Single,Middle,Lunch,Friday,Ramachandra Nagar,North Indian
Male,25-34,Divorced,Middle,Lunch,Sunday,Bhavanipuram,Street Food
Other,35-44,Married,Middle,Breakfast,Wednesday,Gunadala,South Indian
Male,45-54,Single,Middle,Dinner,Friday,MG Road,Chinese
Male,45-54,Widowed,Upper-Middle,Breakfast,Tuesday,Governorpet,South Indian
Male,55-64,Divorced,High,Dinner,Wednesday,Patamata,Continental
Female,45-54,Widowed,Middle,Lunch,Monday,Patamata,Biryani
Other,25-34,Single,Middle,Breakfast,Monday,One Town,South Indian
Male,45-54,Divorced,Upper-Middle,Breakfast,Thursday,Bhavanipuram,Biryani
Other,55-64,Widowed,Middle,Late Night,Friday,Benz Circle,Bakery
Male,55-64,Married,Low,Dinner,Tuesday,Ramachandra Nagar,Biryani
Other,45-54,Married,Middle,Lunch,Monday,Benz Circle,Biryani
Female,25-34,Single,High,Late Night,Tuesday,One Town,Street Food
Male,18-24,Divorced,Low,Breakfast,Wednesday,Patamata,Continental
Female,25-34,Single,Middle,Snack,Tuesday,Gunadala,South Indian
Male,35-44,Single,Middle,Snack,Sunday,MG Road,Chinese
Male,18-24,Widowed,Middle,Dinner,Saturday,Bhavanipuram,Bakery
Other,55-64,Single,Low,Dinner,Wednesday,Gunadala,South Indian
Other,55-64,Single,Middle,Dinner,Wednesday,Ramachandra Nagar,Biryani
Other,18-24,Widowed,Low,Lunch,Thursday,Bhavanipuram,Biryani
Female,45-54,Single,High,Lunch,Monday,Auto Nagar,Biryani
Female,25-34,Widowed,Low,Late Night,Thursday,Auto Nagar,Biryani
Female,25-34,Married,Middle,Breakfast,Tuesday,Patamata,Continental
Female,55-64,Married,Low,Dinner,Tuesday,Governorpet,Biryani
Other,35-44,Divorced,High,Lunch,Monday,Poranki,Bakery
Other,45-54,Widowed,High,Lunch,Monday,Gunadala,Chinese
Male,25-34,Single,Low,Snack,Thursday,Bhavanipuram,North Indian
Female,45-54,Single,Middle,Lunch,Friday,One Town,Street Food
Female,45-54,Divorced,Low,Late Night,Sunday,MG Road,Fast Food
Male,45-54,Single,Middle,Breakfast,Tuesday,Poranki,Bakery
Male,35-44,Married,Middle,Late Night,Monday,MG Road,Chinese
Other,55-64,Single,Middle,Late Night,Thursday,Gunadala,Fast Food
Female,55-64,Divorced,Middle,Late Night,Thursday,Auto Nagar,Biryani
Female,35-44,Married,Middle,Snack,Friday,MG Road,Chinese
Other,55-64,Widowed,Low,Lunch,Thursday,Gunadala,South Indian
Female,18-24,Married,Middle,Breakfast,Sunday,Governorpet,South Indian
Other,35-44,Widowed,Middle,Lunch,Wednesday,One Town,Street Food
Female,18-24,Widowed,Upper-Middle,Late Night,Tuesday,Governorpet,South Indian
Female,18-24,Married,Upper-Middle,Breakfast,Friday,Patamata,Continental
Other,18-24,Divorced,High,Lunch,Wednesday,Gunadala,South Indian
Female,18-24,Single,Upper-Middle,Snack,Wednesday,Gunadala,Street Food
Other,45-54,Widowed,Upper-Middle,Dinner,Wednesday,Gunadala,South Indian
Other,35-44,Widowed,High,Snack,Wednesday,MG Road,Chinese
Male,35-44,Divorced,Upper-Middle,Breakfast,Saturday,Bhavanipuram,Biryani
Male,25-34,Divorced,Upper-Middle,Late Night,Thursday,Poranki,Bakery
Male,45-54,Widowed,Low,Breakfast,Tuesday,Benz Circle,South Indian
Female,35-44,Married,Upper-Middle,Snack,Tuesday,Ramachandra Nagar,North Indian
Female,18-24,Married,Low,Snack,Friday,Benz Circle,South Indian
Female,35-44,Single,High,Dinner,Thursday,Poranki,Bakery
Female,25-34,Single,Low,Late Night,Monday,Auto Nagar,Biryani
Other,35-44,Single,Middle,Late Night,Monday,Gunadala,South Indian
Other,18-24,Widowed,Upper-Middle,Dinner,Saturday,Patamata,Biryani
Other,45-54,Single,Low,Lunch,Sunday,Governorpet,South Indian
Male,18-24,Married,High,Lunch,Tuesday,Ramachandra Nagar,Fast Food
Other,18-24,Widowed,High,Breakfast,Friday,Governorpet,South Indian
Female,18-24,Single,High,Dinner,Monday,Benz Circle,Fast Food
Female,18-24,Divorced,High,Breakfast,Sunday,One Town,Street Food
Male,18-24,Married,High,Dinner,Saturday,MG Road,Chinese
Female,35-44,Married,Middle,Dinner,Saturday,Bhavanipuram,Biryani
Male,55-64,Divorced,Upper-Middle,Lunch,Friday,Poranki,Biryani
Other,45-54,Single,High,Breakfast,Tuesday,Bhavanipuram,Biryani
Male,45-54,Widowed,High,Breakfast,Tuesday,Patamata,South Indian
Female,18-24,Widowed,Middle,Lunch,Tuesday,Auto Nagar,Biryani
Male,35-44,Single,Low,Snack,Monday,Poranki,Bakery
Other,18-24,Married,Upper-Middle,Late Night,Monday,Gunadala,South Indian
Male,25-34,Married,Low,Snack,Wednesday,MG Road,Chinese
Female,55-64,Divorced,Low,Dinner,Friday,Auto Nagar,Biryani
Other,45-54,Married,Low,Breakfast,Saturday,Benz Circle,Fast Food
Male,55-64,Married,Middle,Dinner,Sunday,Ramachandra Nagar,North Indian
Other,35-44,Married,Low,Late Night,Friday,Gunadala,South Indian
Male,55-64,Divorced,Middle,Late Night,Friday,Patamata,Continental
Female,18-24,Widowed,Low,Dinner,Sunday,Gunadala,North Indian
Male,45-54,Single,Low,Snack,Monday,Governorpet,Street Food
Female,55-64,Divorced,Upper-Middle,Lunch,Wednesday,Benz Circle,Fast Food
Male,45-54,Single,Middle,Snack,Thursday,Governorpet,South Indian
Male,35-44,Single,High,Dinner,Monday,Poranki,Chinese
Male,25-34,Divorced,Low,Dinner,Monday,Auto Nagar,Biryani
Female,18-24,Married,Middle,Snack,Sunday,Patamata,Continental
Other,18-24,Married,Middle,Breakfast,Sunday,Gunadala,South Indian
Male,25-34,Single,Low,Late Night,Wednesday,Benz Circle,Fast Food
Female,55-64,Single,Low,Late Night,Monday,Benz Circle,Chinese
Other,25-34,Widowed,High,Dinner,Sunday,Auto Nagar,Biryani
Female,18-24,Married,High,Snack,Thursday,MG Road,Street Food
Female,45-54,Divorced,Middle,Late Night,Saturday,One Town,Fast Food
Other,25-34,Widowed,Middle,Dinner,Thursday,Gunadala,South Indian
Male,18-24,Divorced,Upper-Middle,Late Night,Saturday,Benz Circle,Fast Food
Male,55-64,Married,High,Lunch,Thursday,Ramachandra Nagar,Biryani
Female,45-54,Widowed,High,Lunch,Monday,Gunadala,South Indian
Other,25-34,Single,Low,Lunch,Monday,Ramachandra Nagar,North Indian
Other,35-44,Single,Middle,Dinner,Tuesday,Governorpet,Street Food
Other,35-44,Single,Low,Breakfast,Saturday,Patamata,South Indian
Female,55-64,Single,Upper-Middle,Late Night,Friday,Patamata,Continental
Male,18-24,Widowed,Middle,Breakfast,Tuesday,Auto Nagar,Biryani
Other,45-54,Divorced,Upper-Middle,Snack,Saturday,Poranki,Bakery
Male,25-34,Single,Upper-Middle,Breakfast,Saturday,Poranki,Bakery
Male,25-34,Married,Low,Breakfast,Wednesday,Benz Circle,Fast Food
Female,25-34,Single,Middle,Dinner,Monday,Governorpet,Biryani
Other,55-64,Married,Upper-Middle,Lunch,Thursday,Benz Circle,Biryani
Female,55-64,Divorced,Upper-Middle,Late Night,Monday,Benz Circle,Biryani
Other,45-54,Widowed,Upper-Middle,Lunch,Wednesday,Governorpet,South Indian
Male,45-54,Married,Low,Dinner,Sunday,Patamata,Continental
Male,25-34,Married,Middle,Breakfast,Thursday,Poranki,Bakery
Female,25-34,Divorced,Upper-Middle,Lunch,Wednesday,MG Road,Chinese
Male,18-24,Single,High,Dinner,Saturday,Poranki,Bakery
Other,25-34,Divorced,Middle,Dinner,Tuesday,Gunadala,South Indian
Other,18-24,Married,Middle,Late Night,Saturday,Auto Nagar,Fast Food
Female,18-24,Single,Upper-Middle,Late Night,Monday,Ramachandra Nagar,North Indian
Male,25-34,Single,High,Late Night,Wednesday,Benz Circle,Fast Food
Male,18-24,Single,Upper-Middle,Late Night,Wednesday,Governorpet,Fast Food
Male,45-54,Single,Upper-Middle,Dinner,Tuesday,Governorpet,South Indian
Other,55-64,Single,Middle,Breakfast,Tuesday,Poranki,South Indian
Female,55-64,Single,Middle,Lunch,Sunday,Bhavanipuram,Biryani
Other,45-54,Divorced,High,Dinner,Saturday,Poranki,Bakery
Other,45-54,Widowed,Low,Lunch,Tuesday,Governorpet,South Indian
Male,25-34,Married,Low,Breakfast,Sunday,Patamata,Continental
Other,55-64,Married,Upper-Middle,Late Night,Friday,Governorpet,South Indian
Other,25-34,Widowed,Middle,Snack,Saturday,Benz Circle,Fast Food
Female,55-64,Divorced,Middle,Dinner,Thursday,Poranki,Bakery
Female,18-24,Divorced,High,Breakfast,Tuesday,Auto Nagar,Biryani
Other,55-64,Single,Upper-Middle,Lunch,Sunday,Ramachandra Nagar,North Indian
Other,25-34,Single,Upper-Middle,Snack,Sunday,Bhavanipuram,Biryani
Other,18-24,Divorced,Middle,Late Night,Saturday,MG Road,Fast Food
Female,18-24,Married,Middle,Breakfast,Monday,Auto Nagar,South Indian
Female,18-24,Divorced,Middle,Dinner,Sunday,Poranki,North Indian
Male,55-64,Widowed,Middle,Breakfast,Thursday,One Town,Street Food
Male,25-34,Widowed,Low,Lunch,Wednesday,Gunadala,South Indian
Male,55-64,Married,Low,Snack,Monday,Patamata,Continental
Female,18-24,Divorced,Upper-Middle,Snack,Saturday,Patamata,Continental
Male,45-54,Widowed,Low,Lunch,Saturday,Benz Circle,Fast Food
Male,35-44,Widowed,High,Dinner,Monday,Gunadala,South Indian
Female,18-24,Single,Middle,Dinner,Saturday,Governorpet,South Indian
Female,25-34,Single,High,Lunch,Saturday,Poranki,Bakery
Other,55-64,Single,Upper-Middle,Breakfast,Tuesday,Poranki,South Indian
Female,18-24,Single,Low,Dinner,Thursday,Patamata,Chinese
Female,18-24,Divorced,Low,Late Night,Sunday,One Town,Fast Food
Male,18-24,Divorced,Upper-Middle,Snack,Sunday,Bhavanipuram,Biryani
Male,45-54,Married,Middle,Dinner,Saturday,Governorpet,South Indian
Other,45-54,Divorced,High,Lunch,Sunday,Gunadala,Chinese
Female,45-54,Widowed,Low,Late Night,Monday,Gunadala,South Indian
Female,35-44,Married,Low,Breakfast,Tuesday,Benz Circle,South Indian
Female,55-64,Divorced,High,Lunch,Wednesday,Bhavanipuram,Biryani
Male,55-64,Married,High,Late Night,Sunday,Poranki,Fast Food
Male,18-24,Married,Middle,Late Night,Friday,Benz Circle,Fast Food
Female,18-24,Married,Middle,Snack,Monday,Auto Nagar,Biryani
Female,55-64,Divorced,Low,Late Night,Wednesday,Bhavanipuram,Fast Food
Male,35-44,Married,High,Lunch,Friday,Poranki,Biryani
Male,18-24,Married,Low,Breakfast,Monday,Ramachandra Nagar,North Indian
Male,45-54,Divorced,High,Dinner,Wednesday,Ramachandra Nagar,North Indian
Male,18-24,Single,Upper-Middle,Late Night,Thursday,MG Road,North Indian
Male,35-44,Divorced,Middle,Late Night,Saturday,Patamata,Street Food
Male,18-24,Widowed,High,Lunch,Wednesday,Gunadala,South Indian
Male,35-44,Widowed,Upper-Middle,Dinner,Wednesday,MG Road,Chinese
Male,45-54,Married,Middle,Late Night,Friday,Benz Circle,Fast Food
Male,18-24,Widowed,Upper-Middle,Dinner,Monday,Poranki,Biryani
Female,55-64,Married,Low,Snack,Saturday,Benz Circle,Fast Food
Female,45-54,Married,High,Snack,Friday,One Town,Street Food
Other,25-34,Divorced,High,Lunch,Friday,Gunadala,Biryani
Other,55-64,Divorced,High,Late Night,Sunday,Auto Nagar,Biryani
Male,35-44,Widowed,Middle,Snack,Sunday,Poranki,Bakery
Other,25-34,Single,Upper-Middle,Dinner,Sunday,Gunadala,Biryani
Female,35-44,Married,Middle,Late Night,Sunday,Poranki,Bakery
Female,18-24,Single,Middle,Snack,Tuesday,Ramachandra Nagar,North Indian
Other,45-54,Single,Low,Late Night,Saturday,Governorpet,South Indian
Male,55-64,Single,Middle,Lunch,Monday,Benz Circle,Fast Food
Male,55-64,Widowed,Middle,Dinner,Friday,Governorpet,Biryani
Male,45-54,Divorced,Low,Snack,Thursday,MG Road,Street Food
Male,45-54,Married,High,Breakfast,Friday,Auto Nagar,South Indian
Female,35-44,Married,Low,Breakfast,Wednesday,Auto Nagar,South Indian
Male,55-64,Divorced,Upper-Middle,Breakfast,Monday,Bhavanipuram,Biryani
Female,55-64,Divorced,Upper-Middle,Late Night,Friday,Governorpet,South Indian
Other,25-34,Single,Middle,Late Night,Tuesday,Governorpet,South Indian
Other,18-24,Married,Low,Lunch,Friday,Poranki,Bakery
Other,35-44,Married,Low,Snack,Wednesday,Poranki,Bakery
Other,35-44,Married,High,Snack,Tuesday,MG Road,Chinese
Other,35-44,Divorced,Low,Snack,Monday,Bhavanipuram,Street Food
Male,18-24,Widowed,Middle,Dinner,Wednesday,Governorpet,South Indian
Other,45-54,Widowed,Upper-Middle,Snack,Saturday,Auto Nagar,Biryani
Female,25-34,Widowed,Low,Lunch,Saturday,Governorpet,Biryani
Male,45-54,Single,Low,Lunch,Friday,Governorpet,South Indian
Other,18-24,Single,Upper-Middle,Dinner,Monday,MG Road,Biryani
Other,25-34,Married,Upper-Middle,Snack,Monday,Gunadala,South Indian
Male,35-44,Divorced,Upper-Middle,Lunch,Friday,Ramachandra Nagar,North Indian
Female,45-54,Divorced,High,Snack,Thursday,Gunadala,South Indian
Male,55-64,Widowed,Upper-Middle,Lunch,Saturday,Bhavanipuram,Biryani
Other,55-64,Divorced,High,Breakfast,Tuesday,Auto Nagar,South Indian
Other,35-44,Married,Upper-Middle,Lunch,Monday,Auto Nagar,Biryani
Other,45-54,Widowed,High,Snack,Monday,Bhavanipuram,Street Food
Other,35-44,Widowed,Low,Late Night,Thursday,Governorpet,Fast Food
Male,45-54,Single,Middle,Snack,Saturday,Gunadala,South Indian
Other,35-44,Married,Middle,Breakfast,Saturday,Benz Circle,Street Food
Male,55-64,Widowed,High,Dinner,Wednesday,Gunadala,South Indian
Male,45-54,Widowed,High,Breakfast,Wednesday,Benz Circle,Fast Food
Male,45-54,Divorced,High,Lunch,Monday,One Town,Street Food
Other,35-44,Single,High,Lunch,Friday,Governorpet,South Indian
Female,18-24,Widowed,Upper-Middle,Lunch,Monday,Bhavanipuram,Biryani
Female,55-64,Married,Low,Lunch,Wednesday,Ramachandra Nagar,North Indian
Male,55-64,Single,Upper-Middle,Late Night,Thursday,Governorpet,Fast Food
Male,25-34,Divorced,High,Lunch,Tuesday,Governorpet,Biryani
Male,55-64,Single,Middle,Breakfast,Wednesday,Ramachandra Nagar,North Indian
Female,18-24,Widowed,Low,Dinner,Tuesday,Bhavanipuram,Biryani
Male,55-64,Married,High,Snack,Thursday,Patamata,Continental
Other,25-34,Married,Middle,Lunch,Thursday,Poranki,Bakery
Female,25-34,Married,High,Lunch,Wednesday,One Town,Biryani
Other,45-54,Married,Middle,Late Night,Sunday,Bhavanipuram,North Indian
Male,45-54,Married,Low,Snack,Wednesday,Poranki,Bakery
Female,25-34,Single,High,Breakfast,Saturday,Auto Nagar,Biryani
Female,18-24,Widowed,Low,Dinner,Saturday,Governorpet,Continental
Male,45-54,Single,Middle,Breakfast,Friday,Poranki,Bakery
Female,25-34,Married,Upper-Middle,Late Night,Saturday,Gunadala,South Indian
Other,35-44,Divorced,Low,Snack,Wednesday,Poranki,Bakery
Male,18-24,Divorced,High,Late Night,Tuesday,Benz Circle,Fast Food
Male,18-24,Divorced,Middle,Dinner,Thursday,Auto Nagar,Biryani
Other,55-64,Married,Low,Lunch,Saturday,Governorpet,South Indian
Male,35-44,Married,Upper-Middle,Snack,Wednesday,Gunadala,South Indian
Female,18-24,Single,High,Late Night,Friday,One Town,Fast Food
Female,25-34,Divorced,High,Late Night,Sunday,Gunadala,South Indian
Male,18-24,Divorced,Low,Late Night,Saturday,Auto Nagar,Biryani
Female,18-24,Married,Upper-Middle,Dinner,Thursday,Poranki,Biryani
Other,18-24,Divorced,High,Breakfast,Friday,Patamata,Continental
Other,25-34,Married,Middle,Late Night,Tuesday,Ramachandra Nagar,North Indian
Female,55-64,Single,Low,Dinner,Monday,Poranki,Bakery
Female,35-44,Married,Upper-Middle,Snack,Saturday,Ramachandra Nagar,North Indian
Male,18-24,Single,Low,Late Night,Thursday,Gunadala,South Indian
Female,25-34,Divorced,High,Late Night,Saturday,Auto Nagar,Biryani
Male,45-54,Divorced,Upper-Middle,Snack,Monday,Patamata,Street Food
Male,35-44,Single,Upper-Middle,Late Night,Saturday,Ramachandra Nagar,North Indian
Other,18-24,Widowed,Low,Dinner,Thursday,Benz Circle,Fast Food
Female,25-34,Divorced,Upper-Middle,Lunch,Thursday,Benz Circle,Fast Food
Other,45-54,Single,Upper-Middle,Dinner,Saturday,Benz Circle,Fast Food
Other,35-44,Divorced,Middle,Lunch,Tuesday,Governorpet,South Indian
Other,45-54,Single,Middle,Lunch,Tuesday,Poranki,Biryani
Other,55-64,Single,High,Late Night,Thursday,Poranki,Bakery
Female,55-64,Widowed,High,Lunch,Monday,Benz Circle,Biryani
Other,35-44,Married,Upper-Middle,Breakfast,Sunday,Bhavanipuram,Biryani
Other,45-54,Widowed,Low,Breakfast,Sunday,Governorpet,Bakery
Other,35-44,Divorced,Low,Snack,Sunday,MG Road,Chinese
Male,55-64,Single,Low,Dinner,Thursday,Auto Nagar,Biryani
Male,35-44,Single,High,Late Night,Tuesday,Auto Nagar,Biryani
Other,55-64,Single,High,Lunch,Thursday,Benz Circle,Biryani
Other,55-64,Married,Upper-Middle,Late Night,Tuesday,Gunadala,South Indian
Male,55-64,Divorced,Low,Snack,Tuesday,Gunadala,Street Food
Other,18-24,Single,Low,Dinner,Friday,Bhavanipuram,Biryani
Other,45-54,Divorced,High,Snack,Sunday,Gunadala,South Indian
Female,25-34,Divorced,Low,Late Night,Monday,Benz Circle,Fast Food
Other,18-24,Widowed,Upper-Middle,Late Night,Sunday,Patamata,Continental
Other,35-44,Widowed,Upper-Middle,Late Night,Sunday,Poranki,Bakery
Other,25-34,Married,Middle,Breakfast,Thursday,Gunadala,South Indian
Male,45-54,Divorced,Upper-Middle,Snack,Monday,Benz Circle,Fast Food
Male,35-44,Married,High,Dinner,Sunday,Governorpet,South Indian
Female,18-24,Single,Upper-Middle,Snack,Friday,Patamata,Continental
Female,35-44,Divorced,Low,Dinner,Wednesday,Patamata,Continental
Other,25-34,Married,Low,Late Night,Monday,Governorpet,South Indian
Other,55-64,Married,Upper-Middle,Lunch,Thursday,Ramachandra Nagar,Continental
Female,25-34,Widowed,Low,Lunch,Wednesday,MG Road,Chinese
Male,45-54,Widowed,Low,Late Night,Monday,MG Road,Chinese
Male,55-64,Widowed,Low,Late Night,Wednesday,One Town,Street Food
Male,55-64,Divorced,Low,Late Night,Sunday,Patamata,Street Food
Female,55-64,Divorced,Low,Dinner,Monday,One Town,Street Food
Male,35-44,Widowed,Middle,Snack,Sunday,Gunadala,Street Food
Other,55-64,Widowed,Middle,Dinner,Saturday,One Town,Street Food
Male,18-24,Divorced,Middle,Lunch,Monday,Bhavanipuram,Biryani
Male,35-44,Single,Middle,Lunch,Tuesday,Patamata,Continental
Female,35-44,Married,Upper-Middle,Dinner,Saturday,Patamata,Continental
Other,25-34,Single,High,Breakfast,Thursday,Bhavanipuram,Biryani
Female,45-54,Divorced,Upper-Middle,Snack,Friday,One Town,Street Food
Male,55-64,Divorced,Upper-Middle,Lunch,Friday,Ramachandra Nagar,North Indian
Other,45-54,Divorced,High,Breakfast,Tuesday,Patamata,Fast Food
Female,45-54,Single,Middle,Dinner,Tuesday,Benz Circle,Fast Food
Female,55-64,Single,High,Late Night,Wednesday,MG Road,Chinese
Female,25-34,Married,High,Breakfast,Friday,Patamata,Continental
Other,45-54,Single,Low,Late Night,Sunday,Gunadala,South Indian
Other,35-44,Divorced,Upper-Middle,Snack,Saturday,Governorpet,Chinese
Female,25-34,Single,Upper-Middle,Breakfast,Saturday,MG Road,South Indian
Male,45-54,Single,High,Dinner,Monday,Ramachandra Nagar,North Indian
Other,25-34,Married,High,Lunch,Tuesday,Patamata,Biryani
Female,35-44,Single,High,Late Night,Saturday,Patamata,Fast Food
Other,25-34,Widowed,Upper-Middle,Late Night,Friday,Poranki,Fast Food
Other,45-54,Single,Upper-Middle,Breakfast,Friday,Poranki,Bakery
Other,55-64,Single,Upper-Middle,Late Night,Thursday,Governorpet,South Indian
Female,25-34,Widowed,Middle,Lunch,Saturday,Poranki,Bakery
Female,35-44,Single,Low,Late Night,Thursday,Governorpet,South Indian
Male,25-34,Widowed,Middle,Snack,Saturday,Governorpet,Street Food
Male,25-34,Widowed,Middle,Snack,Tuesday,Gunadala,South Indian
Female,25-34,Divorced,High,Dinner,Saturday,Poranki,Bakery
Other,45-54,Divorced,Low,Lunch,Tuesday,Bhavanipuram,Biryani
Male,18-24,Single,Low,Breakfast,Saturday,Governorpet,South Indian
Female,18-24,Married,Upper-Middle,Late Night,Thursday,Gunadala,South Indian
Female,45-54,Divorced,Upper-Middle,Lunch,Saturday,Governorpet,South Indian
Female,45-54,Married,Middle,Late Night,Sunday,Poranki,Continental
Male,18-24,Widowed,Low,Dinner,Wednesday,MG Road,Chinese
Female,55-64,Single,Low,Dinner,Thursday,Auto Nagar,Biryani
Male,18-24,Widowed,High,Snack,Thursday,Ramachandra Nagar,North Indian
Male,18-24,Divorced,Low,Snack,Monday,Gunadala,South Indian
Other,18-24,Widowed,High,Dinner,Thursday,MG Road,Chinese
Other,45-54,Widowed,Middle,Breakfast,Monday,Gunadala,South Indian
Female,45-54,Widowed,Middle,Lunch,Sunday,Auto Nagar,Biryani
Other,18-24,Single,High,Late Night,Wednesday,Patamata,Continental
Female,25-34,Widowed,Middle,Breakfast,Tuesday,Patamata,Continental
Female,45-54,Married,Low,Snack,Thursday,Ramachandra Nagar,North Indian
Male,35-44,Married,High,Late Night,Tuesday,One Town,Street Food
Female,45-54,Divorced,Low,Snack,Thursday,Patamata,Street Food
Other,35-44,Divorced,Low,Dinner,Monday,Governorpet,South Indian
Female,55-64,Married,High,Dinner,Monday,Poranki,Bakery
Other,55-64,Married,Upper-Middle,Lunch,Saturday,Bhavanipuram,Biryani
Other,35-44,Divorced,Upper-Middle,Breakfast,Tuesday,Ramachandra Nagar,North Indian
Male,35-44,Widowed,High,Late Night,Sunday,Ramachandra Nagar,Continental
Male,18-24,Widowed,Upper-Middle,Late Night,Thursday,Patamata,Continental
Male,55-64,Divorced,Middle,Lunch,Tuesday,MG Road,Biryani
Female,35-44,Divorced,Upper-Middle,Breakfast,Saturday,Ramachandra Nagar,North Indian
Other,45-54,Widowed,Low,Breakfast,Friday,Auto Nagar,Biryani
Other,45-54,Widowed,Upper-Middle,Dinner,Monday,Poranki,Bakery
Other,45-54,Single,Low,Late Night,Sunday,Governorpet,Fast Food
Male,45-54,Divorced,Middle,Late Night,Wednesday,Bhavanipuram,Fast Food
Female,45-54,Widowed,Middle,Late Night,Saturday,Poranki,Bakery
Male,18-24,Widowed,Upper-Middle,Snack,Friday,Governorpet,South Indian
Female,18-24,Divorced,High,Breakfast,Monday,Gunadala,South Indian
Male,18-24,Widowed,High,Breakfast,Friday,One Town,Street Food
Male,55-64,Single,Low,Breakfast,Wednesday,Patamata,South Indian
Female,45-54,Single,Low,Lunch,Tuesday,One Town,Street Food
Male,25-34,Single,High,Late Night,Monday,MG Road,Chinese
Male,25-34,Single,Low,Lunch,Sunday,Patamata,Continental
Male,45-54,Single,Low,Dinner,Thursday,Poranki,Bakery
Female,55-64,Widowed,Upper-Middle,Late Night,Thursday,MG Road,Chinese
Other,35-44,Married,Middle,Snack,Friday,Poranki,Bakery
Male,18-24,Widowed,Low,Snack,Saturday,Ramachandra Nagar,North Indian
Female,18-24,Married,Upper-Middle,Lunch,Tuesday,Bhavanipuram,Biryani
Male,55-64,Single,Upper-Middle,Breakfast,Sunday,Gunadala,Chinese
Female,25-34,Single,Low,Dinner,Saturday,Bhavanipuram,Biryani
Male,25-34,Widowed,High,Dinner,Wednesday,One Town,Street Food
Other,35-44,Single,Low,Dinner,Wednesday,Patamata,Continental
Female,25-34,Single,Low,Lunch,Monday,Patamata,Continental
Female,45-54,Widowed,Upper-Middle,Lunch,Friday,Benz Circle,Fast Food
Other,35-44,Married,Upper-Middle,Lunch,Sunday,Ramachandra Nagar,North Indian
Male,25-34,Widowed,Middle,Lunch,Thursday,Bhavanipuram,Biryani
Male,45-54,Married,Middle,Lunch,Friday,Poranki,Bakery
Male,35-44,Married,Upper-Middle,Late Night,Sunday,Auto Nagar,Fast Food
Other,18-24,Married,Low,Snack,Wednesday,Poranki,Bakery
Female,18-24,Widowed,High,Dinner,Monday,Ramachandra Nagar,Biryani
Male,55-64,Married,Upper-Middle,Breakfast,Monday,One Town,South Indian
Female,55-64,Divorced,High,Lunch,Saturday,Ramachandra Nagar,North Indian
Female,25-34,Married,Upper-Middle,Dinner,Thursday,Governorpet,South Indian
Other,25-34,Single,Upper-Middle,Snack,Tuesday,Governorpet,South Indian
Other,25-34,Divorced,Middle,Breakfast,Saturday,One Town,Street Food
Other,35-44,Widowed,Middle,Lunch,Monday,Gunadala,Biryani
Female,25-34,Divorced,Low,Late Night,Wednesday,Poranki,Bakery
Male,18-24,Single,Upper-Middle,Lunch,Monday,MG Road,Chinese
Female,55-64,Widowed,Middle,Snack,Saturday,Benz Circle,Fast Food
Other,45-54,Married,Middle,Late Night,Wednesday,Gunadala,Fast Food
Other,25-34,Widowed,Middle,Snack,Monday,Ramachandra Nagar,Street Food
Female,25-34,Widowed,Upper-Middle,Snack,Sunday,Auto Nagar,North Indian
Male,18-24,Married,Low,Late Night,Monday,Ramachandra Nagar,North Indian
Male,35-44,Widowed,Upper-Middle,Snack,Sunday,Ramachandra Nagar,North Indian
Other,25-34,Married,Upper-Middle,Dinner,Friday,Auto Nagar,Biryani
Female,25-34,Widowed,Upper-Middle,Late Night,Friday,One Town,Street Food
Male,25-34,Widowed,Upper-Middle,Lunch,Tuesday,Bhavanipuram,Biryani
Other,45-54,Divorced,High,Snack,Sunday,Patamata,Continental
Male,45-54,Married,Low,Late Night,Thursday,One Town,Street Food
Other,45-54,Married,Middle,Dinner,Thursday,Gunadala,North Indian
Other,18-24,Married,Middle,Lunch,Friday,Benz Circle,Fast Food
Female,45-54,Divorced,Middle,Snack,Monday,Gunadala,Street Food
Other,18-24,Married,High,Dinner,Friday,Auto Nagar,Biryani
Male,35-44,Married,Low,Lunch,Tuesday,Gunadala,South Indian
Other,25-34,Married,Upper-Middle,Late Night,Thursday,Bhavanipuram,Biryani
Male,55-64,Divorced,Middle,Dinner,Monday,MG Road,Biryani
Other,18-24,Divorced,High,Dinner,Wednesday,Gunadala,Biryani
Male,35-44,Married,Low,Late Night,Friday,Benz Circle,Fast Food
Other,35-44,Widowed,Upper-Middle,Late Night,Friday,Benz Circle,Fast Food
Female,35-44,Married,Low,Dinner,Saturday,Bhavanipuram,Biryani
Male,45-54,Widowed,Upper-Middle,Snack,Tuesday,One Town,Street Food
Other,18-24,Single,High,Breakfast,Tuesday,Gunadala,Chinese
Female,35-44,Single,Middle,Dinner,Saturday,Benz Circle,Fast Food
Female,25-34,Divorced,Upper-Middle,Breakfast,Sunday,Patamata,Continental
Female,18-24,Widowed,Upper-Middle,Breakfast,Saturday,Auto Nagar,Biryani
Male,35-44,Divorced,Low,Snack,Sunday,MG Road,Chinese
Male,45-54,Divorced,Upper-Middle,Dinner,Friday,Patamata,Continental
Other,18-24,Divorced,Upper-Middle,Snack,Thursday,Patamata,Street Food
Female,45-54,Single,Upper-Middle,Breakfast,Thursday,Gunadala,Chinese
Other,45-54,Widowed,High,Breakfast,Thursday,Ramachandra Nagar,North Indian
Other,18-24,Single,Middle,Breakfast,Saturday,Auto Nagar,South Indian
Female,55-64,Single,Low,Dinner,Monday,Ramachandra Nagar,Biryani
Female,18-24,Married,High,Lunch,Sunday,Patamata,Continental
Other,18-24,Widowed,High,Late Night,Wednesday,MG Road,Fast Food
Male,18-24,Divorced,Low,Breakfast,Tuesday,Bhavanipuram,South Indian
Female,18-24,Married,High,Dinner,Tuesday,Benz Circle,Fast Food
Female,45-54,Divorced,High,Dinner,Tuesday,Governorpet,Continental
Female,55-64,Single,High,Late Night,Monday,Benz Circle,Fast Food
Female,25-34,Married,Low,Snack,Wednesday,Governorpet,Street Food
Male,45-54,Divorced,Upper-Middle,Dinner,Thursday,Patamata,Biryani
Female,18-24,Single,High,Breakfast,Thursday,Benz Circle,Fast Food
Other,35-44,Single,Middle,Breakfast,Thursday,Auto Nagar,Chinese
Other,45-54,Married,Upper-Middle,Dinner,Thursday,Poranki,Fast Food
Female,35-44,Widowed,Low,Snack,Sunday,Auto Nagar,Street Food
Male,25-34,Widowed,Middle,Breakfast,Friday,Ramachandra Nagar,North Indian
Other,18-24,Married,Upper-Middle,Dinner,Monday,Patamata,Continental
Other,45-54,Divorced,High,Late Night,Wednesday,Gunadala,Fast Food
Male,25-34,Single,Low,Snack,Monday,Ramachandra Nagar,North Indian
Other,25-34,Married,Low,Late Night,Thursday,Ramachandra Nagar,North Indian
Female,45-54,Married,Middle,Breakfast,Sunday,Bhavanipuram,Chinese
Female,45-54,Single,Low,Snack,Monday,Ramachandra Nagar,North Indian
Male,35-44,Single,Middle,Breakfast,Wednesday,Bhavanipuram,Biryani
Other,45-54,Single,High,Dinner,Monday,Ramachandra Nagar,North Indian
Male,25-34,Single,High,Lunch,Thursday,Poranki,Bakery
Other,18-24,Married,High,Breakfast,Friday,Bhavanipuram,Biryani
Female,25-34,Widowed,High,Lunch,Wednesday,Bhavanipuram,Biryani
Female,35-44,Divorced,Low,Lunch,Thursday,Auto Nagar,Biryani
Other,35-44,Widowed,Low,Lunch,Tuesday,MG Road,Street Food
Female,55-64,Widowed,Low,Snack,Friday,Governorpet,South Indian
Male,35-44,Divorced,Middle,Lunch,Thursday,Bhavanipuram,Biryani
Other,18-24,Married,High,Lunch,Monday,Governorpet,South Indian
Male,55-64,Single,Low,Snack,Saturday,Poranki,Bakery
Female,45-54,Single,High,Late Night,Sunday,Gunadala,Fast Food
Other,45-54,Married,High,Snack,Wednesday,Poranki,Bakery
Other,35-44,Single,Middle,Lunch,Friday,Governorpet,Biryani
Male,25-34,Widowed,Low,Lunch,Thursday,Poranki,Fast Food
Other,35-44,Divorced,Upper-Middle,Lunch,Thursday,Auto Nagar,Biryani
Female,45-54,Widowed,Upper-Middle,Dinner,Friday,Governorpet,Biryani
Male,25-34,Divorced,Upper-Middle,Dinner,Thursday,One Town,Street Food
Male,55-64,Divorced,High,Lunch,Thursday,Ramachandra Nagar,Biryani
Male,45-54,Married,Middle,Late Night,Sunday,Benz Circle,Fast Food
Male,18-24,Married,Upper-Middle,Breakfast,Wednesday,Gunadala,South Indian
Other,55-64,Widowed,Upper-Middle,Snack,Wednesday,Gunadala,Street Food
Other,45-54,Divorced,Upper-Middle,Late Night,Friday,Governorpet,Fast Food
Female,45-54,Married,Upper-Middle,Breakfast,Saturday,Gunadala,South Indian
Female,55-64,Widowed,Low,Breakfast,Saturday,One Town,South Indian
Female,35-44,Married,Low,Late Night,Tuesday,Poranki,Bakery
Male,18-24,Single,Middle,Breakfast,Sunday,Poranki,Bakery
Male,35-44,Widowed,Low,Breakfast,Friday,Governorpet,South Indian
Female,55-64,Single,Middle,Breakfast,Thursday,Benz Circle,Chinese
Other,55-64,Single,High,Dinner,Monday,Gunadala,South Indian
Male,45-54,Married,High,Late Night,Friday,One Town,Fast Food
Male,55-64,Divorced,Low,Lunch,Tuesday,MG Road,Fast Food
Male,45-54,Divorced,Middle,Late Night,Friday,Governorpet,South Indian
Other,45-54,Married,High,Late Night,Saturday,One Town,Fast Food
Other,18-24,Single,Low,Late Night,Saturday,Ramachandra Nagar,Fast Food
Other,25-34,Single,Middle,Late Night,Sunday,Gunadala,South Indian
Male,18-24,Divorced,Low,Breakfast,Thursday,Patamata,Biryani
Female,25-34,Married,Low,Dinner,Sunday,Poranki,Biryani
Male,45-54,Widowed,Low,Dinner,Friday,Patamata,Continental
Male,35-44,Widowed,Middle,Late Night,Wednesday,One Town,Fast Food
Other,35-44,Single,Middle,Late Night,Saturday,MG Road,Chinese
Female,55-64,Single,Upper-Middle,Dinner,Wednesday,MG Road,Biryani
Male,45-54,Divorced,Upper-Middle,Breakfast,Tuesday,Bhavanipuram,Biryani
Female,45-54,Widowed,High,Snack,Monday,Auto Nagar,Biryani
Male,35-44,Single,High,Snack,Thursday,Gunadala,Chinese
Other,45-54,Married,High,Breakfast,Wednesday,Patamata,Continental
Male,55-64,Married,Low,Late Night,Monday,Auto Nagar,Fast Food
Female,45-54,Divorced,High,Late Night,Saturday,Benz Circle,Fast Food
Male,45-54,Widowed,Middle,Dinner,Sunday,Ramachandra Nagar,North Indian
Female,35-44,Married,Low,Snack,Wednesday,One Town,Street Food
Other,55-64,Divorced,High,Breakfast,Tuesday,Gunadala,South Indian
Female,55-64,Divorced,High,Breakfast,Friday,Ramachandra Nagar,North Indian
Male,18-24,Widowed,Low,Snack,Saturday,MG Road,Chinese
Male,35-44,Widowed,Low,Snack,Saturday,Ramachandra Nagar,North Indian
Other,18-24,Widowed,Middle,Lunch,Monday,Benz Circle,Fast Food
Male,25-34,Single,Low,Snack,Thursday,Benz Circle,Fast Food
Male,55-64,Divorced,High,Dinner,Saturday,Patamata,Continental
Other,18-24,Divorced,Middle,Lunch,Wednesday,Patamata,Fast Food
Other,25-34,Widowed,Low,Lunch,Tuesday,One Town,Street Food
Male,55-64,Widowed,High,Breakfast,Tuesday,Benz Circle,South Indian
Other,18-24,Single,Low,Dinner,Thursday,MG Road,Chinese
Male,55-64,Single,High,Late Night,Saturday,Gunadala,South Indian
Female,25-34,Married,Middle,Late Night,Wednesday,Gunadala,Fast Food
Male,18-24,Single,Upper-Middle,Breakfast,Wednesday,Gunadala,South Indian
Male,18-24,Married,Middle,Snack,Saturday,MG Road,Chinese
Other,55-64,Widowed,High,Breakfast,Monday,One Town,Biryani
Female,18-24,Married,Upper-Middle,Snack,Thursday,Benz Circle,Fast Food
Male,18-24,Divorced,Middle,Snack,Wednesday,Ramachandra Nagar,Street Food
Female,18-24,Widowed,High,Snack,Saturday,Patamata,Street Food
Male,25-34,Divorced,Middle,Snack,Thursday,One Town,Street Food
Other,25-34,Married,Low,Breakfast,Wednesday,Benz Circle,Fast Food
Male,45-54,Single,Low,Lunch,Friday,MG Road,Biryani
Male,35-44,Widowed,Low,Late Night,Saturday,Bhavanipuram,Fast Food
Other,18-24,Single,Upper-Middle,Snack,Friday,Gunadala,South Indian
Male,55-64,Married,Upper-Middle,Late Night,Tuesday,Governorpet,Fast Food
Male,35-44,Married,Middle,Snack,Thursday,Ramachandra Nagar,North Indian
Male,25-34,Married,High,Lunch,Monday,One Town,Biryani
Other,55-64,Married,Middle,Late Night,Friday,Ramachandra Nagar,North Indian
Male,25-34,Widowed,High,Breakfast,Friday,One Town,Street Food
Female,45-54,Divorced,Middle,Snack,Wednesday,Bhavanipuram,Biryani
Male,55-64,Single,Low,Snack,Saturday,Ramachandra Nagar,Street Food
Female,45-54,Married,Low,Late Night,Thursday,One Town,Street Food
Other,35-44,Widowed,Upper-Middle,Breakfast,Sunday,Poranki,Bakery
Female,35-44,Widowed,Upper-Middle,Late Night,Saturday,Poranki,Fast Food
Female,25-34,Divorced,High,Late Night,Friday,MG Road,Chinese
Male,18-24,Single,Low,Lunch,Sunday,Ramachandra Nagar,Biryani
Female,35-44,Married,Upper-Middle,Late Night,Monday,Poranki,Bakery
Other,45-54,Widowed,Middle,Dinner,Sunday,Patamata,Biryani
Other,55-64,Widowed,High,Lunch,Wednesday,MG Road,Street Food
Male,25-34,Widowed,Low,Breakfast,Wednesday,Benz Circle,South Indian
Male,25-34,Widowed,Upper-Middle,Lunch,Monday,One Town,Biryani
Other,45-54,Divorced,Low,Breakfast,Thursday,One Town,Street Food
Male,25-34,Widowed,Middle,Dinner,Sunday,Governorpet,South Indian
Male,55-64,Divorced,High,Lunch,Saturday,Gunadala,South Indian
Male,55-64,Divorced,High,Dinner,Friday,Auto Nagar,Bakery
Female,18-24,Single,Upper-Middle,Lunch,Tuesday,Bhavanipuram,Biryani
Male,55-64,Married,High,Snack,Monday,Auto Nagar,Biryani
Male,45-54,Married,High,Lunch,Thursday,Gunadala,South Indian
Female,45-54,Widowed,High,Snack,Wednesday,Ramachandra Nagar,North Indian
Other,35-44,Divorced,Low,Lunch,Tuesday,Patamata,Continental
Male,55-64,Single,High,Lunch,Monday,Bhavanipuram,Biryani
Female,35-44,Single,Middle,Lunch,Tuesday,Patamata,Continental
Male,45-54,Single,Low,Lunch,Tuesday,Bhavanipuram,Biryani
Male,18-24,Widowed,Upper-Middle,Breakfast,Wednesday,Gunadala,South Indian
Female,55-64,Married,Middle,Snack,Sunday,One Town,Street Food
Female,25-34,Married,High,Late Night,Friday,Gunadala,South Indian
Male,18-24,Single,Low,Dinner,Thursday,Benz Circle,Fast Food
Other,25-34,Divorced,Low,Lunch,Thursday,Governorpet,South Indian
Male,35-44,Divorced,High,Snack,Wednesday,Auto Nagar,Biryani
Other,55-64,Single,Low,Breakfast,Friday,Ramachandra Nagar,North Indian
Male,35-44,Married,Low,Late Night,Saturday,Gunadala,Fast Food
Female,25-34,Divorced,High,Lunch,Friday,Benz Circle,Fast Food
Female,18-24,Divorced,Low,Breakfast,Saturday,MG Road,Chinese
Male,45-54,Divorced,Upper-Middle,Late Night,Tuesday,Bhavanipuram,Chinese
Other,35-44,Married,Upper-Middle,Breakfast,Tuesday,Poranki,Bakery
Male,35-44,Divorced,Upper-Middle,Snack,Friday,Governorpet,South Indian
Female,55-64,Single,High,Lunch,Wednesday,Benz Circle,Fast Food
Other,18-24,Divorced,Upper-Middle,Lunch,Wednesday,Poranki,Continental
Other,55-64,Divorced,Middle,Dinner,Monday,Gunadala,South Indian
Male,45-54,Married,Low,Lunch,Saturday,Bhavanipuram,Biryani
Female,18-24,Divorced,Upper-Middle,Lunch,Saturday,Auto Nagar,Biryani
Other,35-44,Married,High,Dinner,Saturday,Governorpet,South Indian
Other,35-44,Single,Middle,Lunch,Friday,Poranki,Bakery
Other,25-34,Divorced,Upper-Middle,Late Night,Thursday,Benz Circle,Fast Food
Female,55-64,Single,Middle,Lunch,Saturday,One Town,Biryani
Other,55-64,Widowed,Low,Late Night,Monday,Gunadala,Fast Food
Other,35-44,Married,Middle,Breakfast,Tuesday,Patamata,Continental
Male,55-64,Divorced,Low,Lunch,Tuesday,Ramachandra Nagar,North Indian
Female,55-64,Single,Upper-Middle,Lunch,Wednesday,Bhavanipuram,Biryani
Other,35-44,Divorced,Upper-Middle,Late Night,Sunday,Auto Nagar,Biryani
Male,18-24,Single,Low,Late Night,Monday,Auto Nagar,Fast Food
Female,55-64,Single,Middle,Breakfast,Thursday,Governorpet,South Indian
Female,18-24,Divorced,Middle,Late Night,Friday,MG Road,Chinese
Other,55-64,Widowed,Middle,Snack,Friday,Gunadala,South Indian
Female,18-24,Married,High,Dinner,Sunday,Auto Nagar,Biryani
Other,55-64,Single,High,Lunch,Saturday,Auto Nagar,Biryani
Male,35-44,Single,Middle,Snack,Saturday,Gunadala,South Indian
Other,18-24,Widowed,High,Breakfast,Friday,Bhavanipuram,South Indian
Female,45-54,Married,Low,Dinner,Friday,Governorpet,South Indian
Male,35-44,Widowed,Low,Snack,Sunday,Patamata,Continental
Male,45-54,Widowed,Middle,Dinner,Tuesday,Ramachandra Nagar,North Indian
Male,18-24,Single,Upper-Middle,Lunch,Tuesday,Ramachandra Nagar,Biryani
Female,18-24,Widowed,Low,Lunch,Friday,MG Road,Chinese
Male,55-64,Divorced,Middle,Breakfast,Friday,Benz Circle,Fast Food
Male,25-34,Widowed,Low,Dinner,Friday,One Town,Biryani
Female,55-64,Divorced,Low,Late Night,Sunday,Benz Circle,Street Food
Female,55-64,Single,Middle,Lunch,Sunday,MG Road,Chinese
Female,45-54,Single,High,Snack,Wednesday,Bhavanipuram,Biryani
Female,18-24,Single,High,Late Night,Tuesday,One Town,Street Food
Female,55-64,Married,Middle,Dinner,Thursday,Benz Circle,Fast Food
Male,18-24,Married,Middle,Late Night,Friday,Gunadala,Fast Food
Male,25-34,Married,Upper-Middle,Lunch,Friday,Auto Nagar,Biryani
Male,35-44,Single,Middle,Lunch,Tuesday,One Town,Street Food
Male,55-64,Divorced,Middle,Snack,Monday,Benz Circle,Fast Food
Male,35-44,Single,Middle,Dinner,Saturday,Governorpet,South Indian
Other,18-24,Divorced,Low,Lunch,Saturday,Bhavanipuram,Biryani
Other,18-24,Widowed,High,Lunch,Tuesday,Ramachandra Nagar,North Indian
Female,45-54,Single,Low,Dinner,Friday,Gunadala,South Indian
Other,55-64,Widowed,Low,Dinner,Sunday,Gunadala,Street Food
Male,45-54,Divorced,Low,Late Night,Monday,One Town,Street Food
Male,18-24,Widowed,Upper-Middle,Lunch,Saturday,Poranki,Biryani
Female,35-44,Widowed,Low,Late Night,Friday,Governorpet,South Indian
Other,18-24,Married,High,Snack,Friday,Benz Circle,Fast Food
Female,35-44,Married,Middle,Snack,Tuesday,Governorpet,Street Food
Other,25-34,Divorced,Low,Dinner,Monday,Auto Nagar,Street Food
Female,18-24,Widowed,Middle,Late Night,Saturday,Bhavanipuram,Biryani
Female,18-24,Divorced,Low,Late Night,Thursday,One Town,Street Food
Male,55-64,Divorced,High,Late Night,Monday,One Town,Street Food
Female,35-44,Married,Low,Breakfast,Friday,Governorpet,South Indian
Female,35-44,Married,Upper-Middle,Snack,Saturday,Auto Nagar,Street Food
Other,25-34,Widowed,High,Snack,Friday,Governorpet,Street Food
Male,55-64,Married,High,Snack,Wednesday,Benz Circle,Street Food
Female,45-54,Widowed,Upper-Middle,Breakfast,Wednesday,Gunadala,South Indian
Other,55-64,Single,Upper-Middle,Dinner,Sunday,Patamata,Continental
Female,55-64,Divorced,Middle,Breakfast,Tuesday,Patamata,Continental
Other,25-34,Divorced,High,Late Night,Monday,MG Road,Fast Food
Male,45-54,Widowed,Middle,Lunch,Wednesday,Gunadala,South Indian
Female,45-54,Widowed,High,Snack,Sunday,Patamata,Continental
Male,35-44,Single,High,Lunch,Thursday,Ramachandra Nagar,Biryani
Female,35-44,Single,Low,Late Night,Thursday,MG Road,Chinese
Other,35-44,Single,Middle,Dinner,Wednesday,Ramachandra Nagar,North Indian
Male,55-64,Single,High,Dinner,Sunday,Bhavanipuram,Biryani
Male,35-44,Married,Low,Lunch,Thursday,Patamata,Biryani
Female,35-44,Married,Middle,Breakfast,Tuesday,Bhavanipuram,Biryani
Other,45-54,Single,Middle,Late Night,Friday,Poranki,Bakery
Female,18-24,Married,Low,Breakfast,Friday,MG Road,Chinese
Male,45-54,Married,Low,Breakfast,Tuesday,One Town,South Indian
Female,18-24,Divorced,Upper-Middle,Snack,Wednesday,Bhavanipuram,Biryani
Female,35-44,Divorced,Upper-Middle,Breakfast,Wednesday,Gunadala,South Indian
Male,55-64,Widowed,Low,Snack,Sunday,Governorpet,Street Food
Male,25-34,Widowed,Middle,Late Night,Monday,Governorpet,South Indian
Male,25-34,Married,Upper-Middle,Dinner,Saturday,Patamata,Biryani
Male,18-24,Widowed,Upper-Middle,Lunch,Thursday,Patamata,Biryani
Female,45-54,Divorced,Upper-Middle,Dinner,Sunday,Poranki,Biryani
Male,55-64,Married,Upper-Middle,Dinner,Monday,One Town,Street Food
Female,35-44,Single,Low,Late Night,Friday,Benz Circle,Fast Food
Female,35-44,Married,Middle,Snack,Friday,Poranki,Street Food
Male,18-24,Divorced,Low,Snack,Friday,One Town,Street Food
Male,45-54,Divorced,Middle,Lunch,Saturday,Poranki,Biryani
Other,55-64,Single,Low,Lunch,Wednesday,Bhavanipuram,Biryani
Other,18-24,Widowed,Low,Dinner,Tuesday,Benz Circle,Biryani
Other,55-64,Married,High,Lunch,Thursday,Governorpet,South Indian
Other,35-44,Married,Middle,Snack,Saturday,Governorpet,South Indian
Female,18-24,Widowed,Upper-Middle,Snack,Friday,Benz Circle,Fast Food
Male,55-64,Single,Upper-Middle,Dinner,Sunday,Governorpet,Bakery
Other,35-44,Single,Low,Breakfast,Tuesday,Governorpet,South Indian
Other,45-54,Widowed,High,Breakfast,Thursday,Auto Nagar,South Indian
Female,25-34,Single,High,Dinner,Wednesday,Benz Circle,Fast Food
Other,45-54,Widowed,Upper-Middle,Snack,Thursday,MG Road,Street Food
Female,45-54,Married,High,Breakfast,Sunday,Benz Circle,Bakery
Female,35-44,Widowed,Middle,Lunch,Tuesday,Bhavanipuram,Biryani
Male,45-54,Divorced,Low,Late Night,Sunday,Gunadala,South Indian
Male,45-54,Married,Middle,Lunch,Sunday,Ramachandra Nagar,Continental
Male,55-64,Widowed,Middle,Lunch,Friday,Patamata,Continental
Female,55-64,Widowed,High,Lunch,Thursday,Auto Nagar,Biryani
Other,18-24,Divorced,Middle,Breakfast,Sunday,Ramachandra Nagar,South Indian
Male,35-44,Married,Low,Dinner,Monday,One Town,Biryani
Other,25-34,Single,Upper-Middle,Late Night,Wednesday,Auto Nagar,Biryani
Female,18-24,Single,Middle,Dinner,Monday,One Town,South Indian
Female,55-64,Divorced,Upper-Middle,Snack,Friday,MG Road,Chinese
Female,18-24,Widowed,High,Breakfast,Wednesday,Patamata,Continental
Female,55-64,Married,High,Breakfast,Wednesday,Ramachandra Nagar,North Indian
Male,18-24,Widowed,Middle,Snack,Tuesday,Patamata,Continental
Male,55-64,Married,Upper-Middle,Lunch,Saturday,Governorpet,South Indian
Other,45-54,Divorced,Low,Lunch,Sunday,Auto Nagar,Biryani
Male,45-54,Single,Low,Dinner,Friday,Ramachandra Nagar,Biryani
Female,18-24,Widowed,Upper-Middle,Breakfast,Tuesday,Ramachandra Nagar,North Indian
Other,18-24,Divorced,High,Breakfast,Thursday,Poranki,South Indian
Female,45-54,Divorced,High,Snack,Sunday,Ramachandra Nagar,Street Food
Female,45-54,Single,High,Lunch,Friday,Poranki,Bakery
Male,25-34,Widowed,High,Late Night,Tuesday,Patamata,Continental
Other,35-44,Divorced,High,Snack,Wednesday,Patamata,Continental
Female,45-54,Widowed,Middle,Dinner,Wednesday,Poranki,Biryani
Female,45-54,Widowed,Upper-Middle,Breakfast,Thursday,MG Road,Chinese
Female,45-54,Single,High,Lunch,Saturday,Ramachandra Nagar,Biryani
Other,18-24,Divorced,Upper-Middle,Late Night,Sunday,Gunadala,South Indian
Male,55-64,Married,Upper-Middle,Lunch,Thursday,Bhavanipuram,Street Food
Other,55-64,Single,Low,Snack,Tuesday,Bhavanipuram,Fast Food
Female,55-64,Widowed,High,Late Night,Monday,Patamata,Continental
Female,45-54,Single,Low,Late Night,Friday,Bhavanipuram,Fast Food
Other,55-64,Single,Low,Snack,Thursday,Benz Circle,Fast Food
Other,35-44,Married,Upper-Middle,Snack,Sunday,Governorpet,South Indian
Male,25-34,Single,Upper-Middle,Snack,Friday,MG Road,Chinese
Female,18-24,Married,High,Lunch,Friday,MG Road,Chinese
Female,35-44,Widowed,Middle,Late Night,Wednesday,Auto Nagar,Fast Food
Other,45-54,Widowed,Low,Lunch,Sunday,Gunadala,Biryani
Male,45-54,Single,Middle,Snack,Wednesday,Bhavanipuram,Biryani
Female,55-64,Divorced,Middle,Lunch,Thursday,Governorpet,Biryani
Male,25-34,Single,Upper-Middle,Snack,Saturday,Ramachandra Nagar,North Indian
Female,25-34,Married,Upper-Middle,Lunch,Tuesday,Patamata,Continental
Male,55-64,Married,Low,Snack,Wednesday,MG Road,Chinese
Female,25-34,Widowed,Middle,Breakfast,Friday,MG Road,South Indian
Female,18-24,Single,High,Snack,Sunday,Ramachandra Nagar,Street Food
Male,45-54,Single,Middle,Lunch,Friday,Bhavanipuram,Biryani
Female,35-44,Married,Middle,Late Night,Wednesday,Poranki,Bakery
Other,18-24,Married,Low,Snack,Friday,Gunadala,South Indian
Female,18-24,Divorced,Middle,Breakfast,Tuesday,Patamata,Continental
Other,25-34,Married,Upper-Middle,Lunch,Monday,Bhavanipuram,Bakery
Other,18-24,Divorced,Middle,Late Night,Thursday,Patamata,Fast Food
Female,55-64,Widowed,Upper-Middle,Dinner,Sunday,Auto Nagar,North Indian
Other,45-54,Widowed,Low,Lunch,Thursday,Ramachandra Nagar,North Indian
Female,45-54,Divorced,Middle,Late Night,Thursday,Gunadala,Fast Food
Other,55-64,Married,Upper-Middle,Dinner,Friday,Governorpet,South Indian
Female,55-64,Married,Upper-Middle,Lunch,Friday,Ramachandra Nagar,Biryani
Other,35-44,Married,High,Dinner,Wednesday,Auto Nagar,Biryani
Female,55-64,Married,High,Late Night,Wednesday,Governorpet,Street Food
Other,18-24,Divorced,Low,Snack,Saturday,Bhavanipuram,Biryani
Other,18-24,Married,High,Breakfast,Tuesday,Bhavanipuram,Biryani
Male,18-24,Divorced,High,Lunch,Tuesday,Patamata,Continental
Other,25-34,Widowed,Low,Late Night,Saturday,Benz Circle,Fast Food
Male,35-44,Married,Low,Late Night,Sunday,Bhavanipuram,Biryani
Male,35-44,Divorced,High,Snack,Wednesday,Poranki,Bakery
Female,45-54,Widowed,Middle,Lunch,Thursday,Gunadala,South Indian
Male,25-34,Widowed,Upper-Middle,Lunch,Monday,Poranki,Bakery
Other,35-44,Single,Middle,Dinner,Sunday,Gunadala,South Indian
Female,25-34,Single,Low,Lunch,Tuesday,MG Road,Chinese
Male,45-54,Widowed,Middle,Breakfast,Tuesday,One Town,Street Food
Female,45-54,Divorced,Middle,Snack,Saturday,One Town,Street Food
Female,25-34,Divorced,Middle,Dinner,Tuesday,Gunadala,Biryani
Male,35-44,Single,Low,Lunch,Monday,Benz Circle,Fast Food
Male,55-64,Single,Middle,Breakfast,Thursday,Poranki,Bakery
Other,45-54,Married,Upper-Middle,Snack,Friday,Auto Nagar,Biryani
Female,55-64,Widowed,Upper-Middle,Late Night,Friday,MG Road,Chinese
Female,18-24,Single,Middle,Breakfast,Tuesday,Auto Nagar,Biryani
Other,55-64,Single,High,Late Night,Friday,MG Road,Chinese
Male,25-34,Married,Upper-Middle,Breakfast,Tuesday,Governorpet,South Indian
Other,45-54,Widowed,Upper-Middle,Dinner,Thursday,Poranki,Bakery
Male,45-54,Single,Middle,Late Night,Thursday,Poranki,Bakery
Female,25-34,Widowed,Upper-Middle,Breakfast,Thursday,Governorpet,South Indian
Other,45-54,Married,High,Lunch,Friday,Ramachandra Nagar,Biryani
Other,18-24,Married,Upper-Middle,Lunch,Friday,Gunadala,Biryani
Female,55-64,Divorced,Upper-Middle,Snack,Tuesday,MG Road,Chinese
Male,35-44,Widowed,Middle,Breakfast,Wednesday,Patamata,Continental
Male,25-34,Single,Upper-Middle,Dinner,Wednesday,MG Road,Biryani
Other,25-34,Widowed,High,Late Night,Wednesday,Poranki,Bakery
Male,35-44,Single,Upper-Middle,Late Night,Sunday,Auto Nagar,Chinese
Male,18-24,Divorced,Low,Snack,Friday,Gunadala,South Indian
Other,18-24,Single,Low,Dinner,Tuesday,Bhavanipuram,Biryani
Other,35-44,Married,Upper-Middle,Snack,Thursday,Gunadala,North Indian
Other,18-24,Married,Middle,Lunch,Thursday,Bhavanipuram,Biryani
Female,18-24,Single,Middle,Snack,Thursday,Poranki,Bakery
Male,45-54,Married,High,Snack,Friday,Gunadala,South Indian
Female,55-64,Divorced,Upper-Middle,Late Night,Saturday,Ramachandra Nagar,Fast Food
Other,45-54,Single,High,Lunch,Sunday,One Town,Street Food
Other,18-24,Widowed,Upper-Middle,Snack,Wednesday,Benz Circle,Street Food
Female,55-64,Married,High,Lunch,Sunday,MG Road,Chinese
Other,45-54,Widowed,Middle,Lunch,Saturday,Bhavanipuram,Biryani
Female,25-34,Married,Low,Late Night,Saturday,Auto Nagar,Fast Food
Other,25-34,Widowed,Low,Snack,Wednesday,Gunadala,South Indian
Female,55-64,Single,Middle,Breakfast,Sunday,One Town,Street Food
Female,18-24,Single,Low,Late Night,Friday,Bhavanipuram,Biryani
Male,25-34,Widowed,Low,Late Night,Thursday,Ramachandra Nagar,North Indian
Other,25-34,Widowed,High,Snack,Thursday,Auto Nagar,Biryani
Male,25-34,Married,High,Lunch,Monday,Poranki,Biryani
Male,25-34,Widowed,Low,Dinner,Wednesday,Governorpet,South Indian
Female,45-54,Widowed,High,Breakfast,Wednesday,Poranki,South Indian
Male,18-24,Married,Low,Snack,Tuesday,MG Road,Chinese
Female,55-64,Married,Low,Breakfast,Thursday,One Town,South Indian
Female,45-54,Married,Middle,Late Night,Thursday,MG Road,Chinese
Male,35-44,Divorced,Low,Late Night,Thursday,Poranki,Bakery
Other,18-24,Single,Middle,Late Night,Saturday,One Town,Street Food
Female,35-44,Widowed,High,Dinner,Sunday,Gunadala,South Indian
Male,45-54,Widowed,Low,Late Night,Friday,Benz Circle,Continental
Male,55-64,Married,Upper-Middle,Snack,Friday,One Town,Street Food
Female,18-24,Divorced,Upper-Middle,Breakfast,Saturday,Governorpet,Biryani
Other,45-54,Married,Middle,Snack,Thursday,Ramachandra Nagar,North Indian
Female,55-64,Widowed,Upper-Middle,Snack,Tuesday,Poranki,Bakery
Female,25-34,Married,Middle,Lunch,Thursday,Poranki,North Indian
Other,25-34,Divorced,High,Lunch,Sunday,Benz Circle,Fast Food
Female,25-34,Married,Upper-Middle,Late Night,Saturday,Poranki,Fast Food
Male,18-24,Single,Middle,Breakfast,Monday,One Town,Continental
Female,25-34,Widowed,Upper-Middle,Breakfast,Saturday,Governorpet,South Indian
Female,35-44,Divorced,Middle,Dinner,Friday,Governorpet,South Indian
Other,18-24,Married,Upper-Middle,Breakfast,Thursday,Gunadala,South Indian
Male,18-24,Single,High,Lunch,Friday,Gunadala,Biryani
Female,35-44,Widowed,High,Snack,Saturday,Bhavanipuram,Bakery
Other,18-24,Single,Middle,Breakfast,Saturday,MG Road,Chinese
Female,25-34,Divorced,Upper-Middle,Breakfast,Thursday,Auto Nagar,South Indian
Female,45-54,Single,High,Lunch,Wednesday,Governorpet,South Indian
Other,55-64,Divorced,High,Late Night,Friday,Gunadala,South Indian
Male,45-54,Widowed,Low,Dinner,Sunday,Poranki,Bakery
Other,18-24,Widowed,High,Snack,Friday,Gunadala,Street Food
Male,18-24,Single,Low,Snack,Sunday,Gunadala,South Indian
Male,55-64,Single,Low,Lunch,Wednesday,Auto Nagar,Biryani
Male,18-24,Divorced,Low,Snack,Monday,One Town,Street Food
Female,35-44,Divorced,Upper-Middle,Late Night,Tuesday,One Town,Fast Food
Other,18-24,Single,Middle,Snack,Tuesday,One Town,Street Food
Female,45-54,Married,Upper-Middle,Late Night,Monday,Auto Nagar,Fast Food
Female,55-64,Divorced,Middle,Dinner,Monday,Auto Nagar,Biryani
Other,55-64,Married,Upper-Middle,Dinner,Tuesday,Bhavanipuram,Biryani
Female,55-64,Widowed,Middle,Lunch,Saturday,Gunadala,South Indian
Male,18-24,Widowed,Upper-Middle,Dinner,Sunday,Ramachandra Nagar,Biryani
Other,35-44,Widowed,Upper-Middle,Breakfast,Sunday,Benz Circle,Fast Food
Other,35-44,Married,High,Dinner,Thursday,Poranki,Bakery
Male,18-24,Single,Middle,Snack,Tuesday,Patamata,Continental
Male,35-44,Married,High,Lunch,Wednesday,Patamata,Continental
Female,18-24,Divorced,Upper-Middle,Dinner,Thursday,Auto Nagar,Biryani
Male,25-34,Married,Middle,Late Night,Saturday,Patamata,Fast Food
Other,45-54,Single,High,Breakfast,Sunday,Auto Nagar,Biryani
Other,25-34,Married,High,Late Night,Monday,Benz Circle,Fast Food
Male,18-24,Single,Low,Lunch,Monday,Patamata,Continental
Male,35-44,Married,High,Breakfast,Saturday,Ramachandra Nagar,South Indian
Female,45-54,Divorced,Middle,Breakfast,Tuesday,Gunadala,South Indian
Female,25-34,Divorced,Low,Breakfast,Wednesday,One Town,Street Food
Female,18-24,Married,Upper-Middle,Late Night,Thursday,Auto Nagar,Fast Food
Male,18-24,Divorced,Upper-Middle,Late Night,Thursday,Bhavanipuram,Biryani
Female,35-44,Single,Low,Lunch,Sunday,Governorpet,South Indian
Male,18-24,Single,Upper-Middle,Dinner,Sunday,Patamata,Continental
Female,18-24,Divorced,Low,Lunch,Saturday,Gunadala,Biryani
Female,25-34,Single,Middle,Breakfast,Wednesday,Benz Circle,South Indian
Other,18-24,Widowed,Upper-Middle,Breakfast,Friday,Governorpet,Street Food
Male,55-64,Married,Upper-Middle,Dinner,Thursday,Gunadala,South Indian
Other,35-44,Married,Upper-Middle,Dinner,Monday,Benz Circle,Fast Food
Male,25-34,Married,Upper-Middle,Snack,Monday,Benz Circle,Fast Food
Other,35-44,Single,Upper-Middle,Lunch,Wednesday,Patamata,Continental
Other,35-44,Single,Upper-Middle,Lunch,Saturday,Poranki,Bakery
Female,35-44,Widowed,Low,Dinner,Monday,Ramachandra Nagar,Biryani
Female,55-64,Single,Upper-Middle,Snack,Sunday,Patamata,Street Food
Female,45-54,Married,Upper-Middle,Lunch,Saturday,One Town,Street Food
Female,18-24,Divorced,Low,Dinner,Monday,Patamata,Continental
Female,35-44,Divorced,Upper-Middle,Snack,Tuesday,Gunadala,South Indian
Female,25-34,Married,Upper-Middle,Late Night,Wednesday,Benz Circle,Fast Food
Female,35-44,Single,High,Lunch,Saturday,MG Road,Biryani
Male,55-64,Divorced,Middle,Late Night,Sunday,Governorpet,South Indian
Male,18-24,Widowed,Low,Lunch,Saturday,Auto Nagar,Biryani
Male,35-44,Married,Middle,Dinner,Sunday,Patamata,Continental
Female,25-34,Married,Low,Late Night,Wednesday,Auto Nagar,Biryani
Male,25-34,Widowed,Upper-Middle,Dinner,Monday,Poranki,Bakery
Female,25-34,Single,Upper-Middle,Late Night,Tuesday,Benz Circle,Fast Food
Male,35-44,Married,Middle,Late Night,Sunday,Bhavanipuram,Biryani
Male,45-54,Widowed,High,Snack,Thursday,Bhavanipuram,Biryani
Female,35-44,Married,Upper-Middle,Lunch,Wednesday,Patamata,Continental
Other,35-44,Single,Low,Breakfast,Saturday,Ramachandra Nagar,North Indian
Male,25-34,Single,Upper-Middle,Snack,Saturday,Poranki,Bakery
Other,35-44,Married,Middle,Dinner,Wednesday,Bhavanipuram,Continental
Male,35-44,Single,High,Snack,Monday,Governorpet,South Indian
Male,45-54,Widowed,High,Snack,Wednesday,Governorpet,Street Food
Female,18-24,Widowed,Middle,Snack,Monday,One Town,Street Food
Other,45-54,Widowed,Low,Lunch,Tuesday,One Town,Street Food
Male,25-34,Divorced,High,Dinner,Wednesday,Auto Nagar,Biryani
Other,18-24,Widowed,High,Snack,Thursday,MG Road,Chinese
Female,35-44,Widowed,Low,Snack,Tuesday,Bhavanipuram,Biryani
Other,25-34,Divorced,Low,Late Night,Sunday,Patamata,Continental
Female,18-24,Widowed,High,Dinner,Monday,Gunadala,Bakery
Male,25-34,Widowed,Low,Dinner,Monday,MG Road,Chinese
Male,25-34,Single,Low,Lunch,Tuesday,One Town,Street Food
Other,35-44,Single,Low,Late Night,Saturday,MG Road,Chinese
Male,18-24,Divorced,Low,Breakfast,Tuesday,Ramachandra Nagar,North Indian
Male,55-64,Widowed,Middle,Lunch,Wednesday,Ramachandra Nagar,North Indian
Female,45-54,Widowed,Low,Snack,Friday,Benz Circle,Fast Food
Other,18-24,Single,Low,Breakfast,Thursday,One Town,South Indian
Other,45-54,Single,High,Snack,Saturday,One Town,Street Food
Other,35-44,Married,Upper-Middle,Late Night,Thursday,Ramachandra Nagar,Fast Food
Female,25-34,Single,Low,Lunch,Friday,MG Road,Chinese
Other,55-64,Single,Low,Lunch,Monday,Auto Nagar,Biryani
Female,45-54,Single,Upper-Middle,Dinner,Thursday,Bhavanipuram,Biryani
Female,35-44,Single,High,Dinner,Wednesday,MG Road,Chinese
Other,25-34,Widowed,Low,Snack,Sunday,Poranki,Bakery
Female,25-34,Single,Middle,Late Night,Wednesday,Poranki,Continental
Other,45-54,Single,High,Late Night,Friday,Bhavanipuram,Biryani
Male,25-34,Single,Upper-Middle,Dinner,Sunday,Bhavanipuram,North Indian
Other,18-24,Married,Low,Breakfast,Thursday,Gunadala,Fast Food
Male,18-24,Divorced,Middle,Late Night,Sunday,MG Road,Chinese
Other,35-44,Single,High,Lunch,Tuesday,Patamata,Continental
Female,35-44,Widowed,Low,Lunch,Monday,Bhavanipuram,Biryani
Female,55-64,Single,Middle,Dinner,Saturday,Ramachandra Nagar,North Indian
Male,18-24,Divorced,High,Snack,Friday,Auto Nagar,Biryani
Female,45-54,Divorced,Low,Lunch,Friday,Benz Circle,Biryani
Female,35-44,Widowed,High,Late Night,Wednesday,Governorpet,South Indian
Male,25-34,Widowed,Low,Breakfast,Tuesday,Patamata,Continental
Female,45-54,Divorced,Middle,Dinner,Thursday,Patamata,Continental
Female,55-64,Divorced,Low,Dinner,Thursday,Poranki,Fast Food
Other,45-54,Divorced,High,Lunch,Saturday,Gunadala,South Indian
Male,35-44,Married,Upper-Middle,Dinner,Wednesday,Ramachandra Nagar,Biryani
Other,55-64,Single,High,Snack,Wednesday,Gunadala,Street Food
Male,18-24,Widowed,Middle,Late Night,Thursday,Bhavanipuram,Biryani
Male,55-64,Single,High,Lunch,Sunday,Patamata,Continental
Other,35-44,Single,High,Snack,Thursday,Bhavanipuram,Biryani
Male,18-24,Single,Upper-Middle,Dinner,Saturday,Governorpet,South Indian
Other,55-64,Single,Middle,Snack,Friday,MG Road,Chinese
Female,18-24,Widowed,High,Lunch,Saturday,Patamata,Continental
Male,25-34,Married,High,Breakfast,Wednesday,Ramachandra Nagar,North Indian
Male,45-54,Married,High,Lunch,Monday,One Town,Biryani
Male,35-44,Widowed,Upper-Middle,Snack,Tuesday,MG Road,Street Food
Other,45-54,Married,Middle,Breakfast,Sunday,Benz Circle,Fast Food
Female,35-44,Single,Upper-Middle,Breakfast,Sunday,One Town,Street Food
Male,55-64,Single,Middle,Snack,Wednesday,MG Road,Chinese
Other,35-44,Single,Low,Late Night,Saturday,Poranki,Bakery
Other,55-64,Single,Middle,Breakfast,Monday,MG Road,Chinese
Male,25-34,Widowed,Middle,Late Night,Saturday,Auto Nagar,Biryani
Female,25-34,Married,Low,Breakfast,Saturday,One Town,South Indian
Female,35-44,Divorced,Low,Late Night,Sunday,MG Road,Chinese
Female,35-44,Single,Upper-Middle,Snack,Thursday,Patamata,Continental
Other,45-54,Divorced,Upper-Middle,Breakfast,Saturday,Gunadala,South Indian
Female,55-64,Married,High,Late Night,Monday,Governorpet,South Indian
Other,35-44,Divorced,Low,Snack,Friday,One Town,Street Food
Female,18-24,Divorced,Upper-Middle,Late Night,Thursday,Bhavanipuram,Biryani
Female,55-64,Widowed,Low,Breakfast,Friday,Gunadala,South Indian
Other,35-44,Single,Upper-Middle,Breakfast,Wednesday,Patamata,North Indian
Male,35-44,Widowed,Upper-Middle,Snack,Tuesday,One Town,Street Food
Male,18-24,Single,High,Lunch,Monday,Governorpet,Biryani
Male,25-34,Single,High,Late Night,Tuesday,Ramachandra Nagar,Fast Food
Female,45-54,Married,Low,Snack,Saturday,One Town,Street Food
Male,18-24,Single,Low,Breakfast,Wednesday,Bhavanipuram,Biryani
Other,55-64,Widowed,High,Late Night,Wednesday,MG Road,Chinese
Other,18-24,Single,Low,Late Night,Wednesday,Benz Circle,Fast Food
Other,25-34,Divorced,Middle,Dinner,Wednesday,Gunadala,Biryani
Male,55-64,Widowed,Middle,Breakfast,Wednesday,MG Road,South Indian
Female,55-64,Widowed,Upper-Middle,Late Night,Tuesday,Patamata,Continental
Male,25-34,Single,Upper-Middle,Late Night,Monday,Governorpet,South Indian
Other,55-64,Married,Low,Late Night,Thursday,Gunadala,Fast Food
Other,18-24,Divorced,Upper-Middle,Lunch,Tuesday,One Town,Biryani
Other,55-64,Widowed,Middle,Breakfast,Saturday,Patamata,Continental
Male,18-24,Widowed,High,Lunch,Friday,Auto Nagar,Biryani
Female,35-44,Single,Middle,Breakfast,Saturday,Poranki,Bakery
Other,45-54,Widowed,Low,Late Night,Wednesday,Auto Nagar,Fast Food
Other,55-64,Single,High,Late Night,Wednesday,Poranki,Street Food
Female,25-34,Married,Low,Late Night,Wednesday,Governorpet,South Indian
Male,18-24,Married,Upper-Middle,Snack,Wednesday,Ramachandra Nagar,North Indian
Female,25-34,Divorced,Upper-Middle,Breakfast,Friday,MG Road,Biryani
Male,45-54,Divorced,High,Lunch,Wednesday,Benz Circle,Fast Food
Male,35-44,Single,High,Lunch,Tuesday,Governorpet,Biryani
Female,18-24,Married,Middle,Snack,Saturday,One Town,Street Food
Other,55-64,Widowed,Middle,Lunch,Saturday,Poranki,Bakery
Male,45-54,Married,Low,Breakfast,Friday,MG Road,South Indian
Other,45-54,Single,High,Snack,Monday,One Town,Street Food
Male,35-44,Married,Upper-Middle,Late Night,Monday,Bhavanipuram,Biryani
Other,18-24,Widowed,High,Breakfast,Friday,Gunadala,South Indian
Other,25-34,Single,High,Lunch,Sunday,Bhavanipuram,Biryani
Other,35-44,Widowed,High,Late Night,Sunday,Auto Nagar,Fast Food
Male,18-24,Widowed,Middle,Breakfast,Wednesday,Gunadala,South Indian
Female,25-34,Married,High,Breakfast,Saturday,MG Road,South Indian
Female,35-44,Divorced,Middle,Lunch,Sunday,Auto Nagar,Biryani
Male,35-44,Single,Upper-Middle,Breakfast,Monday,Patamata,South Indian
Male,55-64,Widowed,Low,Snack,Friday,Gunadala,Bakery
Other,55-64,Married,Low,Breakfast,Monday,Poranki,South Indian
Other,55-64,Married,Middle,Snack,Wednesday,Gunadala,South Indian
Female,55-64,Married,High,Snack,Saturday,Governorpet,Biryani
Female,18-24,Married,Middle,Snack,Saturday,Patamata,Continental
Male,45-54,Widowed,Middle,Breakfast,Thursday,Ramachandra Nagar,North Indian
Male,45-54,Widowed,Middle,Lunch,Sunday,Gunadala,South Indian
Male,35-44,Single,High,Late Night,Saturday,Bhavanipuram,Biryani
Other,25-34,Married,Middle,Dinner,Monday,Auto Nagar,Biryani
Other,25-34,Married,Middle,Lunch,Tuesday,One Town,Biryani
Male,25-34,Divorced,High,Dinner,Sunday,Patamata,Biryani
Male,45-54,Widowed,Upper-Middle,Lunch,Monday,One Town,Biryani
Other,55-64,Single,Low,Breakfast,Thursday,Benz Circle,Biryani
Male,35-44,Married,High,Snack,Sunday,Ramachandra Nagar,Street Food
Other,18-24,Single,High,Snack,Wednesday,Auto Nagar,Biryani
Female,25-34,Divorced,Upper-Middle,Snack,Friday,Gunadala,South Indian
Male,25-34,Divorced,High,Breakfast,Saturday,Gunadala,South Indian
Female,55-64,Widowed,High,Snack,Wednesday,Poranki,Street Food
Other,18-24,Divorced,Low,Lunch,Saturday,MG Road,Biryani
Other,25-34,Widowed,Middle,Lunch,Wednesday,One Town,Street Food
Male,18-24,Divorced,High,Snack,Sunday,Bhavanipuram,Bakery
Male,25-34,Single,High,Snack,Saturday,Poranki,Street Food
Male,18-24,Married,Upper-Middle,Breakfast,Tuesday,MG Road,Chinese
Male,18-24,Widowed,Middle,Lunch,Saturday,Gunadala,Biryani
Male,18-24,Divorced,Upper-Middle,Lunch,Friday,Auto Nagar,Biryani
Female,18-24,Married,Middle,Breakfast,Sunday,Bhavanipuram,Biryani
Female,45-54,Married,Middle,Breakfast,Monday,MG Road,Chinese
Other,35-44,Divorced,Upper-Middle,Lunch,Friday,Ramachandra Nagar,North Indian
Female,55-64,Widowed,Upper-Middle,Dinner,Thursday,One Town,Street Food
Male,35-44,Single,Low,Late Night,Thursday,Patamata,Continental
Male,45-54,Divorced,Middle,Late Night,Thursday,Benz Circle,Fast Food
Male,35-44,Widowed,Low,Dinner,Wednesday,Bhavanipuram,Biryani
Female,18-24,Widowed,High,Lunch,Sunday,Poranki,Bakery
Female,25-34,Divorced,Middle,Snack,Thursday,Governorpet,Street Food
Other,55-64,Married,High,Breakfast,Saturday,Auto Nagar,Biryani
Other,45-54,Widowed,Upper-Middle,Late Night,Tuesday,Auto Nagar,Biryani
Other,35-44,Widowed,High,Lunch,Wednesday,Bhavanipuram,Biryani
Other,55-64,Single,Upper-Middle,Dinner,Monday,One Town,Street Food
Male,25-34,Widowed,Middle,Late Night,Monday,Ramachandra Nagar,North Indian
Other,18-24,Divorced,Middle,Snack,Monday,Auto Nagar,Street Food
Other,18-24,Single,Upper-Middle,Late Night,Saturday,Auto Nagar,Biryani
Female,45-54,Single,Middle,Breakfast,Friday,Gunadala,South Indian
Female,25-34,Widowed,Low,Dinner,Monday,Bhavanipuram,Biryani
Male,35-44,Married,Middle,Dinner,Wednesday,Benz Circle,South Indian
Male,25-34,Married,Upper-Middle,Dinner,Friday,Governorpet,South Indian
Female,45-54,Single,Upper-Middle,Snack,Friday,One Town,Street Food
Male,35-44,Divorced,Low,Late Night,Sunday,One Town,Fast Food
Female,25-34,Divorced,Upper-Middle,Lunch,Tuesday,Poranki,Bakery
Male,25-34,Widowed,Low,Lunch,Monday,One Town,Biryani
Female,25-34,Divorced,Middle,Breakfast,Thursday,Benz Circle,Fast Food
Female,18-24,Divorced,Middle,Breakfast,Thursday,Patamata,Continental
Female,55-64,Single,Upper-Middle,Breakfast,Thursday,Patamata,South Indian
Male,18-24,Married,Low,Lunch,Thursday,Governorpet,South Indian
Other,55-64,Widowed,Low,Lunch,Tuesday,Governorpet,South Indian
Other,25-34,Single,Upper-Middle,Late Night,Wednesday,MG Road,Chinese
Other,45-54,Single,Low,Breakfast,Thursday,Ramachandra Nagar,South Indian
Male,55-64,Single,Upper-Middle,Breakfast,Monday,Bhavanipuram,South Indian
Female,25-34,Divorced,Middle,Breakfast,Monday,Bhavanipuram,South Indian
Male,45-54,Married,Upper-Middle,Dinner,Tuesday,Auto Nagar,Biryani
Female,35-44,Married,High,Late Night,Thursday,Ramachandra Nagar,North Indian
Male,45-54,Widowed,Low,Dinner,Saturday,Poranki,Bakery
Other,25-34,Divorced,High,Snack,Sunday,Benz Circle,Street Food
Female,25-34,Married,High,Dinner,Wednesday,MG Road,Chinese
Female,35-44,Single,Low,Breakfast,Wednesday,Governorpet,Biryani
Female,55-64,Single,High,Lunch,Sunday,Ramachandra Nagar,Bakery
Male,45-54,Divorced,Low,Snack,Saturday,One Town,Street Food
Male,45-54,Divorced,Upper-Middle,Lunch,Friday,MG Road,Chinese
Other,55-64,Widowed,Low,Late Night,Thursday,Gunadala,North Indian
Female,45-54,Married,High,Breakfast,Thursday,Patamata,Continental
Female,35-44,Single,Low,Breakfast,Sunday,Bhavanipuram,Biryani
Other,25-34,Widowed,High,Snack,Sunday,MG Road,Street Food
Male,25-34,Divorced,Middle,Dinner,Tuesday,Governorpet,Biryani
Other,45-54,Married,Upper-Middle,Breakfast,Sunday,Patamata,Continental
Other,55-64,Single,High,Snack,Thursday,Benz Circle,Bakery
Male,55-64,Married,High,Lunch,Sunday,Poranki,Biryani
Male,25-34,Divorced,Low,Snack,Friday,One Town,Street Food
Male,45-54,Single,Middle,Dinner,Sunday,Patamata,Biryani
Other,18-24,Divorced,High,Snack,Tuesday,MG Road,Street Food
Male,45-54,Single,Low,Snack,Monday,Poranki,Bakery
Female,35-44,Widowed,High,Dinner,Sunday,Benz Circle,Biryani
Male,25-34,Divorced,Upper-Middle,Lunch,Sunday,Auto Nagar,Biryani
Female,18-24,Married,Low,Breakfast,Saturday,Ramachandra Nagar,North Indian
Female,18-24,Widowed,Middle,Dinner,Friday,Patamata,Biryani
Other,25-34,Divorced,Upper-Middle,Breakfast,Thursday,Governorpet,South Indian
Female,35-44,Divorced,High,Dinner,Tuesday,Auto Nagar,Biryani
Male,25-34,Married,Upper-Middle,Breakfast,Sunday,MG Road,South Indian
Other,35-44,Widowed,Low,Breakfast,Saturday,Auto Nagar,Biryani
Female,18-24,Single,Upper-Middle,Dinner,Tuesday,MG Road,Chinese
Other,18-24,Divorced,Upper-Middle,Lunch,Tuesday,Bhavanipuram,Biryani
Other,55-64,Divorced,High,Snack,Saturday,Patamata,Continental
Female,45-54,Single,Low,Breakfast,Friday,Governorpet,South Indian
Male,25-34,Married,Upper-Middle,Dinner,Monday,One Town,Street Food
Female,45-54,Single,High,Breakfast,Friday,Auto Nagar,Biryani
Female,25-34,Divorced,Middle,Late Night,Tuesday,Governorpet,South Indian
Male,45-54,Divorced,Upper-Middle,Snack,Wednesday,Ramachandra Nagar,Fast Food
Other,25-34,Single,Low,Lunch,Sunday,Ramachandra Nagar,North Indian
Other,55-64,Married,High,Late Night,Thursday,Auto Nagar,Biryani
Male,35-44,Married,Low,Lunch,Thursday,Bhavanipuram,Biryani
Female,35-44,Single,Middle,Snack,Saturday,Auto Nagar,Biryani
Other,55-64,Single,High,Dinner,Sunday,Auto Nagar,Biryani
Other,55-64,Widowed,Low,Late Night,Wednesday,One Town,Fast Food
Female,18-24,Single,High,Snack,Saturday,Benz Circle,Street Food
Other,35-44,Married,Low,Lunch,Saturday,MG Road,Chinese
Female,25-34,Married,Middle,Late Night,Monday,One Town,Continental
Other,45-54,Single,Low,Snack,Monday,Poranki,Street Food
Other,35-44,Divorced,High,Breakfast,Monday,Poranki,Bakery
Male,25-34,Divorced,Middle,Late Night,Wednesday,MG Road,Chinese
Other,55-64,Divorced,Low,Lunch,Wednesday,Benz Circle,Fast Food
Male,18-24,Widowed,Middle,Snack,Sunday,Governorpet,Street Food
Female,18-24,Divorced,Middle,Snack,Sunday,Governorpet,Street Food
Male,45-54,Married,Middle,Lunch,Monday,Gunadala,South Indian
Other,45-54,Single,Middle,Lunch,Thursday,MG Road,Chinese
Other,35-44,Married,Middle,Dinner,Sunday,Patamata,South Indian
Female,35-44,Married,Low,Lunch,Thursday,Gunadala,South Indian
Female,35-44,Divorced,High,Lunch,Tuesday,Governorpet,South Indian
Male,25-34,Married,Low,Snack,Wednesday,Bhavanipuram,Biryani
Female,55-64,Divorced,Middle,Late Night,Wednesday,Benz Circle,Bakery
Other,25-34,Single,Upper-Middle,Snack,Tuesday,Bhavanipuram,Biryani
Other,35-44,Widowed,Upper-Middle,Dinner,Tuesday,MG Road,Biryani
Male,18-24,Married,Upper-Middle,Snack,Tuesday,Ramachandra Nagar,North Indian
Male,55-64,Single,Middle,Breakfast,Monday,Governorpet,South Indian
Other,55-64,Single,High,Snack,Tuesday,MG Road,Street Food
Female,55-64,Married,Upper-Middle,Lunch,Wednesday,MG Road,Chinese
Male,25-34,Single,Low,Snack,Wednesday,Patamata,Street Food
Male,35-44,Widowed,Middle,Late Night,Thursday,Ramachandra Nagar,Fast Food
Other,18-24,Widowed,Upper-Middle,Snack,Sunday,Auto Nagar,Street Food
Male,45-54,Divorced,Low,Late Night,Tuesday,Governorpet,South Indian
Female,18-24,Married,High,Lunch,Saturday,Gunadala,South Indian
Female,25-34,Divorced,Low,Snack,Sunday,Auto Nagar,Biryani
Male,18-24,Single,Middle,Late Night,Monday,Poranki,Bakery
Female,45-54,Married,High,Breakfast,Tuesday,Poranki,South Indian
Other,55-64,Married,Upper-Middle,Lunch,Saturday,Gunadala,South Indian
Female,55-64,Divorced,Upper-Middle,Breakfast,Saturday,Poranki,South Indian
Female,18-24,Divorced,Low,Snack,Wednesday,Gunadala,Biryani
Other,18-24,Divorced,Middle,Dinner,Friday,MG Road,Chinese
Female,25-34,Married,Middle,Late Night,Wednesday,Auto Nagar,Fast Food
Other,45-54,Widowed,Middle,Lunch,Friday,Benz Circle,Fast Food
Male,55-64,Married,Middle,Snack,Saturday,Gunadala,South Indian
Female,55-64,Divorced,Middle,Dinner,Thursday,MG Road,Chinese
Other,45-54,Single,Upper-Middle,Lunch,Saturday,Governorpet,Biryani
Male,55-64,Single,Upper-Middle,Lunch,Sunday,Poranki,Bakery
Male,45-54,Widowed,Middle,Breakfast,Tuesday,Poranki,Bakery
Female,35-44,Married,Low,Lunch,Saturday,Benz Circle,South Indian
Female,55-64,Widowed,High,Breakfast,Friday,Benz Circle,South Indian
Female,18-24,Divorced,Upper-Middle,Snack,Saturday,Bhavanipuram,Street Food
Other,35-44,Divorced,Low,Dinner,Thursday,Poranki,Biryani
Other,18-24,Widowed,Upper-Middle,Dinner,Wednesday,MG Road,Biryani
Other,55-64,Married,Upper-Middle,Late Night,Saturday,One Town,Street Food
Female,25-34,Single,Upper-Middle,Dinner,Tuesday,Ramachandra Nagar,Bakery
Other,35-44,Divorced,Middle,Snack,Thursday,Benz Circle,Fast Food
Female,18-24,Married,High,Breakfast,Saturday,Auto Nagar,South Indian
Male,35-44,Single,Low,Dinner,Sunday,Patamata,Street Food
Female,35-44,Divorced,High,Lunch,Wednesday,Patamata,Continental
Other,18-24,Married,Low,Breakfast,Sunday,Governorpet,South Indian
Other,25-34,Divorced,Low,Breakfast,Friday,One Town,Street Food
Other,35-44,Divorced,High,Late Night,Wednesday,Patamata,Bakery
Male,45-54,Single,Middle,Lunch,Saturday,Auto Nagar,Biryani
Male,55-64,Widowed,Upper-Middle,Snack,Saturday,Patamata,Continental
Male,18-24,Widowed,Low,Late Night,Sunday,Patamata,Fast Food
Male,35-44,Married,Upper-Middle,Breakfast,Saturday,Auto Nagar,North Indian
Other,18-24,Divorced,High,Snack,Monday,Benz Circle,Street Food
Female,45-54,Widowed,Upper-Middle,Late Night,Saturday,One Town,Street Food
Other,18-24,Single,Upper-Middle,Snack,Thursday,Auto Nagar,Biryani
Other,45-54,Divorced,Low,Lunch,Friday,MG Road,Chinese
Female,18-24,Single,Middle,Breakfast,Friday,One Town,South Indian
Female,25-34,Widowed,High,Breakfast,Monday,Bhavanipuram,Biryani
Female,45-54,Single,Low,Breakfast,Saturday,Patamata,South Indian
Other,35-44,Widowed,Upper-Middle,Dinner,Friday,MG Road,Chinese
Male,25-34,Divorced,Upper-Middle,Breakfast,Friday,Patamata,South Indian
Male,55-64,Divorced,Upper-Middle,Breakfast,Wednesday,Poranki,North Indian
Male,45-54,Married,High,Breakfast,Monday,Benz Circle,Fast Food
Male,45-54,Widowed,Middle,Dinner,Monday,Ramachandra Nagar,North Indian
Female,18-24,Widowed,Low,Late Night,Monday,Patamata,Fast Food
Female,55-64,Divorced,Low,Dinner,Thursday,Patamata,Continental
Male,45-54,Married,High,Dinner,Thursday,Auto Nagar,Biryani
Other,55-64,Married,High,Dinner,Thursday,MG Road,Chinese
Male,25-34,Widowed,Upper-Middle,Lunch,Thursday,MG Road,Chinese
Female,25-34,Divorced,High,Snack,Sunday,Gunadala,South Indian
Other,45-54,Single,Middle,Late Night,Saturday,One Town,Street Food
Male,35-44,Divorced,Upper-Middle,Lunch,Tuesday,Bhavanipuram,Biryani
Other,18-24,Married,Upper-Middle,Snack,Friday,Poranki,Bakery
Female,35-44,Single,Middle,Snack,Saturday,One Town,Street Food
Male,18-24,Widowed,High,Late Night,Tuesday,Benz Circle,Fast Food
Female,25-34,Divorced,Low,Late Night,Thursday,Patamata,Continental
Female,35-44,Married,Middle,Dinner,Sunday,Gunadala,South Indian
Other,35-44,Divorced,Low,Snack,Thursday,Ramachandra Nagar,South Indian
Male,45-54,Married,Upper-Middle,Breakfast,Monday,Governorpet,South Indian
Male,35-44,Widowed,Middle,Late Night,Monday,Auto Nagar,Biryani
Male,35-44,Divorced,Low,Lunch,Monday,Governorpet,South Indian
Female,18-24,Single,High,Snack,Thursday,Patamata,Street Food
Female,55-64,Divorced,Low,Dinner,Thursday,Benz Circle,Fast Food
Female,45-54,Divorced,Middle,Lunch,Sunday,Ramachandra Nagar,Biryani
Female,35-44,Divorced,Middle,Dinner,Thursday,Ramachandra Nagar,North Indian
Female,45-54,Divorced,High,Breakfast,Wednesday,Gunadala,South Indian
Other,25-34,Married,Middle,Dinner,Thursday,Gunadala,South Indian
Female,45-54,Widowed,Middle,Late Night,Thursday,Governorpet,South Indian
Male,45-54,Single,High,Snack,Friday,Ramachandra Nagar,North Indian
Male,35-44,Single,High,Lunch,Wednesday,Gunadala,South Indian
Male,45-54,Divorced,High,Late Night,Sunday,MG Road,Fast Food
Other,45-54,Widowed,Middle,Dinner,Thursday,Bhavanipuram,Biryani
Male,55-64,Divorced,Upper-Middle,Dinner,Friday,Benz Circle,Fast Food
Female,55-64,Divorced,High,Late Night,Sunday,One Town,Street Food
Other,45-54,Divorced,Low,Late Night,Friday,Patamata,Continental
Male,18-24,Married,Low,Breakfast,Thursday,Governorpet,South Indian
Other,18-24,Married,Upper-Middle,Lunch,Sunday,Benz Circle,Fast Food
Other,45-54,Divorced,Middle,Late Night,Saturday,Governorpet,South Indian
Female,55-64,Single,Low,Lunch,Friday,Bhavanipuram,Biryani
Male,55-64,Divorced,Middle,Late Night,Sunday,Poranki,Fast Food
Female,35-44,Single,High,Snack,Wednesday,Bhavanipuram,South Indian
Female,35-44,Single,Upper-Middle,Breakfast,Thursday,Patamata,Continental
Male,18-24,Married,High,Lunch,Tuesday,Gunadala,South Indian
Other,35-44,Widowed,High,Dinner,Thursday,Gunadala,South Indian
Other,45-54,Single,Middle,Dinner,Monday,One Town,Biryani
Other,35-44,Single,Middle,Dinner,Tuesday,MG Road,Chinese
Other,18-24,Married,Low,Breakfast,Saturday,Poranki,Bakery
Other,35-44,Divorced,Low,Dinner,Friday,Patamata,Continental
Female,25-34,Married,Low,Breakfast,Saturday,Governorpet,South Indian
Male,45-54,Divorced,Upper-Middle,Late Night,Friday,Ramachandra Nagar,Fast Food
Female,45-54,Widowed,High,Dinner,Wednesday,Gunadala,Biryani
Other,55-64,Divorced,Upper-Middle,Lunch,Monday,One Town,Street Food
Other,18-24,Divorced,Middle,Lunch,Saturday,Poranki,Biryani
Male,55-64,Single,Low,Dinner,Monday,Ramachandra Nagar,North Indian
Male,55-64,Widowed,Low,Snack,Sunday,Auto Nagar,Biryani
Male,45-54,Divorced,Upper-Middle,Dinner,Thursday,Gunadala,Biryani
Other,18-24,Married,Upper-Middle,Lunch,Saturday,Bhavanipuram,Biryani
Other,35-44,Divorced,Middle,Lunch,Thursday,Auto Nagar,Biryani
Other,35-44,Single,Middle,Lunch,Thursday,Auto Nagar,Biryani
Female,45-54,Divorced,Middle,Lunch,Friday,Governorpet,South Indian
Other,35-44,Divorced,Upper-Middle,Breakfast,Monday,MG Road,South Indian
Female,18-24,Widowed,High,Late Night,Tuesday,One Town,Street Food
Other,18-24,Married,Middle,Breakfast,Monday,Poranki,Bakery
Other,45-54,Widowed,Low,Dinner,Thursday,MG Road,Chinese
Male,55-64,Divorced,High,Breakfast,Friday,Auto Nagar,Biryani
Other,18-24,Married,Upper-Middle,Snack,Monday,Governorpet,Street Food
Female,55-64,Widowed,High,Late Night,Friday,MG Road,Chinese
Female,45-54,Divorced,Middle,Snack,Tuesday,MG Road,Chinese
Male,35-44,Married,Middle,Late Night,Thursday,Ramachandra Nagar,Fast Food
Other,55-64,Widowed,Middle,Late Night,Thursday,Benz Circle,Fast Food
Female,25-34,Divorced,High,Late Night,Friday,Ramachandra Nagar,North Indian
Female,18-24,Single,Low,Late Night,Tuesday,Bhavanipuram,Biryani
Female,55-64,Married,High,Snack,Friday,Patamata,Continental
Male,45-54,Widowed,High,Breakfast,Saturday,Governorpet,South Indian
Other,18-24,Married,High,Dinner,Tuesday,Benz Circle,South Indian
Other,55-64,Single,High,Lunch,Friday,Governorpet,Biryani
Other,45-54,Widowed,Upper-Middle,Late Night,Saturday,One Town,Street Food
Male,35-44,Single,Upper-Middle,Late Night,Tuesday,Gunadala,South Indian
Female,25-34,Married,Upper-Middle,Late Night,Friday,Bhavanipuram,Biryani
Male,18-24,Married,Upper-Middle,Snack,Wednesday,Gunadala,Bakery
Male,55-64,Widowed,Upper-Middle,Late Night,Wednesday,Gunadala,South Indian
Other,18-24,Widowed,Middle,Dinner,Sunday,One Town,Street Food
Male,55-64,Single,Low,Lunch,Saturday,Patamata,Continental
Male,35-44,Widowed,High,Dinner,Thursday,Gunadala,Biryani
Other,25-34,Widowed,Middle,Late Night,Saturday,Benz Circle,Chinese
Other,45-54,Single,High,Snack,Friday,Bhavanipuram,Biryani
Female,18-24,Single,Middle,Late Night,Friday,Patamata,Fast Food
Other,45-54,Widowed,Middle,Breakfast,Tuesday,Patamata,South Indian
Other,45-54,Married,High,Late Night,Wednesday,Gunadala,Fast Food
Other,55-64,Divorced,Upper-Middle,Dinner,Friday,Patamata,Biryani
Female,18-24,Divorced,High,Breakfast,Sunday,Gunadala,South Indian
Male,35-44,Single,Middle,Late Night,Saturday,Ramachandra Nagar,North Indian
Other,18-24,Divorced,Upper-Middle,Late Night,Monday,Governorpet,South Indian
Male,45-54,Married,Upper-Middle,Dinner,Saturday,Poranki,Fast Food
Female,25-34,Widowed,High,Late Night,Sunday,Ramachandra Nagar,Fast Food
Other,18-24,Single,Middle,Dinner,Sunday,Benz Circle,Fast Food
Male,25-34,Widowed,Low,Lunch,Thursday,Auto Nagar,Biryani
Female,25-34,Married,Low,Dinner,Monday,Patamata,Continental
Other,45-54,Married,High,Dinner,Monday,MG Road,Biryani
Female,18-24,Widowed,Upper-Middle,Dinner,Friday,Bhavanipuram,Biryani
Other,25-34,Widowed,Upper-Middle,Breakfast,Monday,Governorpet,South Indian
Male,25-34,Widowed,Upper-Middle,Lunch,Monday,MG Road,Biryani
Other,18-24,Single,Upper-Middle,Lunch,Sunday,Bhavanipuram,Biryani
Male,45-54,Single,High,Breakfast,Monday,Governorpet,South Indian
Other,55-64,Divorced,Low,Snack,Tuesday,Poranki,Street Food
Other,18-24,Single,High,Snack,Monday,Gunadala,South Indian
Other,45-54,Widowed,Low,Dinner,Thursday,Auto Nagar,Biryani
Male,25-34,Single,Low,Late Night,Saturday,Bhavanipuram,Street Food
Male,18-24,Divorced,Low,Breakfast,Friday,Bhavanipuram,South Indian
Male,25-34,Single,High,Dinner,Friday,Poranki,Bakery
Other,45-54,Single,Upper-Middle,Late Night,Saturday,Ramachandra Nagar,North Indian
Male,35-44,Married,Low,Lunch,Sunday,MG Road,Fast Food
Other,45-54,Widowed,Upper-Middle,Dinner,Sunday,Ramachandra Nagar,Biryani
Male,18-24,Single,High,Lunch,Wednesday,Benz Circle,Fast Food
Male,18-24,Single,Low,Snack,Saturday,Bhavanipuram,Biryani
Male,35-44,Widowed,Upper-Middle,Breakfast,Monday,Patamata,South Indian
Other,18-24,Married,High,Snack,Sunday,Ramachandra Nagar,North Indian
Other,35-44,Single,High,Late Night,Wednesday,Governorpet,South Indian
Male,45-54,Married,Low,Breakfast,Wednesday,Patamata,Continental
Other,25-34,Divorced,Low,Breakfast,Wednesday,Bhavanipuram,Biryani
Other,45-54,Married,Upper-Middle,Lunch,Saturday,Auto Nagar,Biryani
Female,45-54,Single,Low,Snack,Thursday,Auto Nagar,Biryani
Female,25-34,Married,High,Lunch,Sunday,Governorpet,South Indian
Other,55-64,Divorced,Middle,Snack,Sunday,MG Road,Street Food
Female,25-34,Widowed,High,Lunch,Tuesday,Poranki,Bakery
Female,25-34,Widowed,Middle,Breakfast,Saturday,Auto Nagar,Biryani
Male,18-24,Widowed,Low,Breakfast,Monday,Governorpet,Bakery
Female,45-54,Divorced,Low,Dinner,Wednesday,Patamata,Continental
Female,18-24,Widowed,Middle,Snack,Tuesday,Poranki,Street Food
Other,45-54,Widowed,Low,Late Night,Tuesday,Governorpet,Bakery
Other,35-44,Single,Middle,Late Night,Tuesday,Poranki,Fast Food
Other,18-24,Married,Low,Dinner,Monday,One Town,Street Food
Other,55-64,Widowed,Middle,Lunch,Sunday,Gunadala,South Indian
Other,25-34,Single,Middle,Lunch,Tuesday,Patamata,Continental
Other,18-24,Single,Upper-Middle,Dinner,Saturday,Benz Circle,Fast Food
Male,18-24,Widowed,Upper-Middle,Dinner,Thursday,Patamata,South Indian
Female,45-54,Widowed,Low,Late Night,Monday,MG Road,Chinese
Male,55-64,Divorced,Low,Late Night,Tuesday,Auto Nagar,Biryani
Male,35-44,Single,Middle,Snack,Sunday,Ramachandra Nagar,Chinese
Female,55-64,Married,Upper-Middle,Breakfast,Saturday,Ramachandra Nagar,North Indian
Female,45-54,Single,Middle,Lunch,Thursday,Ramachandra Nagar,North Indian
Other,55-64,Divorced,Upper-Middle,Lunch,Wednesday,Gunadala,South Indian
Other,35-44,Divorced,High,Breakfast,Thursday,Ramachandra Nagar,North Indian
Male,55-64,Widowed,High,Lunch,Thursday,Benz Circle,Fast Food
Other,25-34,Widowed,Upper-Middle,Dinner,Wednesday,MG Road,Biryani
Other,25-34,Single,High,Snack,Monday,Patamata,Street Food
Male,18-24,Widowed,High,Snack,Monday,Bhavanipuram,Street Food
Other,25-34,Single,Low,Snack,Wednesday,Auto Nagar,Biryani
Other,35-44,Widowed,Middle,Lunch,Saturday,Auto Nagar,Biryani
Male,25-34,Married,Middle,Late Night,Sunday,One Town,Fast Food
Other,45-54,Married,Low,Late Night,Sunday,Benz Circle,Fast Food
Male,35-44,Single,Middle,Late Night,Tuesday,Auto Nagar,Fast Food
Other,35-44,Divorced,Low,Lunch,Monday,Governorpet,South Indian
Female,55-64,Divorced,High,Snack,Friday,Governorpet,South Indian
Other,35-44,Widowed,Upper-Middle,Lunch,Monday,Governorpet,South Indian
Female,18-24,Widowed,Middle,Snack,Wednesday,Poranki,Bakery
Other,25-34,Widowed,Upper-Middle,Dinner,Sunday,Patamata,Continental
Male,25-34,Widowed,Low,Dinner,Wednesday,Patamata,Continental
Female,25-34,Divorced,Upper-Middle,Late Night,Sunday,Auto Nagar,Biryani
Male,18-24,Married,High,Lunch,Wednesday,Benz Circle,Fast Food
Female,25-34,Single,Middle,Dinner,Sunday,MG Road,Chinese
Other,45-54,Single,High,Breakfast,Thursday,Bhavanipuram,Biryani
Female,55-64,Divorced,Upper-Middle,Late Night,Wednesday,Poranki,Bakery
Female,55-64,Widowed,Low,Snack,Tuesday,Poranki,Bakery
Other,55-64,Widowed,Low,Breakfast,Friday,Poranki,South Indian
Other,35-44,Single,Middle,Dinner,Sunday,Poranki,Bakery
Female,55-64,Single,High,Late Night,Thursday,MG Road,Chinese
Male,35-44,Widowed,Middle,Snack,Thursday,Patamata,Continental
Other,18-24,Single,High,Late Night,Monday,Poranki,Fast Food
Other,25-34,Married,Middle,Late Night,Thursday,Governorpet,North Indian
Other,45-54,Divorced,Upper-Middle,Snack,Saturday,Ramachandra Nagar,North Indian
Other,35-44,Divorced,Middle,Late Night,Sunday,One Town,Street Food
Male,45-54,Divorced,High,Breakfast,Tuesday,Gunadala,South Indian
Female,45-54,Married,Low,Breakfast,Friday,Benz Circle,South Indian
Female,55-64,Single,Middle,Snack,Wednesday,Auto Nagar,Biryani
Female,55-64,Single,Upper-Middle,Snack,Monday,Poranki,Bakery
Female,25-34,Widowed,Middle,Snack,Monday,MG Road,Street Food
Male,18-24,Married,Middle,Lunch,Friday,Poranki,Bakery
Female,18-24,Single,Middle,Lunch,Tuesday,Ramachandra Nagar,North Indian
Male,25-34,Single,Low,Snack,Thursday,Gunadala,South Indian
Male,45-54,Single,High,Snack,Thursday,Poranki,Bakery
Female,25-34,Divorced,Upper-Middle,Snack,Sunday,One Town,Street Food
Male,55-64,Widowed,Upper-Middle,Lunch,Friday,Poranki,Bakery
Female,45-54,Divorced,Low,Breakfast,Tuesday,Gunadala,South Indian
Female,18-24,Divorced,Middle,Dinner,Wednesday,Gunadala,South Indian
Female,35-44,Single,Middle,Snack,Sunday,Bhavanipuram,Biryani
Female,35-44,Married,Upper-Middle,Dinner,Thursday,One Town,Street Food
Female,25-34,Married,Middle,Late Night,Monday,Governorpet,South Indian
Other,55-64,Divorced,Low,Snack,Friday,Ramachandra Nagar,North Indian
Other,55-64,Single,High,Late Night,Wednesday,Bhavanipuram,Bakery
Female,35-44,Widowed,High,Lunch,Thursday,Gunadala,South Indian
Female,55-64,Widowed,Low,Late Night,Tuesday,Benz Circle,Fast Food
Other,55-64,Widowed,High,Late Night,Monday,Governorpet,Fast Food
Female,35-44,Single,High,Dinner,Wednesday,Patamata,Continental
Other,25-34,Widowed,High,Dinner,Friday,Auto Nagar,Biryani
Other,45-54,Married,Low,Snack,Monday,Patamata,Continental
Female,18-24,Widowed,High,Breakfast,Sunday,Bhavanipuram,South Indian
Female,25-34,Widowed,High,Dinner,Sunday,Patamata,Continental
Other,55-64,Married,Upper-Middle,Dinner,Thursday,Poranki,Biryani
Other,45-54,Married,Middle,Breakfast,Sunday,MG Road,North Indian
Male,25-34,Single,Upper-Middle,Lunch,Sunday,Gunadala,South Indian
Female,35-44,Single,High,Breakfast,Saturday,Bhavanipuram,Biryani
Female,18-24,Divorced,Middle,Snack,Tuesday,Auto Nagar,Biryani
Female,45-54,Single,High,Breakfast,Thursday,Ramachandra Nagar,North Indian
Male,45-54,Single,Middle,Dinner,Thursday,Benz Circle,Biryani
Other,18-24,Married,Low,Late Night,Monday,Ramachandra Nagar,North Indian
Male,18-24,Widowed,Upper-Middle,Late Night,Tuesday,Auto Nagar,Biryani
Other,25-34,Widowed,Middle,Breakfast,Wednesday,One Town,South Indian
Other,45-54,Single,Middle,Late Night,Thursday,MG Road,Chinese
Other,45-54,Widowed,Low,Dinner,Saturday,Gunadala,Biryani
Male,18-24,Married,Upper-Middle,Lunch,Monday,Governorpet,Biryani
Male,35-44,Single,Middle,Dinner,Tuesday,Patamata,Continental
Other,55-64,Divorced,Upper-Middle,Snack,Tuesday,Gunadala,South Indian
Male,35-44,Married,Low,Lunch,Monday,One Town,Street Food
Female,18-24,Widowed,Middle,Lunch,Wednesday,Poranki,Biryani
Male,55-64,Widowed,High,Snack,Wednesday,Bhavanipuram,Biryani
Other,55-64,Divorced,Upper-Middle,Lunch,Tuesday,Patamata,Continental
Other,55-64,Married,Middle,Dinner,Wednesday,Gunadala,Biryani
Male,45-54,Widowed,Middle,Snack,Saturday,MG Road,Chinese
Other,35-44,Married,Middle,Dinner,Sunday,Bhavanipuram,Biryani
Male,25-34,Married,Low,Lunch,Wednesday,Benz Circle,Fast Food
Female,18-24,Widowed,Low,Breakfast,Wednesday,Governorpet,South Indian
Male,55-64,Divorced,High,Snack,Thursday,Benz Circle,Fast Food
Other,18-24,Married,Middle,Lunch,Sunday,Governorpet,Biryani
Other,35-44,Widowed,Low,Lunch,Wednesday,Auto Nagar,Biryani
Male,45-54,Single,Middle,Breakfast,Wednesday,Governorpet,South Indian
Other,25-34,Married,Low,Breakfast,Saturday,Bhavanipuram,Biryani
Other,35-44,Single,High,Late Night,Tuesday,Ramachandra Nagar,North Indian
Male,45-54,Single,Low,Snack,Sunday,Bhavanipuram,Biryani
Male,45-54,Divorced,Low,Breakfast,Sunday,Benz Circle,Fast Food
Male,55-64,Single,High,Lunch,Wednesday,Gunadala,Bakery
Female,25-34,Single,Low,Lunch,Wednesday,Governorpet,South Indian
Other,55-64,Married,Middle,Late Night,Friday,Poranki,Bakery
Female,35-44,Married,Upper-Middle,Breakfast,Sunday,MG Road,Chinese
Male,18-24,Widowed,Low,Snack,Tuesday,MG Road,Chinese
Female,55-64,Divorced,Low,Breakfast,Thursday,Bhavanipuram,Biryani
Male,55-64,Divorced,Upper-Middle,Late Night,Friday,Patamata,Fast Food
Other,18-24,Married,Low,Late Night,Wednesday,Benz Circle,Fast Food
Other,35-44,Divorced,Middle,Snack,Wednesday,Poranki,Bakery
Female,45-54,Married,Low,Snack,Saturday,Gunadala,South Indian
Male,55-64,Divorced,High,Breakfast,Monday,Auto Nagar,South Indian
Male,18-24,Single,Middle,Lunch,Wednesday,Governorpet,South Indian
Female,45-54,Single,Upper-Middle,Late Night,Friday,Poranki,Bakery
Female,35-44,Divorced,Upper-Middle,Snack,Wednesday,Governorpet,South Indian
Other,35-44,Single,Low,Snack,Monday,Benz Circle,Street Food
Other,35-44,Divorced,Middle,Breakfast,Thursday,Auto Nagar,South Indian
Male,45-54,Married,Upper-Middle,Breakfast,Wednesday,One Town,Street Food
Other,45-54,Widowed,Low,Late Night,Saturday,MG Road,Chinese
Male,35-44,Widowed,Upper-Middle,Dinner,Tuesday,Benz Circle,Biryani
Female,55-64,Married,High,Breakfast,Thursday,Bhavanipuram,Bakery
Male,45-54,Married,High,Snack,Saturday,Gunadala,South Indian
Male,55-64,Widowed,Low,Breakfast,Monday,Governorpet,South Indian
Male,55-64,Widowed,Middle,Snack,Friday,Governorpet,South Indian
Female,35-44,Single,Upper-Middle,Dinner,Monday,Poranki,Biryani
Other,25-34,Single,Upper-Middle,Breakfast,Saturday,Auto Nagar,Bakery
Female,25-34,Widowed,High,Breakfast,Saturday,Bhavanipuram,South Indian
Female,18-24,Married,Middle,Dinner,Sunday,MG Road,Biryani
Other,18-24,Widowed,Low,Late Night,Monday,One Town,Fast Food
Female,55-64,Divorced,Upper-Middle,Dinner,Thursday,Poranki,Biryani
Male,45-54,Divorced,High,Breakfast,Wednesday,Poranki,Bakery
Other,45-54,Married,High,Lunch,Tuesday,Ramachandra Nagar,North Indian
Female,18-24,Divorced,Upper-Middle,Lunch,Wednesday,Patamata,Continental
Other,25-34,Widowed,High,Lunch,Friday,Ramachandra Nagar,North Indian
Other,18-24,Single,High,Dinner,Monday,Gunadala,South Indian
Male,18-24,Single,Middle,Late Night,Friday,Gunadala,South Indian
Female,45-54,Single,Middle,Lunch,Sunday,Ramachandra Nagar,Biryani
Female,55-64,Divorced,Middle,Lunch,Thursday,Gunadala,South Indian
Male,45-54,Widowed,High,Snack,Sunday,Benz Circle,Fast Food
Female,25-34,Single,Low,Breakfast,Tuesday,Auto Nagar,Biryani
Other,35-44,Widowed,Middle,Snack,Saturday,Gunadala,South Indian
Male,35-44,Divorced,Upper-Middle,Breakfast,Monday,Benz Circle,South Indian
Male,45-54,Widowed,Low,Snack,Saturday,Benz Circle,Street Food
Female,18-24,Single,Upper-Middle,Snack,Thursday,One Town,Street Food
Male,55-64,Single,High,Late Night,Sunday,Auto Nagar,Fast Food
Male,35-44,Divorced,High,Late Night,Tuesday,MG Road,Chinese
Female,25-34,Divorced,High,Breakfast,Sunday,Gunadala,South Indian
Female,45-54,Divorced,High,Lunch,Saturday,MG Road,Biryani
Male,25-34,Divorced,High,Late Night,Thursday,Gunadala,South Indian
Other,25-34,Single,Middle,Breakfast,Saturday,One Town,Street Food
Female,18-24,Widowed,Middle,Snack,Friday,Gunadala,South Indian
Other,18-24,Single,Upper-Middle,Late Night,Friday,Poranki,Bakery
Male,18-24,Divorced,Low,Snack,Tuesday,Bhavanipuram,Biryani
Other,55-64,Widowed,Middle,Lunch,Thursday,Bhavanipuram,Biryani
Male,18-24,Divorced,High,Dinner,Tuesday,Benz Circle,Bakery
Male,45-54,Married,Middle,Dinner,Wednesday,Benz Circle,Fast Food
Male,18-24,Single,High,Snack,Saturday,Bhavanipuram,Biryani
Female,45-54,Married,Middle,Breakfast,Sunday,Poranki,Bakery
Male,18-24,Divorced,Middle,Lunch,Thursday,Patamata,Continental
Other,45-54,Divorced,Middle,Breakfast,Thursday,Auto Nagar,Biryani
Male,45-54,Single,Upper-Middle,Dinner,Friday,Bhavanipuram,Biryani
Male,25-34,Divorced,Middle,Breakfast,Tuesday,MG Road,Chinese
Male,25-34,Widowed,Middle,Dinner,Sunday,Auto Nagar,Biryani
Male,55-64,Divorced,Low,Snack,Sunday,Gunadala,South Indian
Male,45-54,Divorced,High,Late Night,Tuesday,Auto Nagar,Biryani
Other,55-64,Married,Low,Dinner,Monday,Patamata,Continental
Other,55-64,Married,Upper-Middle,Late Night,Wednesday,Ramachandra Nagar,North Indian
Female,18-24,Divorced,Upper-Middle,Lunch,Sunday,Patamata,Chinese
Female,45-54,Married,Upper-Middle,Late Night,Sunday,Ramachandra Nagar,North Indian
Female,35-44,Divorced,High,Lunch,Friday,One Town,Street Food
Female,25-34,Married,Low,Dinner,Thursday,Governorpet,South Indian
Other,45-54,Divorced,High,Breakfast,Friday,Auto Nagar,Biryani
Other,18-24,Single,Low,Snack,Friday,One Town,Street Food
Female,45-54,Divorced,Middle,Lunch,Friday,One Town,Street Food
Other,18-24,Widowed,Upper-Middle,Late Night,Tuesday,One Town,Street Food
Female,18-24,Single,High,Breakfast,Wednesday,Benz Circle,South Indian
Female,45-54,Single,Low,Dinner,Monday,One Town,Biryani
Female,35-44,Single,High,Dinner,Tuesday,Auto Nagar,Biryani
Other,55-64,Single,High,Snack,Wednesday,Ramachandra Nagar,Street Food
Other,55-64,Single,Middle,Dinner,Tuesday,Poranki,Bakery
Female,35-44,Single,High,Lunch,Wednesday,One Town,Street Food
Female,55-64,Married,Upper-Middle,Lunch,Tuesday,Auto Nagar,Biryani
Male,35-44,Widowed,Middle,Dinner,Sunday,Bhavanipuram,Biryani
Female,18-24,Single,High,Dinner,Friday,Gunadala,Biryani
Male,18-24,Married,Low,Lunch,Sunday,Gunadala,South Indian
Female,25-34,Married,Upper-Middle,Late Night,Monday,Poranki,Fast Food
Other,18-24,Divorced,High,Lunch,Monday,Benz Circle,Fast Food
Female,45-54,Married,Middle,Breakfast,Wednesday,Poranki,Bakery
Male,55-64,Widowed,Upper-Middle,Breakfast,Thursday,Auto Nagar,South Indian
Female,25-34,Divorced,High,Snack,Monday,MG Road,Chinese
Male,18-24,Single,Upper-Middle,Breakfast,Friday,Gunadala,South Indian
Male,45-54,Married,Low,Breakfast,Thursday,Benz Circle,South Indian
Other,55-64,Married,Low,Late Night,Friday,Patamata,Continental
Other,45-54,Single,High,Dinner,Monday,MG Road,Chinese
Other,25-34,Widowed,Middle,Late Night,Sunday,Bhavanipuram,Biryani
Other,18-24,Widowed,Upper-Middle,Snack,Friday,Patamata,Street Food
Other,45-54,Divorced,High,Lunch,Monday,Patamata,Continental
Other,55-64,Widowed,High,Late Night,Thursday,Auto Nagar,Biryani
Other,25-34,Widowed,High,Lunch,Thursday,Gunadala,South Indian
Male,18-24,Single,Upper-Middle,Breakfast,Sunday,Ramachandra Nagar,North Indian
Female,45-54,Married,High,Breakfast,Wednesday,Bhavanipuram,South Indian
Other,18-24,Single,Low,Lunch,Thursday,Patamata,Continental
Male,18-24,Divorced,Middle,Breakfast,Saturday,Ramachandra Nagar,South Indian
Male,55-64,Widowed,Low,Breakfast,Thursday,One Town,Street Food
Female,25-34,Widowed,Middle,Lunch,Friday,Bhavanipuram,Biryani
Male,35-44,Married,Low,Breakfast,Friday,Governorpet,South Indian
Female,55-64,Single,Low,Lunch,Thursday,Governorpet,Biryani
Other,55-64,Single,Low,Late Night,Sunday,Gunadala,Chinese
Female,45-54,Divorced,Low,Breakfast,Monday,Governorpet,South Indian
Male,45-54,Single,High,Breakfast,Monday,Poranki,Bakery
Other,18-24,Widowed,High,Lunch,Sunday,Ramachandra Nagar,North Indian
Other,18-24,Widowed,High,Dinner,Friday,Auto Nagar,Biryani
Other,45-54,Divorced,High,Dinner,Monday,Auto Nagar,Biryani
Female,18-24,Widowed,Middle,Late Night,Saturday,Auto Nagar,Biryani
Other,18-24,Single,Middle,Lunch,Tuesday,Patamata,Continental
Male,35-44,Married,Upper-Middle,Breakfast,Monday,Benz Circle,Fast Food
Male,25-34,Single,Middle,Breakfast,Tuesday,Governorpet,Street Food
Female,25-34,Divorced,High,Breakfast,Wednesday,One Town,Street Food
Male,55-64,Single,Upper-Middle,Breakfast,Friday,Benz Circle,Fast Food
Male,25-34,Divorced,Upper-Middle,Snack,Monday,MG Road,Chinese
Other,35-44,Single,Upper-Middle,Lunch,Tuesday,Bhavanipuram,Chinese
Other,55-64,Single,High,Late Night,Thursday,Bhavanipuram,Fast Food
Other,35-44,Single,Upper-Middle,Dinner,Wednesday,One Town,Street Food
Female,45-54,Single,High,Dinner,Friday,One Town,Street Food
Female,45-54,Single,Low,Late Night,Wednesday,Benz Circle,Fast Food
Female,25-34,Single,Low,Breakfast,Wednesday,Ramachandra Nagar,North Indian
Other,35-44,Divorced,Middle,Breakfast,Saturday,Auto Nagar,Biryani
Other,18-24,Single,Low,Snack,Wednesday,Patamata,Street Food
Male,55-64,Single,High,Dinner,Sunday,Patamata,Continental
Female,35-44,Widowed,Upper-Middle,Breakfast,Saturday,One Town,Street Food
Male,25-34,Married,Middle,Dinner,Saturday,Governorpet,Chinese
Other,45-54,Widowed,High,Lunch,Thursday,Bhavanipuram,Street Food
Other,18-24,Divorced,High,Lunch,Saturday,Patamata,Continental
Male,35-44,Widowed,Upper-Middle,Snack,Wednesday,Ramachandra Nagar,Street Food
Male,55-64,Single,Low,Snack,Friday,Ramachandra Nagar,North Indian
Male,35-44,Divorced,Upper-Middle,Late Night,Tuesday,Benz Circle,Fast Food
Male,35-44,Widowed,High,Dinner,Sunday,Patamata,Continental
Male,25-34,Single,Middle,Lunch,Thursday,Patamata,South Indian
Male,35-44,Single,Middle,Snack,Friday,Ramachandra Nagar,Street Food
Female,55-64,Married,Low,Breakfast,Monday,One Town,Street Food
Female,35-44,Single,Middle,Lunch,Monday,Auto Nagar,Biryani
Female,25-34,Divorced,Upper-Middle,Dinner,Sunday,Auto Nagar,Biryani
Other,45-54,Married,Upper-Middle,Late Night,Wednesday,Auto Nagar,Fast Food
Female,18-24,Single,Low,Dinner,Monday,Bhavanipuram,Biryani
Other,25-34,Single,Middle,Lunch,Monday,Patamata,Continental
Female,35-44,Divorced,Low,Dinner,Saturday,Gunadala,Bakery
Male,35-44,Widowed,Upper-Middle,Snack,Sunday,Gunadala,Street Food
Female,18-24,Single,Low,Snack,Friday,MG Road,Chinese
Male,35-44,Single,Middle,Snack,Sunday,Governorpet,South Indian
Other,18-24,Widowed,Low,Late Night,Friday,Auto Nagar,Biryani
Male,18-24,Married,Upper-Middle,Late Night,Sunday,Bhavanipuram,Biryani
Female,35-44,Divorced,Low,Lunch,Wednesday,Ramachandra Nagar,Biryani
Male,18-24,Widowed,Middle,Lunch,Tuesday,MG Road,Chinese
Male,35-44,Married,Low,Snack,Monday,Auto Nagar,Biryani
Female,55-64,Divorced,Middle,Snack,Saturday,Poranki,Continental
Female,35-44,Widowed,High,Snack,Tuesday,Gunadala,South Indian
Female,45-54,Single,Middle,Lunch,Saturday,Governorpet,South Indian
Other,25-34,Married,Middle,Breakfast,Saturday,Bhavanipuram,Biryani
Female,18-24,Widowed,Upper-Middle,Dinner,Thursday,Poranki,South Indian
Other,55-64,Married,High,Lunch,Wednesday,One Town,Biryani
Other,55-64,Widowed,Low,Dinner,Monday,Poranki,Bakery
Male,35-44,Widowed,Middle,Breakfast,Saturday,Ramachandra Nagar,North Indian
Other,18-24,Married,Upper-Middle,Snack,Friday,One Town,Street Food
Female,18-24,Divorced,Low,Snack,Friday,Auto Nagar,North Indian
Other,55-64,Divorced,Low,Dinner,Friday,Gunadala,Biryani
Male,55-64,Divorced,Upper-Middle,Late Night,Monday,Patamata,Fast Food
Other,55-64,Widowed,Low,Breakfast,Tuesday,MG Road,Chinese
Other,55-64,Married,Low,Breakfast,Thursday,Governorpet,South Indian
Female,55-64,Single,Low,Late Night,Saturday,MG Road,Fast Food
Female,55-64,Single,Middle,Snack,Thursday,Governorpet,South Indian
Other,45-54,Divorced,Upper-Middle,Lunch,Sunday,Benz Circle,Biryani
Male,55-64,Divorced,Upper-Middle,Snack,Tuesday,One Town,Street Food
Other,55-64,Divorced,Middle,Lunch,Sunday,One Town,Street Food
Other,25-34,Single,Low,Breakfast,Saturday,Benz Circle,Fast Food
Male,55-64,Single,Upper-Middle,Dinner,Tuesday,Gunadala,Biryani
Male,25-34,Single,Low,Snack,Saturday,Poranki,Street Food
Female,25-34,Widowed,Low,Snack,Monday,Ramachandra Nagar,North Indian
Male,25-34,Widowed,High,Snack,Thursday,MG Road,Chinese
Female,45-54,Widowed,Middle,Lunch,Wednesday,MG Road,Chinese
Other,35-44,Divorced,Upper-Middle,Snack,Friday,Benz Circle,Bakery
Female,45-54,Married,Upper-Middle,Snack,Wednesday,MG Road,Biryani
Male,45-54,Married,High,Breakfast,Tuesday,Poranki,Bakery
Male,35-44,Married,Middle,Lunch,Wednesday,One Town,Street Food
Male,45-54,Widowed,Upper-Middle,Breakfast,Friday,Patamata,Continental
Male,35-44,Widowed,Middle,Lunch,Saturday,Bhavanipuram,South Indian
Male,25-34,Single,High,Dinner,Thursday,Benz Circle,Fast Food
Other,55-64,Divorced,High,Snack,Thursday,Auto Nagar,Biryani
Other,18-24,Divorced,Low,Late Night,Monday,Governorpet,South Indian
Female,45-54,Married,Low,Late Night,Monday,Ramachandra Nagar,Fast Food
Female,35-44,Divorced,Upper-Middle,Snack,Wednesday,Gunadala,South Indian
Female,45-54,Widowed,Upper-Middle,Snack,Sunday,Ramachandra Nagar,Street Food
Male,18-24,Married,Upper-Middle,Snack,Friday,Ramachandra Nagar,North Indian
Female,35-44,Divorced,Low,Lunch,Monday,Governorpet,Biryani
Female,18-24,Widowed,High,Snack,Sunday,MG Road,Chinese
Female,55-64,Divorced,Upper-Middle,Lunch,Sunday,Gunadala,South Indian
Other,55-64,Married,Upper-Middle,Snack,Friday,Bhavanipuram,Bakery
Other,35-44,Divorced,Middle,Late Night,Monday,Governorpet,South Indian
Male,35-44,Divorced,Upper-Middle,Snack,Thursday,Governorpet,Street Food
Other,25-34,Divorced,High,Dinner,Monday,Poranki,Bakery
Other,45-54,Married,Low,Lunch,Monday,MG Road,Biryani
Other,35-44,Single,High,Breakfast,Sunday,Benz Circle,Fast Food
Female,45-54,Single,Low,Late Night,Sunday,Gunadala,South Indian
Male,55-64,Widowed,Middle,Late Night,Tuesday,Bhavanipuram,Biryani
Other,25-34,Married,Low,Snack,Tuesday,Bhavanipuram,Biryani
Male,35-44,Widowed,High,Snack,Sunday,One Town,Street Food
Female,18-24,Single,High,Breakfast,Thursday,Auto Nagar,Biryani
Male,18-24,Single,High,Breakfast,Friday,Patamata,South Indian
Male,55-64,Single,Middle,Late Night,Sunday,Poranki,Bakery
Other,18-24,Married,Low,Late Night,Friday,Patamata,Fast Food
Other,18-24,Single,High,Breakfast,Sunday,Governorpet,South Indian
Other,45-54,Married,Middle,Snack,Tuesday,Gunadala,Street Food
Male,25-34,Married,Upper-Middle,Lunch,Sunday,One Town,Street Food
Other,45-54,Single,Low,Dinner,Tuesday,Gunadala,South Indian
Female,55-64,Widowed,Upper-Middle,Late Night,Wednesday,Gunadala,Fast Food
Male,25-34,Married,Upper-Middle,Breakfast,Wednesday,Ramachandra Nagar,South Indian
Other,18-24,Divorced,Middle,Lunch,Thursday,Gunadala,Biryani
Female,45-54,Single,Middle,Late Night,Saturday,One Town,Street Food
Male,55-64,Married,High,Breakfast,Saturday,Bhavanipuram,Continental
Male,25-34,Widowed,Low,Snack,Sunday,One Town,Street Food
Other,18-24,Divorced,Low,Breakfast,Tuesday,MG Road,Chinese
Female,45-54,Widowed,Upper-Middle,Breakfast,Monday,Patamata,Continental
Other,35-44,Widowed,High,Breakfast,Sunday,Bhavanipuram,Biryani
Other,18-24,Married,High,Lunch,Monday,Gunadala,South Indian
Female,25-34,Single,High,Snack,Monday,Governorpet,Street Food
Female,35-44,Divorced,Low,Snack,Tuesday,Gunadala,Street Food
Male,25-34,Divorced,High,Breakfast,Friday,One Town,Street Food
Other,45-54,Widowed,Low,Snack,Thursday,Ramachandra Nagar,Street Food
Other,35-44,Single,High,Dinner,Thursday,Governorpet,South Indian
Male,35-44,Single,High,Dinner,Saturday,Gunadala,Fast Food
Male,55-64,Married,High,Breakfast,Wednesday,Governorpet,South Indian
Other,55-64,Divorced,Upper-Middle,Breakfast,Saturday,Auto Nagar,Biryani
Male,18-24,Married,Upper-Middle,Snack,Friday,Bhavanipuram,Continental
Female,35-44,Widowed,Low,Dinner,Monday,Poranki,Bakery
Female,35-44,Married,High,Late Night,Sunday,One Town,Street Food
Other,45-54,Divorced,Upper-Middle,Dinner,Tuesday,Gunadala,South Indian
Male,55-64,Married,High,Dinner,Sunday,MG Road,Chinese
Male,25-34,Single,Upper-Middle,Breakfast,Saturday,Governorpet,South Indian
Male,45-54,Single,Middle,Late Night,Friday,MG Road,Chinese
Other,18-24,Widowed,Upper-Middle,Snack,Monday,Benz Circle,Fast Food
Other,18-24,Single,High,Late Night,Friday,Gunadala,South Indian
Male,25-34,Married,Low,Late Night,Wednesday,MG Road,Chinese
Other,25-34,Single,Middle,Late Night,Monday,Auto Nagar,Fast Food
Male,55-64,Widowed,Upper-Middle,Late Night,Thursday,Bhavanipuram,Biryani
Male,45-54,Married,Upper-Middle,Lunch,Tuesday,Governorpet,South Indian
Other,55-64,Divorced,Upper-Middle,Dinner,Tuesday,One Town,Street Food
Other,25-34,Divorced,Middle,Late Night,Sunday,Auto Nagar,Biryani
Female,55-64,Divorced,Middle,Snack,Monday,Governorpet,South Indian
Other,18-24,Single,Low,Late Night,Sunday,Governorpet,Bakery
Male,35-44,Married,Middle,Lunch,Thursday,Poranki,Bakery
Other,55-64,Married,High,Breakfast,Saturday,Benz Circle,Fast Food
Other,35-44,Divorced,Low,Snack,Sunday,Gunadala,Street Food
Female,18-24,Widowed,Low,Late Night,Wednesday,One Town,Fast Food
Female,25-34,Divorced,Low,Late Night,Saturday,MG Road,Chinese
Female,55-64,Widowed,Upper-Middle,Late Night,Saturday,Auto Nagar,Biryani
Female,25-34,Divorced,Low,Breakfast,Sunday,One Town,Chinese
Male,35-44,Single,Middle,Snack,Friday,Poranki,Street Food
Other,25-34,Married,High,Late Night,Sunday,Gunadala,Fast Food
Male,18-24,Divorced,High,Lunch,Monday,Benz Circle,Biryani
Female,25-34,Single,Middle,Late Night,Thursday,Ramachandra Nagar,Bakery
Other,55-64,Widowed,Low,Dinner,Friday,Bhavanipuram,Biryani
Other,25-34,Single,High,Late Night,Thursday,Ramachandra Nagar,North Indian
Male,25-34,Married,Low,Breakfast,Saturday,Auto Nagar,South Indian
Female,45-54,Divorced,High,Dinner,Saturday,MG Road,Biryani
Male,18-24,Single,Low,Late Night,Tuesday,One Town,Street Food
Female,35-44,Married,Upper-Middle,Dinner,Monday,Gunadala,South Indian
Other,18-24,Married,Low,Lunch,Tuesday,MG Road,Chinese
Other,35-44,Widowed,High,Snack,Friday,Bhavanipuram,Biryani
Female,45-54,Married,Middle,Late Night,Thursday,Auto Nagar,Biryani
Male,55-64,Single,Upper-Middle,Dinner,Saturday,Auto Nagar,Biryani
Other,18-24,Divorced,Middle,Late Night,Friday,Ramachandra Nagar,North Indian
Female,55-64,Divorced,Middle,Late Night,Tuesday,Auto Nagar,Fast Food
Other,55-64,Married,Middle,Breakfast,Wednesday,Governorpet,South Indian
Other,35-44,Married,Middle,Late Night,Tuesday,Poranki,Bakery
Male,55-64,Single,Upper-Middle,Breakfast,Thursday,Poranki,Bakery
Other,45-54,Single,Upper-Middle,Breakfast,Thursday,Governorpet,South Indian
Other,35-44,Married,Low,Dinner,Sunday,Bhavanipuram,Biryani
Male,25-34,Divorced,High,Breakfast,Tuesday,Governorpet,South Indian
Female,18-24,Married,Low,Lunch,Wednesday,Ramachandra Nagar,North Indian
Female,55-64,Divorced,Low,Lunch,Wednesday,Bhavanipuram,Biryani
Female,18-24,Widowed,Middle,Dinner,Thursday,Gunadala,South Indian
Female,18-24,Divorced,Middle,Dinner,Wednesday,Poranki,Bakery
Other,35-44,Single,High,Late Night,Monday,Ramachandra Nagar,Continental
Male,45-54,Married,Low,Lunch,Sunday,Governorpet,South Indian
Male,25-34,Married,Middle,Breakfast,Wednesday,Bhavanipuram,Biryani
Other,45-54,Widowed,High,Breakfast,Friday,Bhavanipuram,Biryani
Female,45-54,Divorced,Middle,Breakfast,Sunday,MG Road,Chinese
Other,45-54,Divorced,High,Lunch,Monday,Auto Nagar,Biryani
Other,25-34,Divorced,Low,Dinner,Tuesday,Governorpet,South Indian
Female,45-54,Divorced,Upper-Middle,Lunch,Wednesday,Patamata,Continental
Male,45-54,Widowed,Upper-Middle,Snack,Sunday,One Town,Street Food
Male,35-44,Widowed,High,Lunch,Friday,Benz Circle,Biryani
Female,25-34,Single,Middle,Late Night,Monday,Gunadala,South Indian
Female,55-64,Divorced,Upper-Middle,Lunch,Monday,One Town,Biryani
Female,45-54,Divorced,High,Dinner,Monday,Auto Nagar,Biryani
Male,35-44,Single,Middle,Late Night,Sunday,Gunadala,Fast Food
Female,35-44,Married,Middle,Lunch,Monday,One Town,Street Food
Female,25-34,Married,Middle,Dinner,Saturday,Patamata,Biryani
Male,18-24,Married,Low,Dinner,Monday,Bhavanipuram,Biryani
Male,18-24,Married,Upper-Middle,Breakfast,Thursday,Benz Circle,Fast Food
Male,18-24,Divorced,Low,Snack,Friday,Benz Circle,Fast Food
Other,25-34,Divorced,Middle,Lunch,Tuesday,Patamata,Biryani
Male,18-24,Divorced,Middle,Snack,Thursday,Ramachandra Nagar,North Indian
Other,25-34,Widowed,Low,Breakfast,Wednesday,Governorpet,South Indian
Female,55-64,Widowed,High,Breakfast,Thursday,Governorpet,South Indian
Female,25-34,Single,Low,Late Night,Sunday,Ramachandra Nagar,Fast Food
Other,18-24,Married,Upper-Middle,Lunch,Monday,Gunadala,South Indian
Female,45-54,Widowed,Low,Lunch,Wednesday,Benz Circle,Fast Food
Male,25-34,Married,High,Breakfast,Monday,Governorpet,South Indian
Male,18-24,Widowed,Upper-Middle,Snack,Tuesday,Ramachandra Nagar,North Indian
Other,35-44,Widowed,Upper-Middle,Lunch,Saturday,Governorpet,South Indian
Male,45-54,Widowed,Middle,Breakfast,Monday,Gunadala,South Indian
Other,25-34,Widowed,High,Snack,Monday,Benz Circle,Bakery
Male,45-54,Divorced,High,Late Night,Saturday,Poranki,Bakery
Male,55-64,Married,Low,Late Night,Sunday,Poranki,Fast Food
Male,55-64,Married,Upper-Middle,Snack,Thursday,One Town,Street Food
Female,55-64,Married,Middle,Dinner,Monday,Governorpet,South Indian
Other,35-44,Single,Middle,Breakfast,Saturday,Gunadala,South Indian
Male,55-64,Single,High,Breakfast,Thursday,Poranki,Bakery
Other,25-34,Widowed,Middle,Late Night,Monday,Ramachandra Nagar,Fast Food
Female,45-54,Divorced,High,Breakfast,Wednesday,Governorpet,South Indian
Female,25-34,Single,Low,Lunch,Sunday,Gunadala,South Indian
Other,25-34,Divorced,High,Breakfast,Tuesday,Poranki,Bakery
Male,18-24,Divorced,High,Snack,Tuesday,Bhavanipuram,Street Food
Male,45-54,Single,High,Breakfast,Friday,Gunadala,South Indian
Male,45-54,Divorced,Low,Dinner,Monday,Ramachandra Nagar,North Indian
Female,35-44,Single,Upper-Middle,Late Night,Sunday,Ramachandra Nagar,North Indian
Other,18-24,Married,Low,Breakfast,Thursday,Auto Nagar,South Indian
Female,25-34,Single,Upper-Middle,Dinner,Friday,Ramachandra Nagar,North Indian
Female,45-54,Married,Upper-Middle,Late Night,Friday,Bhavanipuram,Biryani
Male,35-44,Single,High,Late Night,Tuesday,MG Road,Chinese
Female,18-24,Widowed,Middle,Breakfast,Thursday,Poranki,South Indian
Male,55-64,Widowed,High,Late Night,Friday,Auto Nagar,Bakery
Male,18-24,Widowed,Upper-Middle,Snack,Sunday,Gunadala,South Indian
Male,25-34,Divorced,High,Dinner,Saturday,Benz Circle,Fast Food
Male,25-34,Widowed,Upper-Middle,Late Night,Wednesday,Poranki,Bakery
Male,45-54,Divorced,Middle,Lunch,Sunday,One Town,Street Food
Female,55-64,Married,High,Dinner,Monday,Gunadala,South Indian
Male,55-64,Single,Middle,Late Night,Sunday,Governorpet,South Indian
Other,35-44,Single,Upper-Middle,Lunch,Tuesday,Benz Circle,Fast Food
Female,35-44,Married,Low,Dinner,Tuesday,Ramachandra Nagar,North Indian
Female,45-54,Single,Upper-Middle,Breakfast,Sunday,Bhavanipuram,Biryani
Other,35-44,Divorced,High,Breakfast,Sunday,Poranki,Bakery
Other,25-34,Divorced,Middle,Breakfast,Wednesday,Gunadala,South Indian
Female,55-64,Single,Low,Dinner,Sunday,One Town,Biryani
Female,45-54,Divorced,Middle,Lunch,Monday,Bhavanipuram,Biryani
Other,55-64,Widowed,Low,Dinner,Saturday,Gunadala,South Indian
Female,55-64,Married,High,Lunch,Monday,One Town,Street Food
Other,45-54,Widowed,High,Snack,Sunday,Gunadala,South Indian
Female,45-54,Married,Low,Snack,Saturday,Poranki,Chinese
Female,18-24,Married,High,Breakfast,Wednesday,Auto Nagar,Biryani
Other,18-24,Divorced,Upper-Middle,Late Night,Monday,Poranki,Fast Food
Male,25-34,Married,Upper-Middle,Dinner,Tuesday,Ramachandra Nagar,North Indian
Female,25-34,Single,Middle,Lunch,Tuesday,MG Road,Chinese
Female,45-54,Married,Low,Snack,Monday,Governorpet,South Indian
Other,45-54,Single,Middle,Breakfast,Tuesday,Auto Nagar,Biryani
Male,45-54,Widowed,Low,Snack,Tuesday,One Town,Street Food
Other,35-44,Widowed,Middle,Lunch,Friday,Auto Nagar,Biryani
Male,18-24,Married,High,Snack,Friday,Governorpet,Street Food
Male,18-24,Single,Low,Snack,Thursday,Governorpet,South Indian
Female,45-54,Divorced,High,Snack,Wednesday,Poranki,Chinese
Male,45-54,Married,Middle,Snack,Tuesday,MG Road,Chinese
Female,55-64,Divorced,Low,Breakfast,Sunday,MG Road,Chinese
Other,35-44,Widowed,Middle,Lunch,Thursday,MG Road,Fast Food
Male,25-34,Widowed,Low,Breakfast,Sunday,Gunadala,South Indian
Male,35-44,Married,Low,Lunch,Friday,Ramachandra Nagar,North Indian
Other,18-24,Single,High,Breakfast,Thursday,One Town,North Indian
Male,35-44,Single,Upper-Middle,Snack,Sunday,Patamata,North Indian
Other,18-24,Single,Low,Dinner,Sunday,MG Road,Chinese
Male,35-44,Widowed,Middle,Snack,Tuesday,MG Road,Chinese
Female,35-44,Divorced,High,Lunch,Thursday,Benz Circle,Fast Food
Other,35-44,Married,Middle,Breakfast,Saturday,Patamata,Continental
Male,55-64,Single,Middle,Lunch,Tuesday,MG Road,Chinese
Male,25-34,Divorced,Middle,Lunch,Friday,Poranki,Bakery
Male,35-44,Married,High,Late Night,Friday,Auto Nagar,Biryani
Other,18-24,Widowed,High,Lunch,Tuesday,Governorpet,South Indian
Other,55-64,Single,Low,Snack,Sunday,Auto Nagar,Biryani
Male,45-54,Divorced,Low,Snack,Friday,Patamata,Continental
Male,35-44,Divorced,High,Lunch,Saturday,Patamata,Continental
Male,55-64,Married,Middle,Dinner,Wednesday,One Town,Street Food
Female,45-54,Married,Low,Late Night,Saturday,MG Road,Fast Food
Male,18-24,Married,Low,Breakfast,Monday,Patamata,South Indian
Male,45-54,Divorced,High,Late Night,Monday,Benz Circle,Fast Food
Female,35-44,Single,Upper-Middle,Late Night,Friday,MG Road,Chinese
Male,25-34,Divorced,Low,Breakfast,Friday,Ramachandra Nagar,North Indian
Female,25-34,Divorced,Upper-Middle,Late Night,Saturday,Patamata,Continental
Female,35-44,Married,Middle,Snack,Thursday,Bhavanipuram,Biryani
Female,25-34,Single,Low,Snack,Sunday,Bhavanipuram,Biryani
Male,25-34,Divorced,High,Dinner,Tuesday,One Town,Street Food
Female,25-34,Divorced,Upper-Middle,Dinner,Tuesday,Benz Circle,Fast Food
Female,18-24,Widowed,Low,Late Night,Saturday,Patamata,Continental
Other,25-34,Widowed,Upper-Middle,Snack,Sunday,MG Road,Chinese
Female,35-44,Married,Low,Dinner,Sunday,Auto Nagar,Biryani
Other,55-64,Married,High,Late Night,Saturday,Poranki,Bakery
Male,55-64,Divorced,High,Late Night,Wednesday,Bhavanipuram,Fast Food
Female,25-34,Widowed,Middle,Late Night,Sunday,Benz Circle,Fast Food
Male,45-54,Widowed,Upper-Middle,Dinner,Friday,Patamata,Continental
Other,25-34,Divorced,Low,Breakfast,Sunday,Poranki,Bakery
Other,18-24,Single,Upper-Middle,Late Night,Wednesday,Benz Circle,Fast Food
Male,18-24,Divorced,Upper-Middle,Lunch,Wednesday,Ramachandra Nagar,Biryani
Female,55-64,Single,Middle,Dinner,Thursday,Poranki,Bakery
Female,45-54,Married,Upper-Middle,Late Night,Friday,Benz Circle,Fast Food
Other,55-64,Single,Upper-Middle,Late Night,Tuesday,One Town,Street Food
Other,35-44,Single,Low,Breakfast,Wednesday,Governorpet,South Indian
Other,25-34,Divorced,Upper-Middle,Breakfast,Saturday,Benz Circle,Fast Food
Female,25-34,Widowed,Upper-Middle,Lunch,Monday,Gunadala,South Indian
Female,45-54,Married,Middle,Snack,Friday,One Town,Street Food
Female,25-34,Widowed,Upper-Middle,Snack,Tuesday,Governorpet,South Indian
Other,25-34,Divorced,Low,Dinner,Wednesday,Ramachandra Nagar,Biryani
Male,45-54,Divorced,Low,Late Night,Tuesday,Bhavanipuram,Bakery
Male,35-44,Divorced,Middle,Late Night,Saturday,MG Road,Chinese
Male,25-34,Single,Middle,Snack,Friday,Governorpet,South Indian
Female,35-44,Single,Upper-Middle,Late Night,Friday,Ramachandra Nagar,North Indian
Other,45-54,Married,Low,Dinner,Sunday,MG Road,Biryani
Other,55-64,Married,Upper-Middle,Lunch,Thursday,Gunadala,North Indian
Male,25-34,Single,Upper-Middle,Breakfast,Tuesday,Patamata,Continental
Other,55-64,Married,Upper-Middle,Snack,Saturday,Bhavanipuram,Biryani
Male,55-64,Single,Upper-Middle,Breakfast,Saturday,Gunadala,South Indian
Male,45-54,Single,Low,Breakfast,Sunday,Bhavanipuram,Biryani
Male,18-24,Widowed,High,Dinner,Sunday,Auto Nagar,Biryani
Male,45-54,Divorced,Low,Dinner,Saturday,Poranki,Bakery
Male,18-24,Widowed,Upper-Middle,Breakfast,Sunday,Auto Nagar,Biryani
Male,35-44,Married,Low,Lunch,Tuesday,Auto Nagar,Biryani
Male,45-54,Single,Low,Lunch,Wednesday,Ramachandra Nagar,North Indian
Female,25-34,Divorced,Middle,Snack,Saturday,Governorpet,Street Food
Other,18-24,Married,High,Late Night,Tuesday,Poranki,Bakery
Female,55-64,Divorced,Upper-Middle,Dinner,Saturday,Gunadala,South Indian
Male,35-44,Divorced,High,Breakfast,Tuesday,MG Road,Chinese
Other,35-44,Married,Upper-Middle,Lunch,Sunday,Auto Nagar,Biryani
Other,45-54,Single,Middle,Late Night,Saturday,Benz Circle,Fast Food
Female,45-54,Married,Upper-Middle,Lunch,Monday,Ramachandra Nagar,North Indian
Other,18-24,Single,Low,Late Night,Thursday,Poranki,Bakery
Male,25-34,Single,High,Breakfast,Saturday,Gunadala,South Indian
Male,45-54,Married,Middle,Snack,Wednesday,Poranki,Street Food
Male,35-44,Married,Low,Late Night,Saturday,MG Road,Fast Food
Other,25-34,Single,High,Lunch,Saturday,MG Road,Chinese
Male,45-54,Divorced,Middle,Lunch,Monday,MG Road,Bakery
Female,18-24,Widowed,Low,Lunch,Sunday,MG Road,Chinese
Other,25-34,Divorced,High,Late Night,Monday,Patamata,Continental
Male,35-44,Divorced,Upper-Middle,Breakfast,Wednesday,Benz Circle,Fast Food
Other,35-44,Widowed,Low,Dinner,Saturday,Ramachandra Nagar,North Indian
Female,45-54,Widowed,Low,Late Night,Friday,Gunadala,South Indian
Male,45-54,Widowed,High,Late Night,Thursday,Gunadala,Street Food
Other,55-64,Divorced,Low,Snack,Thursday,Ramachandra Nagar,Street Food
Male,25-34,Single,Low,Breakfast,Sunday,Bhavanipuram,Biryani
Female,55-64,Divorced,Middle,Breakfast,Saturday,Auto Nagar,Biryani
Other,18-24,Divorced,Upper-Middle,Lunch,Wednesday,Ramachandra Nagar,Biryani
Male,25-34,Single,High,Lunch,Wednesday,Ramachandra Nagar,North Indian
Male,35-44,Widowed,Upper-Middle,Breakfast,Friday,MG Road,South Indian
Other,25-34,Divorced,Middle,Late Night,Tuesday,Patamata,Continental
Female,55-64,Divorced,Middle,Breakfast,Tuesday,Auto Nagar,Biryani
Male,35-44,Single,Low,Dinner,Monday,Governorpet,South Indian
Male,18-24,Single,Middle,Lunch,Thursday,MG Road,Chinese
Other,55-64,Single,Upper-Middle,Breakfast,Monday,Ramachandra Nagar,South Indian
Female,45-54,Divorced,Middle,Lunch,Friday,Bhavanipuram,Biryani
Other,18-24,Married,High,Snack,Wednesday,Ramachandra Nagar,North Indian
Male,45-54,Single,High,Lunch,Tuesday,Patamata,Biryani
Other,55-64,Single,Upper-Middle,Snack,Friday,Ramachandra Nagar,North Indian
Female,35-44,Widowed,Middle,Dinner,Monday,Poranki,Biryani
Female,35-44,Married,Low,Late Night,Sunday,Governorpet,South Indian
Other,25-34,Widowed,High,Snack,Monday,Ramachandra Nagar,North Indian
Female,45-54,Widowed,High,Late Night,Tuesday,Governorpet,Fast Food
Other,18-24,Married,Upper-Middle,Dinner,Sunday,Gunadala,South Indian
Female,45-54,Widowed,Low,Snack,Saturday,Benz Circle,Street Food
Other,18-24,Widowed,High,Late Night,Thursday,Ramachandra Nagar,Fast Food
Male,55-64,Married,Middle,Breakfast,Thursday,Patamata,South Indian
Female,55-64,Widowed,Low,Snack,Tuesday,Benz Circle,Fast Food
Male,25-34,Single,Low,Snack,Sunday,Governorpet,Street Food
Other,25-34,Married,Upper-Middle,Dinner,Thursday,Ramachandra Nagar,North Indian
Female,35-44,Widowed,High,Lunch,Wednesday,One Town,Street Food
Male,55-64,Divorced,Middle,Breakfast,Tuesday,Benz Circle,Fast Food
Female,45-54,Divorced,Low,Dinner,Thursday,One Town,Biryani
Other,55-64,Divorced,Low,Snack,Sunday,Benz Circle,Fast Food
Female,55-64,Divorced,High,Snack,Thursday,Gunadala,South Indian
Male,55-64,Divorced,Upper-Middle,Snack,Monday,Gunadala,South Indian
Other,55-64,Single,Middle,Lunch,Saturday,Auto Nagar,Biryani
Other,18-24,Single,Upper-Middle,Dinner,Wednesday,MG Road,Chinese
Other,25-34,Married,Upper-Middle,Snack,Thursday,Benz Circle,Fast Food
Other,18-24,Single,Middle,Snack,Sunday,Poranki,Street Food
Other,55-64,Single,Upper-Middle,Breakfast,Wednesday,Benz Circle,South Indian
Male,45-54,Divorced,Low,Late Night,Saturday,Gunadala,South Indian
Female,55-64,Married,Low,Lunch,Friday,Gunadala,South Indian
Male,55-64,Single,Upper-Middle,Snack,Thursday,Gunadala,South Indian
Female,45-54,Single,High,Snack,Wednesday,Governorpet,Street Food
Other,45-54,Single,High,Lunch,Monday,Poranki,Bakery
Other,18-24,Married,High,Lunch,Tuesday,Poranki,Biryani
Female,25-34,Married,Middle,Dinner,Saturday,One Town,Street Food
Male,18-24,Married,High,Snack,Saturday,Benz Circle,Bakery
Other,25-34,Widowed,Upper-Middle,Lunch,Sunday,Gunadala,Biryani
Female,55-64,Married,Middle,Breakfast,Wednesday,Poranki,Bakery
Female,35-44,Widowed,High,Late Night,Tuesday,Ramachandra Nagar,North Indian
Female,18-24,Single,High,Dinner,Saturday,Patamata,Continental
Male,35-44,Divorced,Upper-Middle,Dinner,Saturday,Patamata,Continental
Other,55-64,Married,Low,Dinner,Sunday,MG Road,Chinese
Female,45-54,Single,High,Breakfast,Saturday,Gunadala,Continental
Female,18-24,Single,Low,Lunch,Monday,One Town,Biryani
Male,25-34,Single,Upper-Middle,Breakfast,Tuesday,MG Road,South Indian
Male,25-34,Married,High,Dinner,Wednesday,Benz Circle,Fast Food
Female,45-54,Divorced,Upper-Middle,Lunch,Sunday,One Town,Street Food
Female,35-44,Widowed,Low,Snack,Wednesday,Benz Circle,Fast Food
Female,45-54,Divorced,Low,Dinner,Friday,MG Road,North Indian
Other,18-24,Married,Middle,Dinner,Sunday,Bhavanipuram,Biryani
Other,25-34,Single,Upper-Middle,Breakfast,Saturday,One Town,South Indian
Female,55-64,Divorced,High,Breakfast,Monday,Gunadala,South Indian
Male,55-64,Widowed,Middle,Lunch,Friday,One Town,South Indian
Male,55-64,Divorced,Upper-Middle,Snack,Sunday,One Town,Street Food
Other,18-24,Single,Upper-Middle,Late Night,Monday,Bhavanipuram,Biryani
Other,18-24,Single,High,Breakfast,Tuesday,One Town,South Indian
Other,45-54,Single,Middle,Late Night,Monday,Patamata,Continental
Male,55-64,Widowed,Middle,Lunch,Saturday,Poranki,Bakery
Male,25-34,Married,Middle,Snack,Friday,Governorpet,Street Food
Male,25-34,Divorced,Low,Dinner,Monday,Benz Circle,Fast Food
Other,25-34,Married,Middle,Dinner,Friday,MG Road,Chinese
Male,25-34,Single,Middle,Snack,Monday,MG Road,Chinese
Female,18-24,Widowed,Middle,Late Night,Tuesday,Benz Circle,Fast Food
Female,45-54,Divorced,Upper-Middle,Dinner,Sunday,Gunadala,South Indian
Other,45-54,Married,Low,Late Night,Saturday,Governorpet,South Indian
Other,45-54,Widowed,Middle,Snack,Tuesday,Poranki,Street Food
Other,35-44,Widowed,Middle,Snack,Wednesday,Bhavanipuram,Chinese
Other,35-44,Single,Upper-Middle,Late Night,Tuesday,Patamata,Fast Food
Other,45-54,Married,Low,Snack,Thursday,Ramachandra Nagar,North Indian
Other,25-34,Divorced,Middle,Lunch,Thursday,Ramachandra Nagar,North Indian
Female,45-54,Widowed,Upper-Middle,Late Night,Friday,Auto Nagar,Biryani
Other,35-44,Divorced,Upper-Middle,Snack,Friday,Gunadala,South Indian
Male,55-64,Widowed,Upper-Middle,Dinner,Tuesday,Gunadala,South Indian
Female,18-24,Single,High,Late Night,Thursday,Ramachandra Nagar,North Indian
Female,18-24,Single,Upper-Middle,Dinner,Friday,Governorpet,Biryani
Female,35-44,Divorced,Upper-Middle,Dinner,Thursday,Auto Nagar,Biryani
Male,45-54,Single,Upper-Middle,Dinner,Thursday,Governorpet,South Indian
Female,18-24,Widowed,Upper-Middle,Snack,Wednesday,Ramachandra Nagar,Street Food
Male,55-64,Widowed,Low,Snack,Wednesday,Patamata,Continental
Other,45-54,Divorced,High,Dinner,Monday,One Town,Street Food
Female,18-24,Widowed,Upper-Middle,Lunch,Sunday,Auto Nagar,Biryani
Other,45-54,Single,Upper-Middle,Late Night,Sunday,Ramachandra Nagar,Fast Food
Male,45-54,Married,Middle,Late Night,Monday,Ramachandra Nagar,Fast Food
Male,25-34,Married,High,Snack,Saturday,Governorpet,Biryani
Female,25-34,Divorced,Low,Snack,Sunday,Benz Circle,Street Food
Female,25-34,Divorced,Middle,Dinner,Wednesday,Governorpet,Fast Food
Other,35-44,Married,Low,Breakfast,Tuesday,Benz Circle,Fast Food
Other,35-44,Single,Middle,Lunch,Thursday,Gunadala,Biryani
Female,45-54,Single,Low,Breakfast,Sunday,Auto Nagar,Biryani
Female,45-54,Divorced,Low,Dinner,Friday,Bhavanipuram,Biryani
Male,45-54,Widowed,Middle,Late Night,Monday,Ramachandra Nagar,North Indian
Other,18-24,Widowed,Low,Dinner,Saturday,Poranki,Bakery
Other,25-34,Married,High,Lunch,Monday,Ramachandra Nagar,North Indian
Female,55-64,Divorced,Middle,Lunch,Sunday,MG Road,Chinese
Other,18-24,Divorced,Low,Lunch,Sunday,MG Road,Chinese
Female,25-34,Divorced,Low,Dinner,Thursday,Ramachandra Nagar,North Indian
Other,25-34,Married,Upper-Middle,Lunch,Saturday,Gunadala,South Indian
Female,25-34,Married,High,Dinner,Friday,Benz Circle,Fast Food
Other,55-64,Single,Low,Breakfast,Monday,Governorpet,South Indian
Male,18-24,Widowed,Middle,Breakfast,Saturday,Gunadala,South Indian
Female,45-54,Divorced,Low,Late Night,Friday,MG Road,Fast Food
Male,55-64,Single,High,Snack,Sunday,Governorpet,South Indian
Other,45-54,Widowed,Middle,Lunch,Sunday,Ramachandra Nagar,Biryani
Male,18-24,Divorced,Middle,Breakfast,Friday,Auto Nagar,Biryani
Other,25-34,Divorced,Middle,Late Night,Wednesday,Gunadala,Fast Food
Male,55-64,Divorced,Low,Lunch,Monday,Governorpet,South Indian
Male,45-54,Divorced,Upper-Middle,Dinner,Friday,Ramachandra Nagar,North Indian
Other,55-64,Divorced,High,Snack,Friday,Governorpet,Chinese
Other,25-34,Married,Low,Lunch,Wednesday,Governorpet,South Indian
Female,25-34,Single,Upper-Middle,Snack,Sunday,Patamata,Continental
Other,45-54,Single,High,Late Night,Saturday,Bhavanipuram,Biryani
Female,45-54,Divorced,High,Snack,Saturday,Bhavanipuram,Street Food
Other,35-44,Divorced,High,Breakfast,Saturday,Bhavanipuram,Biryani
Other,18-24,Married,High,Lunch,Saturday,Auto Nagar,Biryani
Male,55-64,Single,Middle,Dinner,Monday,Ramachandra Nagar,North Indian
Other,25-34,Single,Middle,Dinner,Wednesday,Bhavanipuram,Biryani
Female,25-34,Widowed,High,Late Night,Wednesday,MG Road,Chinese
Male,25-34,Divorced,High,Breakfast,Tuesday,MG Road,South Indian
Other,18-24,Single,Low,Snack,Saturday,MG Road,Chinese
Other,18-24,Divorced,High,Lunch,Monday,Auto Nagar,Biryani
Other,35-44,Divorced,High,Lunch,Tuesday,Ramachandra Nagar,North Indian
Male,45-54,Single,Middle,Dinner,Monday,Bhavanipuram,Biryani
Other,25-34,Single,Low,Snack,Sunday,Patamata,Continental
Male,25-34,Single,Low,Lunch,Thursday,One Town,Street Food
Other,25-34,Married,Middle,Snack,Monday,MG Road,Chinese
Other,35-44,Divorced,High,Lunch,Sunday,Gunadala,South Indian
Other,35-44,Widowed,Low,Snack,Wednesday,Poranki,Bakery
Female,45-54,Single,Low,Dinner,Saturday,Patamata,Continental
Female,45-54,Divorced,High,Snack,Sunday,One Town,Street Food
Female,55-64,Widowed,Low,Breakfast,Saturday,Governorpet,South Indian
Male,35-44,Widowed,High,Late Night,Tuesday,Patamata,Continental
Female,35-44,Divorced,High,Dinner,Wednesday,Ramachandra Nagar,Chinese
Female,45-54,Single,Low,Lunch,Thursday,Bhavanipuram,Biryani
Female,55-64,Married,Middle,Dinner,Wednesday,Gunadala,South Indian
Other,25-34,Widowed,Middle,Snack,Friday,Governorpet,Street Food
Male,35-44,Divorced,Upper-Middle,Lunch,Friday,Poranki,Bakery
Female,35-44,Married,Low,Dinner,Sunday,Patamata,Biryani
Male,18-24,Divorced,Upper-Middle,Late Night,Monday,Auto Nagar,Fast Food
Other,55-64,Married,High,Late Night,Monday,Gunadala,South Indian
Male,18-24,Divorced,Middle,Lunch,Friday,Auto Nagar,Biryani
Other,25-34,Single,Middle,Breakfast,Monday,Bhavanipuram,Biryani
Female,55-64,Single,Upper-Middle,Breakfast,Friday,Benz Circle,Fast Food
Other,45-54,Single,Upper-Middle,Snack,Sunday,Auto Nagar,Street Food
Female,45-54,Married,Low,Breakfast,Thursday,MG Road,Chinese
Male,18-24,Single,Upper-Middle,Dinner,Friday,MG Road,Chinese
Other,35-44,Married,Upper-Middle,Breakfast,Wednesday,One Town,Street Food
Female,18-24,Divorced,Low,Lunch,Tuesday,Gunadala,Biryani
Male,25-34,Married,Low,Snack,Monday,Benz Circle,Street Food
Female,25-34,Divorced,High,Late Night,Sunday,Governorpet,North Indian
Other,25-34,Widowed,Middle,Lunch,Monday,Poranki,Bakery
Female,25-34,Single,Upper-Middle,Lunch,Monday,Benz Circle,Fast Food
Male,25-34,Single,Upper-Middle,Dinner,Monday,MG Road,Chinese
Other,18-24,Widowed,Middle,Dinner,Thursday,Governorpet,South Indian
Male,55-64,Married,Low,Breakfast,Thursday,Auto Nagar,Biryani
Other,18-24,Divorced,Upper-Middle,Lunch,Friday,Auto Nagar,Chinese
Female,45-54,Widowed,High,Dinner,Saturday,One Town,Biryani
Male,55-64,Married,Low,Lunch,Friday,Auto Nagar,North Indian
Male,35-44,Married,Low,Breakfast,Saturday,Bhavanipuram,North Indian
Other,45-54,Married,Middle,Lunch,Friday,Poranki,Bakery
Female,25-34,Married,High,Snack,Friday,Bhavanipuram,Biryani
Other,18-24,Widowed,High,Late Night,Saturday,Auto Nagar,Biryani
Other,18-24,Widowed,Middle,Dinner,Wednesday,Governorpet,South Indian
Female,35-44,Widowed,High,Late Night,Wednesday,One Town,Fast Food
Other,45-54,Married,Low,Breakfast,Tuesday,Ramachandra Nagar,North Indian
Female,25-34,Divorced,Upper-Middle,Breakfast,Monday,Benz Circle,South Indian
Male,45-54,Divorced,Middle,Dinner,Thursday,Patamata,Chinese
Other,25-34,Widowed,Middle,Late Night,Tuesday,Patamata,Continental
Male,18-24,Divorced,Upper-Middle,Lunch,Friday,Patamata,Continental
Female,18-24,Widowed,High,Breakfast,Monday,Governorpet,South Indian
Female,18-24,Married,High,Dinner,Monday,Governorpet,Continental
Male,45-54,Married,High,Late Night,Friday,Benz Circle,Fast Food
Female,55-64,Single,Middle,Snack,Friday,Governorpet,South Indian
Other,35-44,Single,Low,Snack,Monday,Patamata,Continental
Other,35-44,Single,Upper-Middle,Breakfast,Tuesday,MG Road,Chinese
Female,35-44,Divorced,Upper-Middle,Dinner,Saturday,Patamata,Biryani
Other,18-24,Divorced,Upper-Middle,Dinner,Wednesday,Auto Nagar,Biryani
Other,35-44,Single,High,Lunch,Monday,Auto Nagar,Biryani
Other,25-34,Widowed,Middle,Dinner,Saturday,Benz Circle,Biryani
Female,55-64,Widowed,Low,Snack,Monday,Benz Circle,Fast Food
Male,18-24,Married,High,Breakfast,Wednesday,MG Road,Chinese
Female,55-64,Single,High,Lunch,Tuesday,Patamata,Continental
Other,25-34,Married,Low,Dinner,Monday,Ramachandra Nagar,North Indian
Female,18-24,Single,Low,Dinner,Saturday,Ramachandra Nagar,North Indian
Female,35-44,Single,High,Snack,Monday,MG Road,Chinese
Other,18-24,Married,Upper-Middle,Dinner,Monday,One Town,Street Food
Other,35-44,Married,Middle,Late Night,Wednesday,One Town,Street Food
Female,25-34,Divorced,Upper-Middle,Snack,Friday,Ramachandra Nagar,North Indian
Other,18-24,Divorced,High,Dinner,Thursday,Auto Nagar,Biryani
Male,55-64,Widowed,Low,Late Night,Monday,Ramachandra Nagar,Fast Food
Male,55-64,Married,Upper-Middle,Snack,Tuesday,Bhavanipuram,Street Food
Other,25-34,Single,Middle,Lunch,Sunday,Ramachandra Nagar,North Indian
Other,55-64,Single,Upper-Middle,Lunch,Tuesday,Bhavanipuram,North Indian
Female,18-24,Widowed,Upper-Middle,Lunch,Monday,One Town,Street Food
Other,45-54,Widowed,Upper-Middle,Lunch,Sunday,Patamata,Continental
Female,35-44,Single,Upper-Middle,Breakfast,Thursday,Gunadala,South Indian
Male,45-54,Single,High,Lunch,Wednesday,Poranki,Bakery
Male,35-44,Single,Low,Dinner,Sunday,Bhavanipuram,Biryani
Female,18-24,Single,High,Dinner,Wednesday,One Town,Street Food
Male,25-34,Widowed,High,Breakfast,Saturday,Ramachandra Nagar,North Indian
Female,25-34,Widowed,Low,Lunch,Thursday,Poranki,Bakery
Male,45-54,Single,High,Dinner,Tuesday,Governorpet,Chinese
Female,55-64,Divorced,Upper-Middle,Breakfast,Tuesday,Gunadala,South Indian
Female,45-54,Married,Low,Dinner,Monday,Benz Circle,Fast Food
Female,45-54,Divorced,Low,Dinner,Sunday,Bhavanipuram,Biryani
Other,25-34,Married,Low,Snack,Friday,Auto Nagar,Continental
Female,35-44,Divorced,High,Lunch,Sunday,Gunadala,Biryani
Male,18-24,Married,Low,Breakfast,Sunday,Bhavanipuram,Biryani
Other,25-34,Single,Middle,Late Night,Thursday,Benz Circle,Fast Food
Other,35-44,Widowed,Low,Snack,Friday,MG Road,Chinese
Other,25-34,Widowed,Upper-Middle,Snack,Thursday,Auto Nagar,Biryani
Other,45-54,Married,Upper-Middle,Snack,Sunday,One Town,South Indian
Female,35-44,Single,Upper-Middle,Dinner,Sunday,Benz Circle,Fast Food
Female,55-64,Single,Middle,Snack,Wednesday,Benz Circle,Fast Food
Male,35-44,Divorced,Low,Lunch,Tuesday,Bhavanipuram,Biryani
Female,55-64,Single,Middle,Lunch,Tuesday,Bhavanipuram,Biryani
Other,35-44,Divorced,Upper-Middle,Dinner,Friday,Poranki,Bakery
Female,55-64,Divorced,Middle,Late Night,Sunday,Auto Nagar,Biryani
Female,25-34,Divorced,Middle,Lunch,Tuesday,Auto Nagar,South Indian
Other,45-54,Single,Low,Late Night,Thursday,Ramachandra Nagar,North Indian
Other,35-44,Widowed,Upper-Middle,Breakfast,Saturday,Gunadala,South Indian
Other,45-54,Married,Low,Breakfast,Monday,Ramachandra Nagar,South Indian
Male,45-54,Widowed,Low,Breakfast,Friday,One Town,South Indian
Other,55-64,Single,Low,Late Night,Saturday,Benz Circle,Fast Food
Other,18-24,Single,Low,Dinner,Wednesday,Gunadala,Biryani
Female,55-64,Divorced,Low,Dinner,Tuesday,Patamata,Continental
Other,25-34,Divorced,Low,Dinner,Tuesday,One Town,Street Food
Other,55-64,Single,Upper-Middle,Snack,Saturday,Gunadala,Street Food
Female,55-64,Single,Upper-Middle,Late Night,Sunday,Ramachandra Nagar,North Indian
Other,55-64,Single,Low,Breakfast,Sunday,One Town,Street Food
Other,35-44,Widowed,Low,Late Night,Saturday,Benz Circle,Fast Food
Other,35-44,Single,High,Dinner,Monday,Benz Circle,Fast Food
Male,25-34,Single,Upper-Middle,Snack,Monday,Auto Nagar,Street Food
Other,18-24,Married,High,Late Night,Sunday,Gunadala,South Indian
Male,45-54,Married,High,Late Night,Saturday,Auto Nagar,Biryani
Other,45-54,Single,Low,Breakfast,Monday,MG Road,Chinese
Other,55-64,Widowed,Low,Late Night,Sunday,Patamata,Fast Food
Male,45-54,Married,Upper-Middle,Lunch,Monday,Poranki,Bakery
Other,18-24,Married,High,Lunch,Saturday,Benz Circle,Fast Food
Female,25-34,Single,Low,Late Night,Monday,Patamata,Continental
Other,35-44,Single,Upper-Middle,Snack,Friday,Auto Nagar,Biryani
Male,25-34,Divorced,Upper-Middle,Late Night,Thursday,Gunadala,South Indian
Female,55-64,Married,Low,Late Night,Thursday,Poranki,Bakery
Male,25-34,Divorced,High,Lunch,Monday,MG Road,Chinese
Other,35-44,Married,Low,Dinner,Tuesday,Auto Nagar,Biryani
Male,25-34,Divorced,Upper-Middle,Snack,Thursday,Gunadala,Street Food
Other,25-34,Divorced,Upper-Middle,Breakfast,Wednesday,MG Road,Chinese
Female,25-34,Divorced,Middle,Snack,Sunday,Patamata,Continental
Male,18-24,Single,Upper-Middle,Late Night,Sunday,Bhavanipuram,Biryani
Other,45-54,Single,Middle,Lunch,Friday,Auto Nagar,Biryani
Male,18-24,Single,Low,Lunch,Thursday,Governorpet,South Indian
Other,18-24,Divorced,Upper-Middle,Lunch,Thursday,Gunadala,South Indian
Male,45-54,Single,Middle,Breakfast,Wednesday,Poranki,Bakery
Other,45-54,Divorced,Upper-Middle,Dinner,Tuesday,Auto Nagar,Biryani
Female,18-24,Single,Upper-Middle,Snack,Saturday,Governorpet,South Indian
Other,55-64,Single,Low,Snack,Monday,Bhavanipuram,Biryani
Other,25-34,Divorced,Upper-Middle,Lunch,Tuesday,Governorpet,Fast Food
Male,45-54,Widowed,Upper-Middle,Lunch,Saturday,MG Road,Fast Food
Other,35-44,Single,High,Dinner,Wednesday,Patamata,Continental
Other,35-44,Married,Middle,Dinner,Sunday,MG Road,Biryani
Male,35-44,Widowed,High,Snack,Wednesday,One Town,Street Food
Female,18-24,Married,Low,Lunch,Friday,Patamata,Continental
Other,18-24,Married,Upper-Middle,Breakfast,Sunday,MG Road,Chinese
Other,55-64,Widowed,Low,Lunch,Saturday,Ramachandra Nagar,Biryani
Female,35-44,Married,Middle,Late Night,Monday,Patamata,Fast Food
Other,25-34,Married,High,Dinner,Sunday,Poranki,Bakery
Female,55-64,Widowed,Middle,Snack,Thursday,One Town,Street Food
Female,45-54,Married,High,Lunch,Saturday,Gunadala,South Indian
Other,55-64,Widowed,Low,Breakfast,Monday,One Town,Street Food
Male,25-34,Married,Middle,Snack,Friday,MG Road,Chinese
Other,18-24,Married,Middle,Lunch,Monday,Gunadala,Street Food
Male,18-24,Divorced,High,Late Night,Monday,Benz Circle,Bakery
Other,35-44,Married,Low,Dinner,Wednesday,MG Road,Chinese
Female,25-34,Divorced,High,Lunch,Thursday,Bhavanipuram,Biryani
Female,35-44,Married,Upper-Middle,Late Night,Sunday,Poranki,Bakery
Male,18-24,Married,Middle,Breakfast,Friday,Auto Nagar,Biryani
Female,55-64,Divorced,High,Dinner,Sunday,Governorpet,South Indian
Male,18-24,Single,Low,Lunch,Saturday,Governorpet,Bakery
Male,25-34,Divorced,Low,Late Night,Saturday,Governorpet,South Indian
Male,18-24,Divorced,Middle,Breakfast,Wednesday,Poranki,Bakery
Female,18-24,Divorced,Low,Breakfast,Thursday,Benz Circle,Fast Food
Other,25-34,Married,High,Breakfast,Sunday,Gunadala,South Indian
Female,35-44,Married,Middle,Snack,Saturday,Gunadala,South Indian
Other,55-64,Married,High,Breakfast,Sunday,Governorpet,South Indian
Other,55-64,Single,Low,Breakfast,Friday,Auto Nagar,Biryani
Male,55-64,Married,Low,Breakfast,Wednesday,Governorpet,South Indian
Female,45-54,Divorced,Low,Snack,Saturday,Governorpet,Street Food
Other,55-64,Widowed,Low,Breakfast,Saturday,MG Road,South Indian
Other,55-64,Married,Low,Breakfast,Wednesday,Benz Circle,South Indian
Male,55-64,Single,Middle,Lunch,Wednesday,Patamata,Continental
Female,35-44,Married,High,Lunch,Saturday,MG Road,Chinese
Other,45-54,Divorced,Upper-Middle,Breakfast,Wednesday,One Town,Street Food
Other,45-54,Widowed,Middle,Breakfast,Friday,Bhavanipuram,South Indian
Female,45-54,Widowed,Middle,Late Night,Friday,Patamata,Fast Food
Female,55-64,Single,Upper-Middle,Late Night,Tuesday,Governorpet,South Indian
Male,55-64,Widowed,Middle,Snack,Friday,Poranki,Bakery
Other,45-54,Single,High,Lunch,Friday,Patamata,Continental
Female,55-64,Married,High,Lunch,Sunday,Ramachandra Nagar,North Indian
Other,18-24,Widowed,High,Lunch,Thursday,Poranki,Bakery
Other,18-24,Single,Low,Dinner,Saturday,One Town,Street Food
Male,18-24,Divorced,Low,Snack,Monday,Bhavanipuram,Biryani
Male,55-64,Divorced,Low,Snack,Saturday,One Town,Street Food
Male,18-24,Married,Middle,Breakfast,Thursday,Patamata,South Indian
Male,35-44,Married,Low,Late Night,Tuesday,Benz Circle,Fast Food
Other,55-64,Single,Low,Late Night,Sunday,One Town,Fast Food
Male,25-34,Single,Low,Snack,Tuesday,Ramachandra Nagar,North Indian
Other,55-64,Married,Middle,Lunch,Thursday,Ramachandra Nagar,North Indian
Female,18-24,Single,High,Late Night,Wednesday,Governorpet,South Indian
Other,25-34,Divorced,High,Snack,Thursday,Poranki,Biryani
Female,18-24,Divorced,Low,Breakfast,Sunday,Governorpet,South Indian
Male,35-44,Single,Upper-Middle,Snack,Tuesday,Gunadala,Continental
Male,55-64,Widowed,High,Breakfast,Tuesday,Bhavanipuram,Biryani
Male,35-44,Married,Upper-Middle,Late Night,Sunday,Poranki,Bakery
Male,35-44,Married,Low,Snack,Sunday,Poranki,Street Food
Male,35-44,Widowed,Upper-Middle,Breakfast,Friday,Patamata,Continental
Female,45-54,Married,Upper-Middle,Breakfast,Tuesday,Ramachandra Nagar,South Indian
Other,25-34,Divorced,Low,Late Night,Thursday,Gunadala,South Indian
Female,45-54,Single,Middle,Breakfast,Saturday,Auto Nagar,Biryani
Other,25-34,Widowed,High,Snack,Tuesday,Governorpet,Street Food
Male,25-34,Married,Upper-Middle,Late Night,Saturday,Patamata,Fast Food
Male,55-64,Single,High,Breakfast,Tuesday,Patamata,Fast Food
Female,55-64,Widowed,Low,Breakfast,Monday,Ramachandra Nagar,South Indian
Other,18-24,Divorced,Middle,Dinner,Wednesday,Auto Nagar,Fast Food
Male,18-24,Single,Middle,Dinner,Saturday,Patamata,Continental
Male,25-34,Widowed,Upper-Middle,Late Night,Sunday,Poranki,Fast Food
Male,18-24,Single,Low,Breakfast,Wednesday,MG Road,Chinese
Other,18-24,Divorced,Upper-Middle,Dinner,Saturday,Ramachandra Nagar,North Indian
Other,55-64,Single,Middle,Dinner,Monday,Poranki,Bakery
Male,55-64,Widowed,Upper-Middle,Late Night,Sunday,Ramachandra Nagar,Fast Food
Male,55-64,Divorced,Low,Breakfast,Monday,One Town,Street Food
Male,45-54,Divorced,Low,Dinner,Tuesday,Ramachandra Nagar,North Indian
Female,55-64,Married,Middle,Snack,Wednesday,Ramachandra Nagar,North Indian
Male,18-24,Single,Low,Dinner,Sunday,Gunadala,South Indian
Other,25-34,Single,Middle,Dinner,Friday,Poranki,Bakery
Female,55-64,Married,Low,Breakfast,Wednesday,Patamata,Continental
Other,25-34,Married,Low,Dinner,Saturday,Poranki,Biryani
Male,35-44,Married,High,Breakfast,Saturday,Patamata,Continental
Female,35-44,Widowed,Middle,Snack,Monday,Benz Circle,North Indian
Female,55-64,Married,Middle,Late Night,Thursday,Poranki,Bakery
Female,25-34,Single,Middle,Dinner,Friday,Patamata,Continental
Other,25-34,Widowed,Upper-Middle,Breakfast,Tuesday,Bhavanipuram,Biryani
Female,18-24,Widowed,Middle,Breakfast,Monday,Governorpet,South Indian
Male,45-54,Single,Middle,Breakfast,Monday,Gunadala,South Indian
Male,35-44,Married,Middle,Breakfast,Thursday,Ramachandra Nagar,North Indian
Male,45-54,Married,Middle,Snack,Saturday,Gunadala,South Indian
Female,45-54,Divorced,Low,Lunch,Saturday,Bhavanipuram,Biryani
Male,25-34,Divorced,Low,Dinner,Thursday,One Town,Biryani
Female,18-24,Divorced,High,Dinner,Sunday,Bhavanipuram,Biryani
Female,45-54,Divorced,Low,Dinner,Saturday,Auto Nagar,Biryani
Male,18-24,Married,Upper-Middle,Lunch,Tuesday,MG Road,Biryani
Other,18-24,Married,Middle,Snack,Sunday,One Town,Street Food
Male,45-54,Single,Low,Lunch,Saturday,Ramachandra Nagar,Biryani
Other,35-44,Single,Middle,Late Night,Saturday,Auto Nagar,North Indian
Male,25-34,Widowed,High,Late Night,Sunday,Poranki,Bakery
Other,35-44,Single,Upper-Middle,Dinner,Thursday,One Town,Biryani
Other,25-34,Divorced,Upper-Middle,Late Night,Friday,Gunadala,Fast Food
Other,35-44,Married,High,Lunch,Thursday,One Town,Street Food
Other,55-64,Divorced,Upper-Middle,Snack,Friday,Ramachandra Nagar,North Indian
Male,55-64,Widowed,Middle,Lunch,Thursday,Auto Nagar,Biryani
Male,45-54,Widowed,High,Snack,Thursday,Auto Nagar,Street Food
Female,45-54,Married,Upper-Middle,Dinner,Friday,Ramachandra Nagar,North Indian
Female,35-44,Married,Upper-Middle,Snack,Wednesday,Ramachandra Nagar,North Indian
Male,35-44,Married,High,Breakfast,Sunday,Ramachandra Nagar,Continental
Female,45-54,Divorced,Upper-Middle,Breakfast,Saturday,Auto Nagar,Biryani
Female,18-24,Single,Low,Dinner,Saturday,Gunadala,South Indian
Female,55-64,Divorced,Low,Breakfast,Sunday,Gunadala,South Indian
Other,55-64,Divorced,Upper-Middle,Breakfast,Sunday,MG Road,Chinese
Other,45-54,Single,Upper-Middle,Late Night,Monday,Auto Nagar,Chinese
Female,55-64,Widowed,Low,Late Night,Saturday,Governorpet,South Indian
Female,18-24,Married,High,Late Night,Friday,Ramachandra Nagar,North Indian
Other,45-54,Single,Low,Late Night,Tuesday,Benz Circle,Bakery
Female,18-24,Married,Upper-Middle,Lunch,Wednesday,Poranki,Biryani
Male,55-64,Married,Middle,Late Night,Thursday,One Town,Street Food
Male,55-64,Married,Low,Dinner,Sunday,Governorpet,Biryani
Other,45-54,Widowed,Middle,Dinner,Friday,Gunadala,Bakery
Male,55-64,Single,Low,Late Night,Monday,Benz Circle,Continental
Male,18-24,Single,High,Dinner,Wednesday,Auto Nagar,Biryani
Male,25-34,Single,Low,Lunch,Friday,MG Road,Biryani
Female,25-34,Widowed,Low,Lunch,Tuesday,Auto Nagar,Biryani
Female,25-34,Single,Low,Snack,Monday,Patamata,Continental
Female,18-24,Married,High,Breakfast,Sunday,Poranki,Bakery
Female,18-24,Widowed,Middle,Snack,Wednesday,Gunadala,South Indian
Female,35-44,Widowed,Upper-Middle,Late Night,Monday,Poranki,Bakery
Female,45-54,Married,Middle,Lunch,Sunday,Bhavanipuram,Biryani
Other,55-64,Single,Upper-Middle,Late Night,Tuesday,Auto Nagar,Biryani
Female,55-64,Married,Upper-Middle,Late Night,Tuesday,One Town,Fast Food
Female,25-34,Divorced,High,Snack,Saturday,Auto Nagar,Biryani
Male,18-24,Divorced,Middle,Lunch,Thursday,Poranki,Bakery
Other,55-64,Divorced,Low,Breakfast,Friday,One Town,South Indian
Other,45-54,Single,Low,Lunch,Tuesday,Benz Circle,Fast Food
Female,18-24,Married,Low,Lunch,Sunday,One Town,Street Food
Other,45-54,Single,Low,Breakfast,Friday,Auto Nagar,Biryani
Other,55-64,Divorced,Middle,Dinner,Monday,One Town,Street Food
Female,25-34,Single,High,Breakfast,Wednesday,Patamata,Chinese
Male,35-44,Widowed,Low,Dinner,Saturday,Ramachandra Nagar,North Indian
Female,25-34,Widowed,Low,Snack,Friday,Poranki,Street Food
Male,45-54,Married,High,Late Night,Wednesday,Patamata,Continental
Other,45-54,Single,Upper-Middle,Dinner,Monday,Ramachandra Nagar,North Indian
Female,18-24,Married,Upper-Middle,Dinner,Saturday,Patamata,Biryani
Male,55-64,Divorced,High,Snack,Tuesday,Bhavanipuram,Street Food
Male,45-54,Widowed,Low,Snack,Sunday,Bhavanipuram,Biryani
Other,25-34,Married,Middle,Breakfast,Friday,Patamata,South Indian
Female,35-44,Divorced,High,Lunch,Saturday,Governorpet,South Indian
Male,55-64,Widowed,Middle,Late Night,Friday,Poranki,Bakery
Other,45-54,Widowed,Middle,Breakfast,Thursday,Bhavanipuram,South Indian
Male,45-54,Single,Low,Dinner,Monday,Auto Nagar,Biryani
Male,18-24,Divorced,High,Breakfast,Thursday,Bhavanipuram,South Indian
Female,18-24,Married,Upper-Middle,Dinner,Sunday,One Town,South Indian
Other,55-64,Single,Upper-Middle,Late Night,Friday,Gunadala,South Indian
Other,45-54,Divorced,High,Late Night,Wednesday,Benz Circle,Fast Food
Other,35-44,Married,Upper-Middle,Breakfast,Friday,Poranki,Bakery
Female,55-64,Divorced,Middle,Breakfast,Thursday,Ramachandra Nagar,North Indian
Other,55-64,Single,Middle,Snack,Wednesday,Ramachandra Nagar,Street Food
Female,55-64,Single,Middle,Late Night,Monday,MG Road,Chinese
Other,18-24,Widowed,Low,Lunch,Thursday,Benz Circle,Fast Food
Female,45-54,Divorced,Middle,Snack,Thursday,One Town,Street Food
Other,55-64,Single,Upper-Middle,Late Night,Tuesday,Benz Circle,Fast Food
Other,35-44,Widowed,High,Snack,Thursday,Governorpet,South Indian
Other,45-54,Single,Upper-Middle,Dinner,Sunday,One Town,Biryani
Female,55-64,Divorced,Low,Breakfast,Tuesday,Auto Nagar,Biryani
Female,35-44,Widowed,Low,Breakfast,Saturday,Poranki,Bakery
Male,25-34,Single,Upper-Middle,Dinner,Sunday,Patamata,Continental
Male,18-24,Widowed,Middle,Late Night,Friday,Ramachandra Nagar,North Indian
Female,25-34,Widowed,High,Late Night,Thursday,Patamata,Continental
Female,35-44,Widowed,Upper-Middle,Dinner,Monday,Poranki,Biryani
Male,55-64,Divorced,Low,Lunch,Saturday,One Town,Biryani
Other,35-44,Single,Upper-Middle,Breakfast,Friday,Governorpet,Biryani
Male,45-54,Single,Middle,Dinner,Thursday,Patamata,Continental
Female,25-34,Single,Middle,Snack,Tuesday,Patamata,Street Food
Male,45-54,Divorced,Upper-Middle,Breakfast,Monday,Bhavanipuram,Biryani
Other,18-24,Divorced,Upper-Middle,Dinner,Wednesday,Benz Circle,Fast Food
Other,25-34,Widowed,Low,Dinner,Tuesday,Auto Nagar,Biryani
Other,35-44,Married,High,Snack,Thursday,Patamata,Continental
Male,45-54,Widowed,Low,Snack,Tuesday,Patamata,Continental
Other,25-34,Married,Upper-Middle,Dinner,Friday,Ramachandra Nagar,Biryani
Female,45-54,Single,Middle,Lunch,Saturday,Ramachandra Nagar,North Indian
Female,45-54,Married,Low,Dinner,Wednesday,Benz Circle,Continental
Male,55-64,Divorced,High,Late Night,Wednesday,Ramachandra Nagar,North Indian
Male,35-44,Widowed,Upper-Middle,Dinner,Sunday,Gunadala,South Indian
Female,35-44,Divorced,Low,Lunch,Monday,MG Road,Chinese
Male,35-44,Married,Low,Breakfast,Sunday,One Town,South Indian
Female,35-44,Divorced,Middle,Snack,Sunday,One Town,Street Food
Female,55-64,Divorced,Upper-Middle,Lunch,Tuesday,Poranki,Street Food
Female,45-54,Married,Upper-Middle,Breakfast,Monday,Gunadala,South Indian
Female,45-54,Divorced,Upper-Middle,Breakfast,Monday,MG Road,Chinese
Other,25-34,Single,Middle,Snack,Monday,MG Road,Chinese
Male,25-34,Single,Low,Dinner,Monday,Patamata,Continental
Female,35-44,Divorced,Middle,Lunch,Saturday,Patamata,North Indian
Female,25-34,Widowed,Upper-Middle,Breakfast,Sunday,MG Road,South Indian
Female,35-44,Divorced,Low,Lunch,Monday,Gunadala,South Indian
Female,45-54,Widowed,Upper-Middle,Breakfast,Thursday,Governorpet,South Indian
Other,25-34,Married,High,Lunch,Friday,MG Road,Chinese
Female,35-44,Married,Middle,Late Night,Wednesday,Governorpet,Fast Food
Male,45-54,Married,Upper-Middle,Lunch,Sunday,Ramachandra Nagar,Biryani
Female,55-64,Widowed,Middle,Lunch,Monday,Auto Nagar,Chinese
Other,55-64,Married,High,Late Night,Friday,One Town,Street Food
Female,45-54,Married,High,Breakfast,Friday,Benz Circle,Fast Food
Male,35-44,Married,Upper-Middle,Snack,Wednesday,Benz Circle,Street Food
Other,18-24,Widowed,Middle,Breakfast,Sunday,Ramachandra Nagar,South Indian
Other,18-24,Married,Upper-Middle,Breakfast,Wednesday,Poranki,South Indian
Male,45-54,Widowed,High,Lunch,Tuesday,Auto Nagar,Biryani
Female,55-64,Widowed,High,Lunch,Saturday,Auto Nagar,Biryani
Female,55-64,Widowed,Middle,Dinner,Tuesday,Governorpet,Biryani
Male,55-64,Married,Middle,Dinner,Sunday,Governorpet,South Indian
Male,25-34,Single,Upper-Middle,Late Night,Sunday,MG Road,Chinese
Female,25-34,Widowed,Middle,Late Night,Friday,Gunadala,Fast Food
Other,55-64,Single,Middle,Dinner,Monday,MG Road,Chinese
Female,35-44,Widowed,High,Dinner,Saturday,MG Road,Chinese
Female,35-44,Married,Middle,Breakfast,Monday,MG Road,Chinese
Male,18-24,Widowed,Middle,Dinner,Saturday,Benz Circle,Fast Food
Female,18-24,Widowed,Middle,Snack,Wednesday,One Town,Street Food
Female,18-24,Widowed,High,Snack,Wednesday,Patamata,Bakery
Male,35-44,Single,Middle,Breakfast,Friday,Bhavanipuram,Biryani
Female,25-34,Widowed,Upper-Middle,Dinner,Friday,Bhavanipuram,Biryani
Other,25-34,Widowed,Upper-Middle,Snack,Saturday,One Town,Bakery
Male,35-44,Widowed,Upper-Middle,Breakfast,Friday,Auto Nagar,Biryani
Female,55-64,Single,Upper-Middle,Breakfast,Wednesday,Governorpet,South Indian
Male,25-34,Widowed,Upper-Middle,Breakfast,Wednesday,Auto Nagar,South Indian
Male,45-54,Divorced,Upper-Middle,Breakfast,Saturday,Governorpet,South Indian
Female,35-44,Married,Middle,Lunch,Sunday,Benz Circle,Fast Food
Other,35-44,Widowed,Middle,Lunch,Thursday,Patamata,Continental
Male,45-54,Married,Upper-Middle,Lunch,Saturday,Bhavanipuram,Biryani
Female,45-54,Divorced,Upper-Middle,Snack,Friday,Gunadala,Street Food
Other,35-44,Divorced,High,Snack,Wednesday,MG Road,Chinese
Other,45-54,Single,Low,Lunch,Saturday,Auto Nagar,Biryani
Other,25-34,Widowed,Upper-Middle,Late Night,Wednesday,Auto Nagar,Fast Food
Male,18-24,Married,Middle,Snack,Monday,One Town,Continental
Female,45-54,Single,High,Dinner,Sunday,Ramachandra Nagar,North Indian
Other,25-34,Divorced,High,Late Night,Thursday,Bhavanipuram,Fast Food
Male,35-44,Single,Low,Snack,Tuesday,Gunadala,South Indian
Male,55-64,Married,Middle,Snack,Tuesday,One Town,Street Food
Male,35-44,Single,Upper-Middle,Snack,Tuesday,Patamata,Continental
Female,18-24,Married,Low,Dinner,Thursday,Auto Nagar,Biryani
Female,35-44,Widowed,Middle,Late Night,Friday,Auto Nagar,Biryani
Female,45-54,Divorced,High,Late Night,Friday,Auto Nagar,Biryani
Other,35-44,Divorced,High,Snack,Sunday,Poranki,Bakery
Female,35-44,Divorced,High,Snack,Sunday,Ramachandra Nagar,North Indian
Other,35-44,Married,High,Breakfast,Sunday,Bhavanipuram,South Indian
Male,45-54,Widowed,High,Snack,Friday,Auto Nagar,Biryani
Male,55-64,Married,Upper-Middle,Lunch,Tuesday,Benz Circle,Fast Food
Male,55-64,Divorced,Middle,Dinner,Wednesday,Governorpet,Chinese
Female,55-64,Married,High,Lunch,Wednesday,Patamata,Continental
Female,25-34,Widowed,Upper-Middle,Late Night,Saturday,Governorpet,Fast Food
Other,25-34,Widowed,Middle,Breakfast,Sunday,Governorpet,South Indian
Male,45-54,Single,High,Breakfast,Wednesday,Ramachandra Nagar,North Indian
Female,25-34,Divorced,Upper-Middle,Lunch,Thursday,Ramachandra Nagar,Biryani
Other,45-54,Single,High,Breakfast,Tuesday,Patamata,Continental
Male,18-24,Widowed,Middle,Lunch,Wednesday,Benz Circle,Fast Food
Female,18-24,Divorced,High,Dinner,Thursday,MG Road,Chinese
Female,45-54,Divorced,Upper-Middle,Breakfast,Monday,Benz Circle,Continental
Other,18-24,Single,Middle,Breakfast,Wednesday,MG Road,Chinese
Male,55-64,Single,Low,Late Night,Friday,Patamata,Continental
Other,55-64,Divorced,Low,Dinner,Tuesday,Governorpet,South Indian
Female,25-34,Single,High,Dinner,Sunday,Ramachandra Nagar,Fast Food
Other,18-24,Married,High,Late Night,Sunday,Auto Nagar,Biryani
Male,35-44,Married,High,Lunch,Saturday,Ramachandra Nagar,North Indian
Male,55-64,Single,Low,Breakfast,Friday,Governorpet,South Indian
Other,18-24,Widowed,Low,Breakfast,Thursday,Governorpet,South Indian
Other,25-34,Widowed,High,Breakfast,Wednesday,Governorpet,South Indian
Other,18-24,Married,Middle,Dinner,Friday,Benz Circle,North Indian
Female,45-54,Single,Middle,Late Night,Friday,Governorpet,Chinese
Other,55-64,Divorced,Low,Dinner,Wednesday,Governorpet,South Indian
Other,25-34,Single,Low,Lunch,Sunday,Bhavanipuram,Biryani
Male,25-34,Married,High,Lunch,Monday,MG Road,Biryani
Female,25-34,Single,Upper-Middle,Dinner,Tuesday,MG Road,Chinese
Other,18-24,Divorced,Middle,Breakfast,Tuesday,Ramachandra Nagar,North Indian
Male,35-44,Married,High,Dinner,Tuesday,Benz Circle,Fast Food
Female,45-54,Married,Low,Dinner,Thursday,Auto Nagar,Biryani
Male,25-34,Divorced,Upper-Middle,Lunch,Tuesday,One Town,Street Food
Male,25-34,Married,Middle,Dinner,Sunday,Ramachandra Nagar,Biryani
Female,55-64,Widowed,Middle,Snack,Sunday,Ramachandra Nagar,North Indian
Male,25-34,Married,Low,Late Night,Tuesday,One Town,Street Food
Male,45-54,Married,Low,Dinner,Thursday,Bhavanipuram,Biryani
Male,45-54,Single,Middle,Lunch,Monday,Ramachandra Nagar,North Indian
Male,18-24,Widowed,Low,Breakfast,Thursday,Governorpet,South Indian
Female,45-54,Widowed,Middle,Late Night,Wednesday,One Town,Street Food
Female,25-34,Widowed,Middle,Breakfast,Wednesday,Benz Circle,Fast Food
Other,25-34,Married,Upper-Middle,Dinner,Friday,Bhavanipuram,Biryani
Female,35-44,Widowed,High,Dinner,Thursday,Ramachandra Nagar,North Indian
Other,25-34,Married,Low,Late Night,Thursday,Auto Nagar,Biryani
Male,35-44,Married,Low,Breakfast,Monday,Benz Circle,Fast Food
Female,25-34,Divorced,Middle,Dinner,Tuesday,Patamata,Continental
Male,18-24,Widowed,High,Lunch,Tuesday,Benz Circle,Biryani
Male,55-64,Widowed,High,Lunch,Monday,Ramachandra Nagar,North Indian
Other,35-44,Single,Middle,Late Night,Saturday,Governorpet,South Indian
Other,35-44,Divorced,High,Late Night,Tuesday,Ramachandra Nagar,North Indian
Other,35-44,Married,High,Late Night,Saturday,One Town,Bakery
Other,25-34,Married,Middle,Dinner,Saturday,MG Road,Street Food
Other,35-44,Divorced,Low,Breakfast,Tuesday,Benz Circle,South Indian
Male,25-34,Single,Upper-Middle,Lunch,Monday,Poranki,Biryani
Female,35-44,Married,Low,Snack,Wednesday,Gunadala,South Indian
Other,55-64,Widowed,Middle,Breakfast,Monday,Ramachandra Nagar,Fast Food
Other,55-64,Widowed,Low,Late Night,Tuesday,Auto Nagar,Biryani
Male,45-54,Divorced,Upper-Middle,Snack,Sunday,One Town,Biryani
Male,25-34,Married,Middle,Late Night,Friday,Gunadala,South Indian
Male,55-64,Widowed,Middle,Snack,Sunday,Governorpet,Chinese
Male,45-54,Single,High,Lunch,Wednesday,MG Road,Biryani
Female,55-64,Single,Upper-Middle,Snack,Tuesday,Governorpet,Bakery
Male,45-54,Married,Low,Late Night,Friday,Gunadala,Continental
Male,55-64,Married,Upper-Middle,Lunch,Monday,Bhavanipuram,Biryani
Female,35-44,Divorced,High,Lunch,Sunday,One Town,Street Food
Other,25-34,Divorced,Low,Snack,Thursday,Gunadala,Biryani
Other,25-34,Single,High,Lunch,Saturday,Auto Nagar,North Indian
Male,35-44,Married,High,Late Night,Wednesday,Governorpet,South Indian
Female,18-24,Married,Middle,Dinner,Thursday,Gunadala,Biryani
Female,25-34,Single,High,Snack,Sunday,Poranki,Street Food
Female,55-64,Divorced,Middle,Late Night,Thursday,One Town,Street Food
Female,55-64,Widowed,Middle,Late Night,Tuesday,Poranki,Bakery
Male,25-34,Divorced,Low,Breakfast,Saturday,One Town,Street Food
Female,25-34,Married,Low,Late Night,Saturday,MG Road,Chinese
Female,25-34,Widowed,Middle,Dinner,Wednesday,Ramachandra Nagar,Biryani
Other,55-64,Widowed,Low,Dinner,Friday,One Town,Street Food
Female,55-64,Single,Upper-Middle,Snack,Saturday,MG Road,Biryani
Male,55-64,Married,High,Dinner,Sunday,Auto Nagar,Biryani
Other,25-34,Married,Low,Dinner,Tuesday,Benz Circle,Biryani
Other,25-34,Widowed,High,Breakfast,Monday,MG Road,Continental
Male,35-44,Single,High,Dinner,Thursday,Poranki,Bakery
Female,45-54,Single,Middle,Lunch,Thursday,Patamata,Chinese
Female,55-64,Single,High,Late Night,Tuesday,Governorpet,South Indian
Other,55-64,Single,High,Lunch,Thursday,Gunadala,Biryani
Other,45-54,Widowed,Middle,Breakfast,Monday,Auto Nagar,Biryani
Female,45-54,Divorced,Upper-Middle,Snack,Tuesday,Bhavanipuram,Biryani
Female,55-64,Married,Upper-Middle,Breakfast,Saturday,Governorpet,South Indian
Male,35-44,Married,Middle,Breakfast,Wednesday,Poranki,Bakery
Other,18-24,Widowed,Middle,Dinner,Saturday,Bhavanipuram,Biryani
Male,55-64,Widowed,Upper-Middle,Snack,Tuesday,Gunadala,South Indian
Female,45-54,Married,High,Late Night,Wednesday,Bhavanipuram,Biryani
Male,18-24,Widowed,Middle,Breakfast,Tuesday,One Town,Street Food
Male,45-54,Married,Middle,Late Night,Friday,Poranki,Bakery
Female,55-64,Single,Middle,Breakfast,Friday,Governorpet,Chinese
Other,35-44,Divorced,Upper-Middle,Breakfast,Sunday,Auto Nagar,Biryani
Male,35-44,Single,Middle,Lunch,Sunday,Bhavanipuram,Biryani
Female,35-44,Single,Low,Breakfast,Sunday,Benz Circle,North Indian
Male,45-54,Widowed,Middle,Snack,Wednesday,Ramachandra Nagar,Street Food
Male,55-64,Married,Middle,Breakfast,Wednesday,Gunadala,South Indian
Other,45-54,Married,Low,Breakfast,Thursday,Governorpet,Bakery
Male,25-34,Married,High,Dinner,Saturday,Governorpet,Continental
Female,25-34,Divorced,Low,Snack,Saturday,Ramachandra Nagar,North Indian
Female,45-54,Divorced,Low,Late Night,Monday,Patamata,Continental
Female,25-34,Widowed,Middle,Lunch,Wednesday,Auto Nagar,Biryani
Other,35-44,Single,Low,Snack,Wednesday,Poranki,Bakery
Female,55-64,Married,Middle,Lunch,Wednesday,Auto Nagar,Biryani
Male,25-34,Widowed,Low,Dinner,Tuesday,Gunadala,South Indian
Other,45-54,Married,Upper-Middle,Dinner,Tuesday,MG Road,Bakery
Female,55-64,Married,Middle,Breakfast,Friday,One Town,Street Food
Other,35-44,Married,Low,Late Night,Friday,Auto Nagar,Fast Food
Female,35-44,Married,Middle,Dinner,Tuesday,Gunadala,South Indian
Other,35-44,Widowed,Upper-Middle,Dinner,Tuesday,Patamata,Biryani
Male,25-34,Divorced,Middle,Breakfast,Wednesday,MG Road,South Indian
Male,25-34,Single,Upper-Middle,Breakfast,Friday,Poranki,Bakery
Male,35-44,Widowed,Low,Dinner,Monday,Benz Circle,Fast Food
Male,35-44,Widowed,Low,Late Night,Tuesday,Bhavanipuram,Biryani
Male,18-24,Widowed,Low,Lunch,Wednesday,Governorpet,South Indian
Female,25-34,Divorced,High,Dinner,Wednesday,Gunadala,South Indian
Other,45-54,Widowed,Middle,Breakfast,Tuesday,MG Road,Chinese
Male,35-44,Single,Upper-Middle,Lunch,Saturday,Poranki,Bakery
Other,45-54,Single,Low,Dinner,Saturday,Patamata,Biryani
Other,45-54,Married,Upper-Middle,Breakfast,Sunday,MG Road,Chinese
Other,45-54,Married,Upper-Middle,Breakfast,Monday,Benz Circle,Fast Food
Male,45-54,Divorced,Low,Dinner,Monday,Patamata,Continental
Other,55-64,Single,Middle,Dinner,Sunday,One Town,Biryani
Female,25-34,Widowed,Middle,Late Night,Monday,Benz Circle,Fast Food
Male,35-44,Single,Low,Snack,Saturday,Governorpet,Street Food
Female,25-34,Divorced,Low,Late Night,Thursday,Ramachandra Nagar,North Indian
Male,25-34,Widowed,Middle,Late Night,Saturday,Governorpet,Fast Food
Male,55-64,Widowed,Middle,Breakfast,Monday,Patamata,Street Food
Male,18-24,Married,Upper-Middle,Snack,Monday,Patamata,Street Food
Male,25-34,Widowed,Low,Breakfast,Wednesday,Poranki,South Indian
Male,55-64,Married,Low,Breakfast,Monday,Bhavanipuram,Biryani
Other,45-54,Married,High,Snack,Thursday,Patamata,Continental
Female,35-44,Single,Low,Late Night,Friday,Governorpet,Fast Food
Female,18-24,Married,Upper-Middle,Breakfast,Wednesday,MG Road,Chinese
Male,35-44,Married,Middle,Late Night,Wednesday,Gunadala,South Indian
Male,55-64,Married,Middle,Snack,Sunday,Poranki,Street Food
Male,45-54,Widowed,High,Breakfast,Monday,MG Road,South Indian
Female,35-44,Single,Low,Snack,Monday,Bhavanipuram,Fast Food
Other,25-34,Married,Low,Late Night,Friday,Poranki,Bakery
Other,45-54,Single,Low,Snack,Monday,MG Road,Street Food
Female,35-44,Widowed,High,Lunch,Friday,Patamata,Continental
Other,25-34,Widowed,Low,Snack,Wednesday,MG Road,Chinese
Other,45-54,Married,Upper-Middle,Snack,Saturday,One Town,Street Food
Other,25-34,Married,High,Late Night,Wednesday,Bhavanipuram,Biryani
Male,35-44,Widowed,Upper-Middle,Snack,Sunday,Bhavanipuram,Biryani
Male,35-44,Divorced,Middle,Snack,Thursday,MG Road,Street Food
Female,18-24,Widowed,Low,Breakfast,Thursday,Benz Circle,Fast Food
Female,25-34,Widowed,Upper-Middle,Lunch,Tuesday,Gunadala,South Indian
Other,35-44,Widowed,Middle,Lunch,Sunday,Auto Nagar,Biryani
Male,55-64,Widowed,Middle,Snack,Sunday,One Town,Street Food
Other,55-64,Divorced,Low,Lunch,Saturday,Ramachandra Nagar,Biryani
Female,35-44,Widowed,Low,Snack,Thursday,One Town,Street Food
Male,45-54,Married,Upper-Middle,Dinner,Friday,One Town,Street Food
Other,35-44,Single,Middle,Breakfast,Thursday,Bhavanipuram,South Indian
Female,25-34,Divorced,Low,Snack,Sunday,Bhavanipuram,Biryani
Male,25-34,Widowed,Upper-Middle,Lunch,Friday,Gunadala,South Indian
Other,25-34,Widowed,Middle,Late Night,Friday,Auto Nagar,Fast Food
Female,18-24,Divorced,Upper-Middle,Dinner,Wednesday,Poranki,Chinese
Male,35-44,Divorced,Middle,Breakfast,Wednesday,Patamata,Continental
Male,18-24,Single,Low,Late Night,Wednesday,Gunadala,South Indian
Male,55-64,Widowed,Low,Dinner,Monday,One Town,Street Food
Other,25-34,Divorced,Low,Breakfast,Thursday,Ramachandra Nagar,North Indian
Other,55-64,Single,High,Breakfast,Monday,One Town,Street Food
Female,18-24,Single,Middle,Late Night,Thursday,MG Road,Fast Food
Male,35-44,Divorced,Upper-Middle,Snack,Tuesday,Benz Circle,Fast Food
Male,55-64,Single,Low,Dinner,Wednesday,Poranki,Bakery
Female,45-54,Divorced,High,Breakfast,Monday,Patamata,Continental
Other,18-24,Married,High,Late Night,Friday,Bhavanipuram,Biryani
Other,35-44,Widowed,Upper-Middle,Late Night,Monday,Gunadala,South Indian
Male,18-24,Married,High,Dinner,Monday,MG Road,Chinese
Male,35-44,Widowed,Upper-Middle,Snack,Friday,Patamata,Continental
Other,18-24,Single,High,Breakfast,Saturday,Governorpet,South Indian
Other,45-54,Divorced,Upper-Middle,Lunch,Saturday,MG Road,Fast Food
Female,55-64,Single,Middle,Breakfast,Tuesday,Ramachandra Nagar,North Indian
Female,45-54,Widowed,Upper-Middle,Dinner,Saturday,Gunadala,Continental
Other,25-34,Married,High,Dinner,Sunday,Gunadala,South Indian
Female,25-34,Single,Upper-Middle,Dinner,Monday,Poranki,Bakery
Male,55-64,Married,Low,Breakfast,Monday,Benz Circle,Fast Food
Female,45-54,Single,High,Dinner,Tuesday,Gunadala,South Indian
Other,55-64,Single,Low,Late Night,Saturday,One Town,Fast Food
Female,45-54,Married,Upper-Middle,Lunch,Tuesday,One Town,Street Food
Other,18-24,Single,High,Lunch,Saturday,Gunadala,South Indian
Other,45-54,Married,Low,Dinner,Wednesday,MG Road,Biryani
Other,18-24,Single,High,Lunch,Monday,Bhavanipuram,Biryani
Other,45-54,Married,High,Breakfast,Saturday,Governorpet,South Indian
Other,55-64,Married,High,Snack,Monday,Ramachandra Nagar,North Indian
Other,55-64,Divorced,Low,Late Night,Tuesday,Auto Nagar,Chinese
Other,18-24,Married,Low,Dinner,Wednesday,MG Road,Chinese
Other,55-64,Married,Low,Snack,Thursday,MG Road,Chinese
Male,45-54,Married,High,Lunch,Thursday,One Town,Street Food
Male,35-44,Married,High,Breakfast,Thursday,Bhavanipuram,Fast Food
Male,55-64,Widowed,High,Snack,Tuesday,Benz Circle,Fast Food
Female,18-24,Widowed,Middle,Snack,Saturday,Patamata,Street Food
Other,25-34,Single,High,Dinner,Thursday,Governorpet,Biryani
Other,45-54,Married,Upper-Middle,Lunch,Wednesday,MG Road,Chinese
Other,18-24,Married,High,Breakfast,Thursday,MG Road,Chinese
Other,18-24,Married,High,Dinner,Saturday,Poranki,Bakery
Other,55-64,Married,High,Late Night,Friday,Governorpet,South Indian
Other,25-34,Married,Low,Breakfast,Thursday,Benz Circle,Fast Food
Male,55-64,Divorced,Middle,Snack,Wednesday,One Town,Street Food
Female,35-44,Married,Upper-Middle,Late Night,Tuesday,Patamata,Continental
Female,45-54,Single,Middle,Breakfast,Tuesday,Bhavanipuram,Biryani
Other,35-44,Married,Upper-Middle,Breakfast,Sunday,One Town,Street Food
Other,25-34,Married,Low,Dinner,Monday,Benz Circle,Biryani
Other,55-64,Widowed,Middle,Dinner,Thursday,Governorpet,South Indian
Female,55-64,Widowed,Middle,Lunch,Monday,Governorpet,North Indian
Male,35-44,Widowed,Low,Lunch,Thursday,MG Road,Chinese
Male,35-44,Single,Low,Breakfast,Saturday,Benz Circle,Fast Food
Male,25-34,Divorced,Low,Lunch,Saturday,Ramachandra Nagar,Biryani
Male,55-64,Divorced,Low,Dinner,Sunday,Benz Circle,Fast Food
Male,18-24,Single,Middle,Lunch,Thursday,Auto Nagar,Biryani
Other,18-24,Divorced,Low,Late Night,Thursday,Governorpet,South Indian
Other,18-24,Divorced,High,Late Night,Thursday,Patamata,Continental
Other,35-44,Single,Upper-Middle,Dinner,Sunday,Poranki,Bakery
Female,45-54,Single,Low,Snack,Tuesday,Bhavanipuram,Biryani
Female,35-44,Divorced,Low,Dinner,Monday,Gunadala,South Indian
Other,45-54,Married,Middle,Late Night,Tuesday,Ramachandra Nagar,North Indian
Other,18-24,Single,Low,Lunch,Monday,Poranki,Biryani
Male,35-44,Divorced,Low,Late Night,Wednesday,Bhavanipuram,Biryani
Female,55-64,Married,Upper-Middle,Late Night,Sunday,Gunadala,Fast Food
Male,25-34,Married,Middle,Dinner,Tuesday,Benz Circle,Fast Food
Female,35-44,Single,High,Breakfast,Sunday,Governorpet,Chinese
Female,55-64,Married,Middle,Snack,Sunday,Governorpet,Street Food
Male,55-64,Widowed,High,Dinner,Sunday,Auto Nagar,Biryani
Female,35-44,Single,Upper-Middle,Breakfast,Sunday,MG Road,Chinese
Male,45-54,Divorced,High,Breakfast,Saturday,Bhavanipuram,Continental
Male,18-24,Single,Middle,Late Night,Friday,Bhavanipuram,Biryani
Male,55-64,Widowed,Low,Lunch,Tuesday,Governorpet,Biryani
Female,25-34,Widowed,Upper-Middle,Lunch,Wednesday,Auto Nagar,Fast Food
Female,25-34,Divorced,High,Breakfast,Monday,Bhavanipuram,South Indian
Male,45-54,Married,Upper-Middle,Breakfast,Tuesday,Benz Circle,Fast Food
Other,55-64,Divorced,Low,Lunch,Sunday,Gunadala,Biryani
Other,55-64,Married,High,Late Night,Sunday,MG Road,Chinese
Other,55-64,Single,Upper-Middle,Late Night,Monday,Bhavanipuram,Fast Food
Other,55-64,Married,Middle,Dinner,Sunday,MG Road,Chinese
Male,45-54,Single,Middle,Late Night,Saturday,Patamata,Fast Food
Other,45-54,Divorced,Upper-Middle,Breakfast,Monday,One Town,Street Food
Other,18-24,Married,Middle,Late Night,Thursday,Bhavanipuram,Biryani
Female,18-24,Widowed,Low,Dinner,Friday,One Town,Street Food
Female,25-34,Widowed,Low,Dinner,Tuesday,Governorpet,South Indian
Other,45-54,Single,Low,Snack,Friday,Auto Nagar,Biryani
Other,25-34,Single,High,Snack,Thursday,Poranki,Street Food
Other,35-44,Divorced,Low,Snack,Friday,Gunadala,South Indian
Male,18-24,Married,Upper-Middle,Lunch,Friday,Governorpet,South Indian
Female,55-64,Widowed,High,Snack,Friday,Patamata,Continental
Male,45-54,Single,Low,Snack,Friday,Benz Circle,Fast Food
Male,25-34,Widowed,Middle,Breakfast,Thursday,Patamata,Bakery
Other,45-54,Widowed,Low,Late Night,Wednesday,Governorpet,Fast Food
Other,45-54,Widowed,High,Late Night,Tuesday,One Town,Street Food
Male,18-24,Widowed,Upper-Middle,Snack,Wednesday,Bhavanipuram,Biryani
Other,35-44,Married,Upper-Middle,Dinner,Sunday,Governorpet,Biryani
Male,35-44,Married,Low,Snack,Monday,Benz Circle,Fast Food
Male,45-54,Married,High,Lunch,Sunday,Ramachandra Nagar,Biryani
Other,35-44,Widowed,Low,Breakfast,Tuesday,Bhavanipuram,Biryani
Other,55-64,Widowed,Middle,Lunch,Tuesday,Auto Nagar,Biryani
Other,18-24,Widowed,Low,Late Night,Monday,Benz Circle,Fast Food
Other,45-54,Single,Middle,Breakfast,Wednesday,Ramachandra Nagar,North Indian
Female,35-44,Married,Low,Late Night,Saturday,Gunadala,South Indian
Female,35-44,Single,Middle,Dinner,Friday,Bhavanipuram,Biryani
Other,18-24,Single,Upper-Middle,Breakfast,Wednesday,Poranki,Bakery
Other,25-34,Married,High,Late Night,Wednesday,Governorpet,Fast Food
Other,25-34,Divorced,Upper-Middle,Late Night,Sunday,Gunadala,Chinese
Female,25-34,Widowed,Upper-Middle,Breakfast,Friday,MG Road,South Indian
Other,35-44,Single,Middle,Lunch,Sunday,Benz Circle,Biryani
Female,45-54,Single,Middle,Lunch,Saturday,Poranki,Biryani
Other,45-54,Widowed,High,Snack,Thursday,Poranki,Bakery
Other,18-24,Married,Middle,Lunch,Tuesday,Patamata,Continental
Other,35-44,Married,High,Snack,Wednesday,Patamata,Bakery
Other,18-24,Single,High,Breakfast,Saturday,Gunadala,South Indian
Male,35-44,Widowed,Middle,Snack,Sunday,Governorpet,Street Food
Other,18-24,Married,Upper-Middle,Snack,Saturday,One Town,Street Food
Female,25-34,Divorced,High,Lunch,Tuesday,Benz Circle,Biryani
Female,55-64,Single,Upper-Middle,Snack,Monday,Ramachandra Nagar,North Indian
Other,55-64,Single,Low,Dinner,Wednesday,Bhavanipuram,Biryani
Female,55-64,Single,Middle,Snack,Sunday,Gunadala,Street Food
Male,25-34,Married,Low,Snack,Thursday,Gunadala,South Indian
Male,45-54,Single,Upper-Middle,Snack,Thursday,Benz Circle,Street Food
Male,45-54,Widowed,Upper-Middle,Snack,Friday,Governorpet,Continental
Female,45-54,Divorced,High,Breakfast,Sunday,MG Road,Chinese
Male,55-64,Single,Upper-Middle,Snack,Saturday,Ramachandra Nagar,North Indian
Male,35-44,Single,High,Dinner,Saturday,One Town,Street Food
Male,35-44,Widowed,Low,Breakfast,Sunday,Poranki,Bakery
Male,45-54,Married,Middle,Breakfast,Tuesday,One Town,South Indian
Male,25-34,Divorced,Upper-Middle,Snack,Monday,Governorpet,Street Food
Male,45-54,Widowed,Low,Dinner,Friday,Governorpet,South Indian
Other,55-64,Divorced,Middle,Breakfast,Thursday,Gunadala,South Indian
Other,25-34,Married,Upper-Middle,Lunch,Tuesday,Patamata,Continental
Male,35-44,Married,Low,Dinner,Sunday,Gunadala,South Indian
Male,35-44,Divorced,Low,Breakfast,Wednesday,Patamata,Continental
Other,18-24,Married,Low,Late Night,Wednesday,Governorpet,South Indian
Other,18-24,Widowed,High,Snack,Thursday,Auto Nagar,Biryani
Female,25-34,Divorced,High,Late Night,Saturday,One Town,Street Food
Other,18-24,Divorced,Middle,Snack,Tuesday,Poranki,Biryani
Female,25-34,Widowed,Upper-Middle,Breakfast,Thursday,MG Road,Chinese
Other,35-44,Divorced,Middle,Late Night,Wednesday,Poranki,Bakery
Other,55-64,Divorced,Low,Breakfast,Tuesday,MG Road,Chinese
Female,45-54,Divorced,Upper-Middle,Dinner,Saturday,Ramachandra Nagar,North Indian
Male,35-44,Married,Middle,Lunch,Monday,Gunadala,South Indian
Male,18-24,Married,Low,Dinner,Monday,Governorpet,South Indian
Other,55-64,Divorced,High,Dinner,Sunday,Governorpet,Chinese
Male,35-44,Married,Middle,Late Night,Monday,One Town,Street Food
Female,35-44,Divorced,Upper-Middle,Breakfast,Wednesday,Benz Circle,Fast Food
Other,55-64,Widowed,Low,Late Night,Monday,Auto Nagar,Biryani
Male,25-34,Divorced,Upper-Middle,Dinner,Saturday,One Town,Street Food
Other,18-24,Widowed,High,Snack,Wednesday,Ramachandra Nagar,Street Food
Female,18-24,Widowed,Low,Snack,Saturday,Poranki,Bakery
Female,25-34,Single,Upper-Middle,Late Night,Sunday,Poranki,Bakery
Other,18-24,Married,High,Dinner,Saturday,Bhavanipuram,Biryani
Other,55-64,Divorced,High,Breakfast,Monday,Patamata,South Indian
Male,25-34,Divorced,High,Snack,Monday,Bhavanipuram,Biryani
Male,55-64,Widowed,High,Lunch,Tuesday,Poranki,Bakery
Other,18-24,Single,High,Late Night,Sunday,Poranki,Bakery
Other,55-64,Divorced,Low,Breakfast,Saturday,Gunadala,Chinese
Other,45-54,Widowed,Middle,Dinner,Saturday,Benz Circle,Fast Food
Male,25-34,Widowed,Low,Breakfast,Thursday,One Town,Street Food
Female,45-54,Widowed,Middle,Snack,Saturday,Gunadala,South Indian
Male,18-24,Single,High,Dinner,Saturday,Patamata,Continental
Other,18-24,Divorced,Upper-Middle,Dinner,Wednesday,MG Road,Biryani
Other,45-54,Married,Middle,Dinner,Saturday,Ramachandra Nagar,Chinese
Female,25-34,Divorced,Low,Late Night,Wednesday,MG Road,Fast Food
Female,18-24,Widowed,Upper-Middle,Breakfast,Sunday,Ramachandra Nagar,Fast Food
Other,45-54,Single,Upper-Middle,Dinner,Saturday,Auto Nagar,Fast Food
Male,25-34,Widowed,Middle,Dinner,Friday,One Town,Street Food
Male,25-34,Widowed,Middle,Dinner,Thursday,Governorpet,Biryani
Female,18-24,Single,Middle,Lunch,Saturday,Ramachandra Nagar,North Indian
Male,25-34,Single,Low,Snack,Sunday,Patamata,Street Food
Male,18-24,Widowed,Low,Lunch,Saturday,Benz Circle,Biryani
Female,18-24,Married,Middle,Breakfast,Monday,One Town,South Indian
Female,45-54,Divorced,Low,Lunch,Thursday,Governorpet,South Indian
Male,25-34,Single,Upper-Middle,Breakfast,Saturday,Auto Nagar,Biryani
Other,18-24,Widowed,Upper-Middle,Breakfast,Tuesday,Auto Nagar,Biryani
Male,45-54,Married,Upper-Middle,Lunch,Saturday,Auto Nagar,Biryani
Male,18-24,Divorced,High,Lunch,Friday,Gunadala,Biryani
Male,45-54,Married,Low,Lunch,Tuesday,Benz Circle,Fast Food
Male,45-54,Widowed,High,Breakfast,Sunday,MG Road,South Indian
Female,18-24,Single,Upper-Middle,Snack,Monday,Poranki,Fast Food
Other,35-44,Divorced,Middle,Lunch,Saturday,Auto Nagar,Biryani
Other,25-34,Widowed,Low,Breakfast,Thursday,Patamata,Continental
Female,55-64,Divorced,Middle,Snack,Tuesday,Benz Circle,Fast Food
Female,25-34,Single,Low,Snack,Sunday,Patamata,Continental
Other,45-54,Married,High,Late Night,Sunday,Patamata,Fast Food
Other,45-54,Single,Middle,Lunch,Sunday,One Town,Street Food
Female,55-64,Widowed,Middle,Lunch,Tuesday,Gunadala,Biryani
Female,18-24,Divorced,High,Late Night,Friday,Governorpet,Street Food
Female,55-64,Married,Middle,Breakfast,Sunday,Poranki,Bakery
Female,45-54,Single,Low,Late Night,Tuesday,Poranki,Fast Food
Male,25-34,Widowed,High,Dinner,Thursday,Bhavanipuram,Biryani
Male,35-44,Widowed,High,Snack,Monday,Governorpet,Street Food
Other,18-24,Married,Upper-Middle,Lunch,Thursday,MG Road,Fast Food
Male,55-64,Widowed,Low,Lunch,Friday,One Town,Street Food
Male,35-44,Widowed,Low,Dinner,Thursday,Poranki,Bakery
Other,35-44,Married,Middle,Dinner,Tuesday,MG Road,Chinese
Male,45-54,Widowed,High,Breakfast,Monday,Patamata,Continental
Male,55-64,Divorced,Low,Late Night,Thursday,Ramachandra Nagar,Fast Food
Female,35-44,Widowed,High,Dinner,Saturday,Governorpet,Biryani
Male,35-44,Divorced,High,Lunch,Tuesday,MG Road,Chinese
Female,45-54,Single,Low,Snack,Wednesday,Gunadala,South Indian
Other,55-64,Widowed,Middle,Dinner,Friday,Auto Nagar,Biryani
Female,35-44,Married,Upper-Middle,Breakfast,Monday,Governorpet,South Indian
Female,45-54,Divorced,Low,Breakfast,Thursday,Poranki,Bakery
Other,18-24,Married,Middle,Snack,Thursday,Benz Circle,Fast Food
Male,55-64,Married,Upper-Middle,Dinner,Sunday,MG Road,Chinese
Male,35-44,Married,High,Lunch,Tuesday,One Town,Biryani
Female,45-54,Married,High,Dinner,Monday,One Town,Street Food
Female,35-44,Widowed,High,Late Night,Saturday,Auto Nagar,Fast Food
Male,55-64,Widowed,Middle,Lunch,Friday,Auto Nagar,Biryani
Other,25-34,Divorced,Middle,Late Night,Thursday,Auto Nagar,Fast Food
Female,55-64,Married,Upper-Middle,Lunch,Saturday,Benz Circle,South Indian
Female,35-44,Single,Low,Dinner,Saturday,Governorpet,South Indian
Female,55-64,Widowed,High,Late Night,Wednesday,Gunadala,South Indian
Male,35-44,Married,Low,Lunch,Tuesday,Benz Circle,Biryani
Other,25-34,Married,Upper-Middle,Snack,Saturday,Ramachandra Nagar,North Indian
Female,18-24,Widowed,High,Dinner,Sunday,Gunadala,Biryani
Male,25-34,Married,High,Late Night,Monday,Patamata,Continental
Other,18-24,Married,Middle,Snack,Saturday,Bhavanipuram,Biryani
Male,55-64,Divorced,Middle,Dinner,Saturday,MG Road,Street Food
Male,25-34,Widowed,Low,Breakfast,Sunday,Bhavanipuram,South Indian
Female,55-64,Single,Upper-Middle,Late Night,Saturday,MG Road,Chinese
Male,25-34,Married,High,Breakfast,Sunday,Bhavanipuram,Biryani
Female,25-34,Widowed,High,Lunch,Tuesday,One Town,Street Food
Male,35-44,Divorced,High,Lunch,Monday,Gunadala,South Indian
Female,25-34,Widowed,Middle,Dinner,Sunday,Patamata,Biryani
Other,55-64,Married,Middle,Breakfast,Wednesday,Patamata,Continental
Male,35-44,Widowed,Middle,Dinner,Wednesday,Benz Circle,Biryani
Other,35-44,Married,Middle,Dinner,Monday,Poranki,Biryani
Male,55-64,Single,Middle,Snack,Tuesday,Gunadala,South Indian
Female,45-54,Married,Low,Snack,Monday,Gunadala,South Indian
Female,45-54,Divorced,High,Breakfast,Thursday,Patamata,Continental
Female,35-44,Widowed,High,Late Night,Wednesday,Gunadala,South Indian
Other,55-64,Married,High,Breakfast,Monday,Benz Circle,Fast Food
Female,45-54,Single,Middle,Lunch,Wednesday,Bhavanipuram,Biryani
Male,45-54,Married,Low,Breakfast,Sunday,Auto Nagar,Biryani
Female,45-54,Divorced,Upper-Middle,Lunch,Saturday,MG Road,Chinese
Male,45-54,Married,Low,Snack,Wednesday,Governorpet,South Indian
Female,55-64,Single,High,Breakfast,Monday,MG Road,Chinese
Male,45-54,Widowed,Middle,Lunch,Friday,Patamata,Continental
Other,35-44,Married,High,Breakfast,Monday,Gunadala,South Indian
Other,55-64,Divorced,Low,Breakfast,Sunday,MG Road,South Indian
Male,45-54,Married,Low,Dinner,Thursday,Benz Circle,Biryani
Male,45-54,Divorced,Low,Lunch,Saturday,Patamata,Continental
Other,25-34,Widowed,Middle,Late Night,Saturday,Gunadala,South Indian
Female,18-24,Married,Low,Snack,Saturday,Gunadala,South Indian
Male,55-64,Divorced,Low,Late Night,Saturday,Patamata,Continental
Male,25-34,Widowed,Upper-Middle,Dinner,Thursday,Gunadala,South Indian
Other,25-34,Single,Middle,Dinner,Wednesday,Ramachandra Nagar,North Indian
Other,55-64,Married,Upper-Middle,Dinner,Saturday,Bhavanipuram,Biryani
Male,25-34,Divorced,Low,Late Night,Tuesday,Benz Circle,Fast Food
Female,18-24,Single,Middle,Lunch,Thursday,Auto Nagar,Biryani
Male,18-24,Single,Upper-Middle,Snack,Tuesday,Governorpet,Street Food
Female,35-44,Widowed,Middle,Snack,Tuesday,Gunadala,South Indian
Female,35-44,Divorced,Upper-Middle,Lunch,Monday,MG Road,Biryani
Female,55-64,Single,Middle,Dinner,Wednesday,One Town,Street Food
Male,18-24,Widowed,Upper-Middle,Dinner,Saturday,Benz Circle,Fast Food
Female,55-64,Widowed,High,Snack,Sunday,Governorpet,South Indian
Male,35-44,Married,Low,Late Night,Thursday,Patamata,Continental
Female,35-44,Married,Low,Breakfast,Friday,Poranki,South Indian
Male,45-54,Married,Upper-Middle,Breakfast,Tuesday,Ramachandra Nagar,North Indian
Male,55-64,Widowed,High,Snack,Thursday,Patamata,Continental
Male,25-34,Widowed,Upper-Middle,Snack,Tuesday,Patamata,Continental
Other,18-24,Widowed,Upper-Middle,Lunch,Tuesday,Auto Nagar,Biryani
Female,35-44,Single,Low,Late Night,Tuesday,One Town,Street Food
Other,45-54,Married,Upper-Middle,Lunch,Monday,Benz Circle,Biryani
Female,35-44,Widowed,High,Snack,Saturday,Benz Circle,Fast Food
Female,35-44,Widowed,High,Snack,Wednesday,Auto Nagar,Biryani
Other,25-34,Widowed,High,Snack,Thursday,Patamata,Continental
Other,55-64,Single,Middle,Lunch,Friday,Patamata,Continental
Female,45-54,Widowed,Middle,Breakfast,Saturday,Patamata,Chinese
Other,25-34,Widowed,High,Snack,Friday,MG Road,Chinese
Female,25-34,Divorced,Low,Dinner,Wednesday,Gunadala,Biryani
Female,45-54,Single,Middle,Dinner,Saturday,Governorpet,Fast Food
Female,25-34,Married,Upper-Middle,Late Night,Thursday,Poranki,Fast Food
Male,55-64,Widowed,High,Breakfast,Thursday,Ramachandra Nagar,North Indian
Male,35-44,Widowed,Middle,Snack,Wednesday,Ramachandra Nagar,Street Food
Female,55-64,Married,High,Lunch,Friday,Poranki,Biryani
Female,25-34,Divorced,Upper-Middle,Lunch,Monday,Bhavanipuram,Biryani
Male,55-64,Single,Low,Snack,Friday,Governorpet,Fast Food
Male,25-34,Married,Middle,Lunch,Wednesday,One Town,Biryani
Other,55-64,Single,High,Lunch,Saturday,One Town,Biryani
Male,25-34,Widowed,Upper-Middle,Snack,Thursday,Poranki,Bakery
Male,35-44,Widowed,Low,Dinner,Tuesday,Patamata,Continental
Other,35-44,Divorced,High,Dinner,Friday,Governorpet,South Indian
Male,55-64,Single,Upper-Middle,Lunch,Sunday,Gunadala,Biryani
Other,55-64,Divorced,Middle,Breakfast,Thursday,Auto Nagar,Biryani
Male,25-34,Single,Middle,Late Night,Sunday,Governorpet,South Indian
Female,18-24,Divorced,High,Breakfast,Thursday,Gunadala,South Indian
Other,55-64,Widowed,Upper-Middle,Snack,Thursday,Benz Circle,Fast Food
Male,25-34,Widowed,Middle,Breakfast,Wednesday,Ramachandra Nagar,North Indian
Male,18-24,Divorced,Middle,Snack,Sunday,One Town,Street Food
Male,35-44,Divorced,Low,Breakfast,Wednesday,Benz Circle,Fast Food
Female,18-24,Single,High,Dinner,Sunday,Bhavanipuram,Biryani
Female,18-24,Widowed,Low,Breakfast,Friday,Benz Circle,South Indian
Female,45-54,Divorced,High,Dinner,Wednesday,Poranki,Biryani
Female,45-54,Married,Low,Lunch,Sunday,Ramachandra Nagar,Biryani
Male,55-64,Divorced,Upper-Middle,Breakfast,Sunday,Patamata,Continental
Other,35-44,Married,Low,Breakfast,Friday,Poranki,Bakery
Other,45-54,Divorced,Low,Late Night,Thursday,One Town,Street Food
Other,45-54,Widowed,Low,Snack,Friday,Governorpet,Street Food
Male,25-34,Divorced,High,Late Night,Sunday,Ramachandra Nagar,North Indian
Male,55-64,Divorced,High,Breakfast,Monday,One Town,Continental
Male,55-64,Divorced,Low,Breakfast,Monday,Governorpet,South Indian
Male,25-34,Widowed,Low,Dinner,Thursday,Auto Nagar,Biryani
Female,45-54,Married,Middle,Snack,Thursday,Benz Circle,Fast Food
Female,55-64,Single,Middle,Late Night,Tuesday,Governorpet,South Indian
Male,18-24,Divorced,Low,Late Night,Saturday,Governorpet,Street Food
Other,45-54,Widowed,Upper-Middle,Dinner,Friday,One Town,Biryani
Male,35-44,Single,High,Lunch,Thursday,MG Road,Biryani
Female,35-44,Divorced,High,Late Night,Friday,Poranki,Bakery
Other,25-34,Divorced,Upper-Middle,Late Night,Wednesday,One Town,Street Food
Other,25-34,Divorced,Upper-Middle,Lunch,Wednesday,MG Road,Chinese
Female,18-24,Single,Upper-Middle,Snack,Friday,Auto Nagar,South Indian
Male,45-54,Divorced,Middle,Late Night,Saturday,Auto Nagar,Fast Food
Female,18-24,Single,Middle,Snack,Friday,Bhavanipuram,Biryani
Other,18-24,Widowed,Low,Lunch,Thursday,MG Road,Chinese
Male,55-64,Divorced,Middle,Lunch,Tuesday,Auto Nagar,Biryani
Other,35-44,Married,Middle,Breakfast,Sunday,MG Road,South Indian
Male,18-24,Single,Low,Lunch,Saturday,Patamata,Continental
Female,35-44,Divorced,Middle,Late Night,Thursday,Governorpet,Bakery
Other,35-44,Widowed,Low,Dinner,Wednesday,Gunadala,South Indian
Male,18-24,Married,Middle,Snack,Monday,Bhavanipuram,Biryani
Other,35-44,Married,Low,Lunch,Friday,Patamata,Continental
Male,55-64,Married,Low,Breakfast,Thursday,Bhavanipuram,Bakery
Male,35-44,Divorced,High,Snack,Tuesday,Benz Circle,Fast Food
Female,35-44,Married,Upper-Middle,Late Night,Saturday,MG Road,Chinese
Female,25-34,Divorced,Middle,Lunch,Saturday,Ramachandra Nagar,Biryani
Female,18-24,Married,Upper-Middle,Snack,Wednesday,Benz Circle,Fast Food
Male,25-34,Married,High,Lunch,Thursday,MG Road,Biryani
Male,35-44,Divorced,Middle,Breakfast,Friday,Patamata,Continental
Other,55-64,Divorced,Middle,Snack,Wednesday,Gunadala,South Indian
Other,45-54,Divorced,Middle,Snack,Friday,Bhavanipuram,Biryani
Other,25-34,Divorced,Low,Snack,Saturday,MG Road,Biryani
Other,55-64,Widowed,Middle,Late Night,Thursday,Gunadala,South Indian
Female,35-44,Married,Low,Lunch,Thursday,Governorpet,Biryani
Male,55-64,Married,Upper-Middle,Snack,Wednesday,Ramachandra Nagar,North Indian
Male,55-64,Married,Middle,Dinner,Monday,Benz Circle,Fast Food
Male,18-24,Divorced,Upper-Middle,Late Night,Sunday,Benz Circle,Fast Food
Female,35-44,Married,Upper-Middle,Late Night,Thursday,Patamata,Street Food
Male,18-24,Divorced,Middle,Dinner,Wednesday,Governorpet,Biryani
Female,25-34,Married,Middle,Dinner,Sunday,Governorpet,South Indian
Male,55-64,Single,Middle,Late Night,Friday,MG Road,Chinese
Male,45-54,Divorced,Upper-Middle,Snack,Friday,Gunadala,South Indian
Male,18-24,Single,Low,Late Night,Monday,Gunadala,Continental
Female,25-34,Single,Middle,Snack,Saturday,Bhavanipuram,Continental
Male,25-34,Single,High,Lunch,Friday,Gunadala,South Indian
Other,45-54,Widowed,High,Lunch,Saturday,Governorpet,South Indian
Other,45-54,Single,Middle,Snack,Saturday,Ramachandra Nagar,North Indian
Male,35-44,Single,Upper-Middle,Breakfast,Thursday,Gunadala,South Indian
Other,18-24,Single,Low,Breakfast,Sunday,One Town,South Indian
Female,55-64,Single,Middle,Dinner,Thursday,Bhavanipuram,Biryani
Other,18-24,Divorced,Low,Late Night,Tuesday,Governorpet,South Indian
Other,55-64,Single,Low,Breakfast,Friday,Benz Circle,Fast Food
Female,18-24,Married,High,Breakfast,Tuesday,Governorpet,Street Food
Other,18-24,Single,Middle,Snack,Wednesday,Governorpet,South Indian
Other,45-54,Widowed,Upper-Middle,Late Night,Monday,MG Road,Chinese
Other,55-64,Divorced,Middle,Snack,Monday,Governorpet,South Indian
Male,18-24,Married,High,Snack,Friday,Auto Nagar,Street Food
Male,55-64,Single,High,Snack,Sunday,Gunadala,South Indian
Female,18-24,Married,High,Snack,Friday,Ramachandra Nagar,Street Food
Other,45-54,Widowed,High,Lunch,Friday,Bhavanipuram,Biryani
Female,18-24,Married,High,Late Night,Friday,Gunadala,South Indian
Other,55-64,Widowed,Upper-Middle,Snack,Tuesday,MG Road,Street Food
Male,35-44,Married,Middle,Snack,Monday,Patamata,Continental
Female,18-24,Single,Upper-Middle,Lunch,Tuesday,Poranki,Bakery
Other,18-24,Divorced,High,Dinner,Tuesday,MG Road,Chinese
Male,25-34,Widowed,High,Snack,Monday,Patamata,Street Food
Female,45-54,Single,High,Dinner,Sunday,Gunadala,Biryani
Female,55-64,Married,Middle,Breakfast,Tuesday,Patamata,Continental
Female,35-44,Widowed,Upper-Middle,Snack,Wednesday,Gunadala,Street Food
Male,55-64,Divorced,High,Dinner,Sunday,Patamata,North Indian
Male,35-44,Widowed,Middle,Breakfast,Monday,Bhavanipuram,South Indian
Other,18-24,Divorced,Low,Snack,Thursday,Patamata,Continental
Male,25-34,Divorced,High,Lunch,Tuesday,Poranki,Biryani
Male,25-34,Divorced,Middle,Lunch,Tuesday,Patamata,Continental
Other,18-24,Married,High,Lunch,Thursday,Ramachandra Nagar,Street Food
Other,35-44,Single,Middle,Snack,Thursday,Ramachandra Nagar,Continental
Male,45-54,Single,High,Late Night,Saturday,Poranki,Bakery
Female,25-34,Single,Upper-Middle,Breakfast,Tuesday,Gunadala,South Indian
Other,45-54,Single,High,Snack,Thursday,Auto Nagar,Biryani
Other,55-64,Single,Middle,Snack,Saturday,MG Road,Chinese
Other,55-64,Divorced,High,Breakfast,Saturday,Gunadala,South Indian
Female,18-24,Widowed,Upper-Middle,Breakfast,Tuesday,Patamata,South Indian
Female,35-44,Married,Low,Late Night,Friday,Bhavanipuram,Biryani
Female,45-54,Divorced,Middle,Snack,Wednesday,Benz Circle,Fast Food
Female,55-64,Widowed,High,Late Night,Thursday,Poranki,Bakery
Other,35-44,Widowed,Middle,Lunch,Thursday,Auto Nagar,Biryani
Male,25-34,Widowed,Low,Snack,Sunday,Patamata,Continental
Other,35-44,Divorced,Middle,Late Night,Tuesday,MG Road,Chinese
Other,18-24,Divorced,Middle,Snack,Sunday,Gunadala,South Indian
Other,25-34,Single,Low,Breakfast,Sunday,Ramachandra Nagar,South Indian
Female,35-44,Married,Upper-Middle,Dinner,Sunday,Ramachandra Nagar,Biryani
Female,18-24,Single,Low,Dinner,Thursday,Poranki,Bakery
Other,18-24,Married,High,Snack,Tuesday,MG Road,Chinese
Other,25-34,Married,Middle,Lunch,Friday,Auto Nagar,Biryani
Other,55-64,Single,Upper-Middle,Late Night,Monday,MG Road,Fast Food
Other,45-54,Married,High,Late Night,Monday,Auto Nagar,Biryani
Male,18-24,Single,Upper-Middle,Breakfast,Tuesday,Patamata,Continental
Male,25-34,Divorced,Upper-Middle,Late Night,Monday,Governorpet,Chinese
Male,45-54,Divorced,High,Late Night,Saturday,Benz Circle,Fast Food
Other,35-44,Single,Low,Snack,Sunday,Auto Nagar,Biryani
Female,35-44,Widowed,Middle,Snack,Friday,Ramachandra Nagar,North Indian
Male,45-54,Married,Middle,Lunch,Friday,Bhavanipuram,Biryani
Female,45-54,Divorced,High,Late Night,Monday,Auto Nagar,Biryani
Female,35-44,Married,High,Breakfast,Tuesday,Auto Nagar,South Indian
Female,35-44,Divorced,High,Breakfast,Sunday,One Town,Street Food
Other,25-34,Married,Upper-Middle,Breakfast,Thursday,Bhavanipuram,Biryani
Other,45-54,Married,Low,Snack,Monday,Auto Nagar,Biryani
Male,35-44,Single,Middle,Dinner,Monday,One Town,Biryani
Other,45-54,Divorced,Low,Dinner,Wednesday,Gunadala,South Indian
Other,35-44,Single,Upper-Middle,Dinner,Monday,MG Road,Chinese
Male,45-54,Divorced,High,Snack,Monday,Gunadala,South Indian
Female,35-44,Married,High,Dinner,Monday,MG Road,Chinese
Male,18-24,Married,Low,Dinner,Wednesday,Auto Nagar,Biryani
Male,45-54,Widowed,Middle,Snack,Sunday,Patamata,Continental
Female,35-44,Single,Low,Dinner,Wednesday,Bhavanipuram,Biryani
Female,55-64,Divorced,Middle,Snack,Saturday,Auto Nagar,Biryani
Other,18-24,Married,Upper-Middle,Dinner,Tuesday,Bhavanipuram,Biryani
Female,45-54,Single,Middle,Snack,Sunday,Poranki,Bakery
Female,25-34,Divorced,Middle,Late Night,Thursday,One Town,Street Food
Male,25-34,Married,Upper-Middle,Lunch,Thursday,Bhavanipuram,Biryani
Female,18-24,Widowed,High,Late Night,Sunday,Auto Nagar,Fast Food
Other,45-54,Divorced,Upper-Middle,Breakfast,Saturday,Benz Circle,Fast Food
Other,18-24,Widowed,Upper-Middle,Snack,Tuesday,Gunadala,Street Food
Male,25-34,Divorced,Upper-Middle,Dinner,Wednesday,Auto Nagar,Biryani
Other,35-44,Single,High,Late Night,Friday,One Town,South Indian
Female,18-24,Divorced,High,Breakfast,Monday,Ramachandra Nagar,South Indian
Male,55-64,Single,Upper-Middle,Snack,Saturday,Gunadala,South Indian
Male,25-34,Divorced,High,Late Night,Tuesday,MG Road,Chinese
Male,18-24,Widowed,Low,Snack,Friday,Bhavanipuram,South Indian
Other,18-24,Married,Middle,Late Night,Tuesday,Benz Circle,Fast Food
Female,18-24,Divorced,Upper-Middle,Snack,Tuesday,Benz Circle,Fast Food
Male,55-64,Married,Middle,Lunch,Saturday,Ramachandra Nagar,North Indian
Other,45-54,Married,Upper-Middle,Late Night,Wednesday,Patamata,Continental
Female,18-24,Single,Low,Lunch,Tuesday,Ramachandra Nagar,Biryani
Female,25-34,Single,Low,Late Night,Wednesday,Benz Circle,Fast Food
Male,35-44,Divorced,Low,Breakfast,Monday,Benz Circle,Fast Food
Other,18-24,Widowed,High,Lunch,Wednesday,Bhavanipuram,Bakery
Female,45-54,Widowed,Low,Breakfast,Thursday,Auto Nagar,Biryani
Other,55-64,Married,Low,Lunch,Sunday,Poranki,Bakery
Other,55-64,Married,High,Lunch,Monday,Ramachandra Nagar,Biryani
Female,25-34,Single,Middle,Breakfast,Wednesday,One Town,Street Food
Male,25-34,Divorced,Middle,Dinner,Tuesday,MG Road,Chinese
Female,25-34,Widowed,Upper-Middle,Snack,Wednesday,MG Road,Street Food
Male,45-54,Widowed,Low,Snack,Thursday,Poranki,Bakery
Male,25-34,Single,Upper-Middle,Snack,Wednesday,Ramachandra Nagar,Street Food
Other,45-54,Married,Low,Breakfast,Sunday,Ramachandra Nagar,North Indian
Other,25-34,Divorced,High,Breakfast,Friday,One Town,Street Food
Male,45-54,Divorced,Middle,Breakfast,Monday,Auto Nagar,Biryani
Female,55-64,Single,Middle,Lunch,Friday,Bhavanipuram,Biryani
Other,35-44,Single,Middle,Late Night,Wednesday,Benz Circle,Fast Food
Female,55-64,Widowed,Low,Dinner,Tuesday,Benz Circle,Biryani
Male,18-24,Divorced,Middle,Breakfast,Friday,Benz Circle,Street Food
Female,25-34,Widowed,Upper-Middle,Late Night,Sunday,Patamata,Fast Food
Female,25-34,Widowed,Middle,Breakfast,Monday,Poranki,South Indian
Male,18-24,Divorced,Middle,Snack,Saturday,Poranki,Biryani
Male,25-34,Single,High,Dinner,Monday,Benz Circle,Continental
Other,18-24,Single,Middle,Dinner,Thursday,Ramachandra Nagar,South Indian
Female,35-44,Single,Middle,Lunch,Friday,Patamata,Continental
Female,25-34,Divorced,Middle,Breakfast,Thursday,Bhavanipuram,Biryani
Female,45-54,Single,Low,Breakfast,Thursday,Auto Nagar,Biryani
Female,45-54,Married,High,Snack,Thursday,Governorpet,South Indian
Male,55-64,Married,Middle,Late Night,Wednesday,Governorpet,Fast Food
Other,35-44,Married,Upper-Middle,Dinner,Friday,One Town,Street Food
Other,25-34,Widowed,High,Dinner,Friday,Gunadala,South Indian
Female,55-64,Widowed,Middle,Late Night,Wednesday,MG Road,Fast Food
Male,55-64,Widowed,Low,Lunch,Monday,One Town,Street Food
Female,35-44,Single,Middle,Breakfast,Monday,Auto Nagar,Biryani
Female,55-64,Divorced,High,Dinner,Monday,Auto Nagar,Biryani
Male,25-34,Widowed,Upper-Middle,Dinner,Thursday,Patamata,Continental
Female,25-34,Single,High,Late Night,Sunday,Auto Nagar,Biryani
Female,25-34,Divorced,Low,Snack,Friday,One Town,Street Food
Female,18-24,Single,High,Lunch,Friday,Bhavanipuram,Biryani
Other,45-54,Married,Middle,Dinner,Monday,Ramachandra Nagar,North Indian
Male,55-64,Widowed,Low,Breakfast,Wednesday,Patamata,Continental
Male,18-24,Single,Upper-Middle,Breakfast,Tuesday,Auto Nagar,Biryani
Other,18-24,Widowed,High,Dinner,Wednesday,MG Road,Fast Food
Female,55-64,Divorced,Upper-Middle,Lunch,Monday,Poranki,Bakery
Female,55-64,Single,Upper-Middle,Snack,Tuesday,Gunadala,South Indian
Male,55-64,Single,High,Snack,Wednesday,Ramachandra Nagar,North Indian
Female,45-54,Widowed,High,Dinner,Thursday,Poranki,Bakery
Male,45-54,Widowed,High,Breakfast,Saturday,MG Road,Chinese
Female,18-24,Divorced,Middle,Breakfast,Friday,Ramachandra Nagar,North Indian
Other,55-64,Single,Upper-Middle,Dinner,Tuesday,Benz Circle,Biryani
Other,55-64,Divorced,Upper-Middle,Breakfast,Saturday,MG Road,Chinese
Other,45-54,Divorced,Low,Breakfast,Saturday,Poranki,South Indian
Female,18-24,Single,Upper-Middle,Late Night,Saturday,Ramachandra Nagar,North Indian
Female,45-54,Divorced,Upper-Middle,Dinner,Tuesday,Patamata,Continental
Female,45-54,Widowed,Low,Breakfast,Tuesday,MG Road,Chinese
Other,55-64,Widowed,Low,Dinner,Thursday,Poranki,Biryani
Other,45-54,Married,Low,Late Night,Friday,MG Road,Fast Food
Female,35-44,Divorced,Upper-Middle,Lunch,Wednesday,Bhavanipuram,Biryani
Female,25-34,Married,Low,Late Night,Monday,Auto Nagar,Biryani
Other,25-34,Married,Middle,Late Night,Saturday,Governorpet,Fast Food
Male,45-54,Single,High,Dinner,Tuesday,Benz Circle,Biryani
Male,18-24,Single,Upper-Middle,Late Night,Tuesday,Gunadala,Fast Food
Other,18-24,Married,Upper-Middle,Breakfast,Thursday,Governorpet,South Indian
Male,18-24,Married,Low,Dinner,Tuesday,Bhavanipuram,Biryani
Male,45-54,Divorced,Low,Late Night,Monday,Governorpet,South Indian
Female,25-34,Widowed,High,Dinner,Friday,Auto Nagar,Biryani
Male,25-34,Married,High,Breakfast,Sunday,Ramachandra Nagar,South Indian
Male,18-24,Married,Low,Lunch,Wednesday,MG Road,Fast Food
Female,25-34,Widowed,High,Dinner,Saturday,Poranki,Bakery
Other,55-64,Single,Middle,Dinner,Saturday,Ramachandra Nagar,Biryani
Female,45-54,Divorced,Middle,Late Night,Sunday,Gunadala,South Indian
Female,18-24,Married,High,Lunch,Thursday,One Town,Street Food
Other,55-64,Divorced,Upper-Middle,Snack,Tuesday,One Town,Street Food
Male,18-24,Divorced,Upper-Middle,Dinner,Wednesday,Bhavanipuram,Chinese
Male,18-24,Divorced,Upper-Middle,Lunch,Saturday,Patamata,Biryani
Other,25-34,Widowed,High,Dinner,Sunday,Benz Circle,Biryani
Male,55-64,Single,Upper-Middle,Lunch,Thursday,MG Road,Chinese
Male,55-64,Divorced,Middle,Breakfast,Thursday,Gunadala,South Indian
Other,25-34,Married,Upper-Middle,Dinner,Friday,Poranki,Biryani
Other,18-24,Widowed,High,Late Night,Tuesday,One Town,Fast Food
Other,25-34,Married,Low,Snack,Tuesday,MG Road,Street Food
Female,25-34,Single,Upper-Middle,Breakfast,Monday,Governorpet,South Indian
Female,25-34,Divorced,Upper-Middle,Dinner,Monday,Ramachandra Nagar,North Indian
Other,25-34,Single,Low,Snack,Monday,Auto Nagar,Biryani
Male,18-24,Divorced,Upper-Middle,Late Night,Monday,Poranki,Bakery
Other,18-24,Married,High,Breakfast,Thursday,Benz Circle,Fast Food
Other,25-34,Married,Upper-Middle,Snack,Tuesday,One Town,Street Food
Male,25-34,Married,Middle,Lunch,Wednesday,Gunadala,South Indian
Female,18-24,Married,Low,Dinner,Wednesday,Auto Nagar,Biryani
Male,55-64,Divorced,Middle,Lunch,Friday,MG Road,Biryani
Other,18-24,Divorced,Upper-Middle,Breakfast,Thursday,Ramachandra Nagar,North Indian
Male,35-44,Widowed,Low,Late Night,Sunday,Gunadala,South Indian
Other,18-24,Divorced,Middle,Snack,Friday,MG Road,Street Food
Other,25-34,Married,High,Snack,Saturday,MG Road,Chinese
Female,55-64,Widowed,High,Snack,Sunday,Benz Circle,Fast Food
Male,45-54,Divorced,Middle,Dinner,Tuesday,Ramachandra Nagar,Biryani
Other,25-34,Divorced,Upper-Middle,Dinner,Sunday,One Town,Street Food
Female,55-64,Married,Low,Snack,Sunday,Ramachandra Nagar,North Indian
Male,45-54,Divorced,Middle,Breakfast,Sunday,Governorpet,South Indian
Other,55-64,Divorced,Low,Dinner,Monday,Ramachandra Nagar,North Indian
Other,45-54,Divorced,Low,Breakfast,Saturday,Auto Nagar,Biryani
Male,35-44,Divorced,Low,Lunch,Tuesday,Auto Nagar,Biryani
Male,18-24,Divorced,Middle,Lunch,Saturday,Ramachandra Nagar,Biryani
Female,55-64,Divorced,Upper-Middle,Dinner,Thursday,Governorpet,South Indian
Other,25-34,Married,Upper-Middle,Dinner,Sunday,One Town,Continental
Male,35-44,Single,Low,Breakfast,Saturday,Poranki,South Indian
Other,35-44,Widowed,High,Breakfast,Sunday,Patamata,South Indian
Female,35-44,Widowed,Low,Late Night,Friday,Auto Nagar,Biryani
Male,45-54,Divorced,Middle,Snack,Friday,Patamata,Street Food
Male,45-54,Married,Middle,Lunch,Friday,One Town,Street Food
Male,35-44,Single,Upper-Middle,Breakfast,Saturday,Governorpet,South Indian
Male,45-54,Married,Upper-Middle,Snack,Saturday,Bhavanipuram,Street Food
Male,45-54,Divorced,Upper-Middle,Snack,Sunday,Patamata,Continental
Female,18-24,Married,Middle,Snack,Saturday,Governorpet,South Indian
Female,18-24,Single,Low,Lunch,Saturday,One Town,Biryani
Other,25-34,Divorced,Low,Dinner,Monday,Benz Circle,Biryani
Male,35-44,Widowed,High,Dinner,Saturday,MG Road,Chinese
Female,55-64,Single,Upper-Middle,Lunch,Sunday,Poranki,Biryani
Female,35-44,Single,High,Lunch,Tuesday,Patamata,Continental
Other,55-64,Widowed,Middle,Breakfast,Wednesday,Bhavanipuram,Biryani
Other,35-44,Married,High,Dinner,Friday,Benz Circle,Fast Food
Female,45-54,Married,High,Snack,Sunday,Patamata,Continental
Other,25-34,Widowed,High,Late Night,Sunday,Patamata,North Indian
Female,35-44,Widowed,Low,Breakfast,Saturday,One Town,Street Food
Male,25-34,Single,Low,Snack,Wednesday,One Town,Street Food
Female,18-24,Single,Low,Breakfast,Thursday,Ramachandra Nagar,North Indian
Other,55-64,Divorced,Middle,Snack,Saturday,Governorpet,South Indian
Female,18-24,Married,Middle,Breakfast,Saturday,Poranki,Bakery
Female,45-54,Widowed,Middle,Breakfast,Saturday,Bhavanipuram,Biryani
Other,35-44,Widowed,Middle,Late Night,Monday,One Town,Street Food
Female,25-34,Single,Upper-Middle,Snack,Wednesday,One Town,Street Food
Other,18-24,Single,Upper-Middle,Late Night,Sunday,Auto Nagar,Biryani
Male,55-64,Widowed,Middle,Breakfast,Sunday,Ramachandra Nagar,Bakery
Female,18-24,Widowed,High,Snack,Thursday,MG Road,Continental
Other,25-34,Divorced,High,Dinner,Saturday,Benz Circle,Fast Food
Female,25-34,Divorced,Upper-Middle,Breakfast,Sunday,Bhavanipuram,South Indian
Male,25-34,Married,Middle,Late Night,Thursday,Auto Nagar,Fast Food
Female,18-24,Divorced,High,Late Night,Wednesday,Bhavanipuram,Fast Food
Female,35-44,Single,Upper-Middle,Dinner,Tuesday,Patamata,Continental
Other,55-64,Single,High,Breakfast,Wednesday,One Town,Street Food
Female,18-24,Widowed,Upper-Middle,Breakfast,Monday,Poranki,Bakery
Female,55-64,Divorced,Low,Late Night,Thursday,Benz Circle,Fast Food
Female,18-24,Married,High,Breakfast,Saturday,MG Road,Chinese
Female,25-34,Single,Upper-Middle,Snack,Monday,MG Road,Chinese
Female,18-24,Single,High,Lunch,Saturday,MG Road,Chinese
Male,55-64,Single,Upper-Middle,Late Night,Wednesday,Governorpet,Fast Food
Male,35-44,Divorced,Middle,Late Night,Monday,Patamata,Continental
Female,35-44,Single,Low,Dinner,Wednesday,MG Road,North Indian
Other,18-24,Single,Upper-Middle,Dinner,Tuesday,Patamata,Biryani
Male,18-24,Widowed,High,Breakfast,Friday,Governorpet,South Indian
Male,45-54,Widowed,Middle,Breakfast,Wednesday,Benz Circle,Fast Food
Other,35-44,Single,Low,Lunch,Friday,Auto Nagar,Biryani
Male,55-64,Divorced,Upper-Middle,Lunch,Tuesday,Auto Nagar,Bakery
Male,18-24,Single,Middle,Lunch,Thursday,Ramachandra Nagar,Biryani
Other,18-24,Divorced,Middle,Late Night,Sunday,Ramachandra Nagar,Bakery
Male,18-24,Widowed,Middle,Breakfast,Thursday,Governorpet,South Indian
Other,55-64,Widowed,Upper-Middle,Dinner,Sunday,Patamata,Continental
Other,55-64,Divorced,Middle,Dinner,Sunday,Benz Circle,Fast Food
Male,35-44,Divorced,High,Lunch,Wednesday,MG Road,Chinese
Female,18-24,Widowed,Low,Dinner,Friday,Patamata,Biryani
Male,35-44,Widowed,Middle,Snack,Saturday,Ramachandra Nagar,North Indian
Female,35-44,Widowed,Low,Late Night,Wednesday,Governorpet,South Indian
Female,45-54,Single,Low,Snack,Monday,Governorpet,South Indian
Male,35-44,Married,Low,Breakfast,Wednesday,One Town,South Indian
Female,55-64,Married,Upper-Middle,Breakfast,Wednesday,Gunadala,Biryani
Other,45-54,Single,High,Dinner,Saturday,One Town,Street Food
Male,25-34,Married,Upper-Middle,Breakfast,Tuesday,One Town,Biryani
Male,35-44,Divorced,Upper-Middle,Snack,Wednesday,Ramachandra Nagar,North Indian
Male,45-54,Divorced,Middle,Lunch,Tuesday,Governorpet,Biryani
Male,45-54,Single,Upper-Middle,Dinner,Tuesday,Benz Circle,Fast Food
Female,18-24,Widowed,Middle,Breakfast,Saturday,Gunadala,South Indian
Other,35-44,Married,Low,Lunch,Saturday,Auto Nagar,South Indian
Female,45-54,Married,Low,Dinner,Monday,Governorpet,Biryani
Other,55-64,Married,Middle,Lunch,Friday,Poranki,Bakery
Other,55-64,Divorced,Middle,Snack,Saturday,Patamata,Street Food
Female,55-64,Married,Middle,Breakfast,Wednesday,Auto Nagar,Biryani
Other,25-34,Married,Middle,Lunch,Friday,Patamata,Biryani
Other,45-54,Single,High,Dinner,Thursday,Benz Circle,Fast Food
Other,55-64,Widowed,Upper-Middle,Dinner,Tuesday,Auto Nagar,South Indian
Female,25-34,Divorced,High,Late Night,Monday,MG Road,Fast Food
Female,25-34,Divorced,Upper-Middle,Lunch,Tuesday,Bhavanipuram,Biryani
Male,35-44,Divorced,High,Dinner,Tuesday,Patamata,Continental
Male,35-44,Single,Low,Breakfast,Thursday,Benz Circle,South Indian
Other,55-64,Widowed,Low,Dinner,Monday,Benz Circle,Bakery
Male,55-64,Married,Low,Snack,Saturday,Patamata,Continental
Male,45-54,Widowed,High,Late Night,Wednesday,Gunadala,South Indian
Female,55-64,Divorced,Middle,Dinner,Wednesday,Gunadala,South Indian
Female,55-64,Divorced,High,Breakfast,Monday,Patamata,South Indian
Other,25-34,Divorced,High,Dinner,Sunday,Ramachandra Nagar,North Indian
Other,25-34,Single,Middle,Lunch,Saturday,Governorpet,Biryani
Female,25-34,Married,Upper-Middle,Lunch,Thursday,Bhavanipuram,Biryani
Female,18-24,Married,Middle,Snack,Tuesday,Ramachandra Nagar,North Indian
Male,45-54,Married,Low,Breakfast,Sunday,MG Road,South Indian
Male,45-54,Widowed,High,Late Night,Tuesday,Governorpet,Chinese
Other,45-54,Widowed,Low,Lunch,Monday,Auto Nagar,Biryani
Other,35-44,Single,High,Late Night,Sunday,Bhavanipuram,Biryani
Female,55-64,Widowed,Middle,Dinner,Thursday,Auto Nagar,Biryani
Other,25-34,Divorced,Upper-Middle,Late Night,Thursday,MG Road,Chinese
Male,18-24,Married,Upper-Middle,Lunch,Wednesday,Bhavanipuram,Biryani
Other,55-64,Widowed,Middle,Lunch,Wednesday,Benz Circle,Fast Food
Male,25-34,Divorced,Low,Snack,Saturday,One Town,Street Food
Male,45-54,Single,Low,Snack,Friday,MG Road,North Indian
Other,55-64,Single,Upper-Middle,Late Night,Monday,Ramachandra Nagar,North Indian
Other,55-64,Single,High,Lunch,Tuesday,Benz Circle,Fast Food
Female,55-64,Widowed,Middle,Lunch,Saturday,Poranki,Bakery
Other,55-64,Divorced,Low,Snack,Sunday,MG Road,Bakery
Female,25-34,Single,High,Lunch,Sunday,Auto Nagar,Biryani
Other,35-44,Married,Upper-Middle,Dinner,Sunday,Ramachandra Nagar,South Indian
Female,45-54,Divorced,High,Lunch,Wednesday,Gunadala,Biryani
Male,55-64,Single,Low,Breakfast,Friday,Patamata,Continental
Male,45-54,Married,High,Snack,Sunday,Bhavanipuram,Biryani
Female,18-24,Divorced,Low,Breakfast,Tuesday,Bhavanipuram,Biryani
Male,55-64,Widowed,High,Dinner,Friday,Poranki,Biryani
Other,55-64,Single,Upper-Middle,Snack,Wednesday,Bhavanipuram,Street Food
Male,35-44,Divorced,Middle,Late Night,Saturday,Benz Circle,Fast Food
Male,18-24,Single,Low,Late Night,Monday,Ramachandra Nagar,Fast Food
Male,35-44,Divorced,Upper-Middle,Lunch,Wednesday,Gunadala,South Indian
Female,55-64,Widowed,Middle,Snack,Monday,Gunadala,South Indian
Male,18-24,Married,Low,Late Night,Saturday,MG Road,Chinese
Other,55-64,Single,Low,Breakfast,Sunday,Benz Circle,South Indian
Female,18-24,Married,Low,Lunch,Monday,Poranki,Bakery
Male,25-34,Single,High,Late Night,Thursday,Poranki,Fast Food
Female,18-24,Single,Low,Lunch,Thursday,Bhavanipuram,Biryani
Female,18-24,Married,Low,Dinner,Sunday,Governorpet,South Indian
Other,25-34,Married,Low,Late Night,Monday,Benz Circle,Fast Food
Female,45-54,Single,High,Late Night,Thursday,Governorpet,South Indian
Other,55-64,Divorced,High,Lunch,Monday,Benz Circle,Fast Food
Male,55-64,Married,Low,Late Night,Friday,Ramachandra Nagar,Fast Food
Female,18-24,Widowed,Low,Breakfast,Wednesday,Auto Nagar,South Indian
Female,25-34,Widowed,High,Dinner,Monday,One Town,Street Food
Female,35-44,Single,High,Dinner,Tuesday,Benz Circle,Chinese
Female,35-44,Single,Middle,Late Night,Saturday,Ramachandra Nagar,North Indian
Male,35-44,Married,High,Late Night,Tuesday,Auto Nagar,North Indian
Other,35-44,Widowed,High,Late Night,Monday,Gunadala,South Indian
Male,55-64,Married,High,Breakfast,Thursday,Governorpet,South Indian
Other,55-64,Divorced,Low,Late Night,Monday,Patamata,Continental
Female,18-24,Married,High,Dinner,Sunday,One Town,Street Food
Female,18-24,Widowed,Upper-Middle,Late Night,Thursday,Ramachandra Nagar,North Indian
Male,18-24,Single,Low,Dinner,Sunday,Poranki,Biryani
Male,45-54,Widowed,Upper-Middle,Dinner,Wednesday,Benz Circle,Biryani
Female,18-24,Widowed,Low,Dinner,Monday,Ramachandra Nagar,North Indian
Male,35-44,Married,Middle,Late Night,Sunday,Auto Nagar,Fast Food
Male,18-24,Divorced,Upper-Middle,Breakfast,Friday,Benz Circle,Fast Food
Female,35-44,Widowed,Middle,Late Night,Friday,Benz Circle,Fast Food
Other,45-54,Widowed,Upper-Middle,Dinner,Sunday,MG Road,Bakery
Other,18-24,Widowed,Middle,Snack,Monday,Ramachandra Nagar,North Indian
Other,55-64,Single,Middle,Dinner,Monday,Governorpet,South Indian
Male,18-24,Widowed,Middle,Dinner,Sunday,Patamata,Biryani
Female,45-54,Single,Middle,Dinner,Tuesday,Governorpet,South Indian
Female,55-64,Single,High,Dinner,Saturday,Benz Circle,Fast Food
Male,18-24,Widowed,High,Late Night,Thursday,Ramachandra Nagar,North Indian
Female,45-54,Widowed,Middle,Lunch,Sunday,Gunadala,Biryani
Other,25-34,Widowed,Upper-Middle,Late Night,Thursday,Auto Nagar,Bakery
Male,25-34,Married,Middle,Late Night,Tuesday,Ramachandra Nagar,North Indian
Other,25-34,Single,Upper-Middle,Lunch,Friday,Governorpet,Biryani
Other,18-24,Single,Upper-Middle,Late Night,Sunday,Gunadala,South Indian
Female,25-34,Single,Middle,Snack,Sunday,Auto Nagar,Biryani
Female,55-64,Married,Low,Dinner,Friday,Poranki,Bakery
Female,55-64,Widowed,High,Snack,Thursday,Gunadala,South Indian
Male,45-54,Married,High,Lunch,Friday,Auto Nagar,Biryani
Male,45-54,Married,Low,Snack,Friday,Poranki,Bakery
Female,35-44,Widowed,Middle,Dinner,Saturday,Benz Circle,Fast Food
Other,35-44,Divorced,Low,Dinner,Saturday,Governorpet,South Indian
Other,45-54,Widowed,Low,Snack,Friday,Bhavanipuram,Biryani
Female,35-44,Divorced,Upper-Middle,Dinner,Wednesday,Ramachandra Nagar,North Indian
Male,45-54,Widowed,Low,Dinner,Wednesday,Benz Circle,Fast Food
Female,35-44,Single,Middle,Dinner,Monday,One Town,Continental
Female,45-54,Married,High,Snack,Monday,Gunadala,South Indian
Other,35-44,Divorced,Middle,Snack,Friday,Bhavanipuram,Street Food
Other,45-54,Divorced,Middle,Breakfast,Thursday,MG Road,South Indian
Male,45-54,Divorced,High,Late Night,Saturday,MG Road,Chinese
Male,55-64,Single,Middle,Lunch,Tuesday,One Town,Street Food
Male,45-54,Married,High,Late Night,Tuesday,Patamata,Continental
Female,45-54,Single,Upper-Middle,Dinner,Thursday,Governorpet,South Indian
Female,18-24,Married,Upper-Middle,Lunch,Wednesday,Gunadala,Biryani
Male,18-24,Widowed,Middle,Snack,Tuesday,Auto Nagar,Biryani
Other,45-54,Single,Upper-Middle,Lunch,Monday,Poranki,Biryani
Female,35-44,Single,Upper-Middle,Dinner,Tuesday,Governorpet,South Indian
Other,45-54,Married,Upper-Middle,Lunch,Sunday,Governorpet,South Indian
Female,18-24,Married,Middle,Late Night,Monday,Bhavanipuram,Biryani
Female,45-54,Widowed,High,Lunch,Wednesday,Benz Circle,Fast Food
Other,45-54,Single,Middle,Breakfast,Thursday,One Town,Street Food
Female,25-34,Single,Upper-Middle,Breakfast,Monday,MG Road,South Indian
Other,25-34,Married,Low,Snack,Tuesday,Benz Circle,Fast Food
Male,55-64,Widowed,Low,Dinner,Sunday,Patamata,Continental
Male,45-54,Married,Low,Late Night,Monday,Governorpet,South Indian
Male,35-44,Married,High,Dinner,Tuesday,Gunadala,South Indian
Female,35-44,Single,Low,Breakfast,Monday,Auto Nagar,South Indian
Male,18-24,Widowed,Upper-Middle,Lunch,Saturday,One Town,Street Food
Female,45-54,Single,High,Lunch,Sunday,Gunadala,Biryani
Male,55-64,Widowed,High,Late Night,Saturday,Benz Circle,Bakery
Male,45-54,Divorced,High,Late Night,Friday,Bhavanipuram,Biryani
Other,45-54,Divorced,High,Dinner,Sunday,Bhavanipuram,Biryani
Male,35-44,Single,High,Lunch,Friday,Bhavanipuram,Biryani
Male,35-44,Married,Low,Late Night,Sunday,One Town,Fast Food
Other,45-54,Single,Middle,Dinner,Sunday,Patamata,Continental
Female,55-64,Divorced,Low,Snack,Friday,Gunadala,South Indian
Other,55-64,Married,Low,Snack,Saturday,Poranki,Bakery
Female,45-54,Divorced,Upper-Middle,Late Night,Thursday,Auto Nagar,Biryani
Female,25-34,Married,High,Lunch,Friday,MG Road,Chinese
Other,35-44,Widowed,Low,Snack,Saturday,Poranki,Bakery
Female,25-34,Single,Upper-Middle,Snack,Wednesday,MG Road,Street Food
Female,35-44,Single,High,Late Night,Sunday,Ramachandra Nagar,Chinese
Female,18-24,Widowed,Middle,Late Night,Wednesday,MG Road,Chinese
Other,55-64,Married,Middle,Breakfast,Tuesday,Patamata,Continental
Female,18-24,Widowed,Low,Snack,Thursday,Bhavanipuram,Biryani
Female,25-34,Widowed,Middle,Dinner,Thursday,Patamata,Biryani
Female,55-64,Widowed,Middle,Breakfast,Wednesday,Ramachandra Nagar,North Indian
Female,25-34,Single,Upper-Middle,Breakfast,Sunday,MG Road,South Indian
Other,35-44,Divorced,High,Late Night,Saturday,Patamata,Fast Food
Female,55-64,Divorced,Middle,Snack,Tuesday,One Town,Street Food
Other,45-54,Single,High,Dinner,Wednesday,Poranki,Bakery
Female,18-24,Widowed,Middle,Dinner,Sunday,Bhavanipuram,Biryani
Male,25-34,Married,Upper-Middle,Breakfast,Sunday,Governorpet,South Indian
Male,25-34,Widowed,High,Snack,Wednesday,Auto Nagar,Biryani
Male,45-54,Single,Middle,Snack,Saturday,Ramachandra Nagar,North Indian
Female,35-44,Widowed,High,Breakfast,Tuesday,Patamata,Continental
Female,35-44,Single,Middle,Dinner,Thursday,Governorpet,South Indian
Female,55-64,Single,Middle,Dinner,Thursday,Benz Circle,Biryani
Other,18-24,Divorced,High,Lunch,Thursday,Benz Circle,Biryani
Male,18-24,Single,High,Late Night,Sunday,MG Road,Fast Food
Female,35-44,Married,Upper-Middle,Lunch,Saturday,Bhavanipuram,Biryani
Male,25-34,Divorced,Low,Lunch,Wednesday,Benz Circle,Continental
Female,55-64,Married,Low,Late Night,Wednesday,Bhavanipuram,Biryani
Male,25-34,Widowed,High,Lunch,Friday,Ramachandra Nagar,North Indian
Male,18-24,Divorced,Middle,Dinner,Wednesday,MG Road,Biryani
Other,25-34,Widowed,Middle,Lunch,Wednesday,Gunadala,Biryani
Other,25-34,Divorced,High,Snack,Monday,One Town,Street Food
Female,55-64,Divorced,High,Snack,Thursday,MG Road,Chinese
Female,45-54,Widowed,Upper-Middle,Lunch,Sunday,Auto Nagar,Biryani
Other,35-44,Single,Low,Snack,Sunday,Bhavanipuram,Street Food
Female,18-24,Single,High,Dinner,Wednesday,Patamata,South Indian
Female,25-34,Single,Middle,Late Night,Wednesday,Gunadala,Fast Food
Other,55-64,Widowed,Upper-Middle,Lunch,Wednesday,Governorpet,South Indian
Other,18-24,Single,Low,Snack,Sunday,Bhavanipuram,Street Food
Other,25-34,Divorced,Upper-Middle,Breakfast,Monday,One Town,South Indian
Male,18-24,Divorced,Upper-Middle,Late Night,Wednesday,Governorpet,Fast Food
Other,18-24,Single,Middle,Late Night,Sunday,Gunadala,South Indian
Other,45-54,Single,High,Dinner,Friday,Ramachandra Nagar,North Indian
Female,55-64,Divorced,Middle,Late Night,Monday,Benz Circle,Fast Food
Male,55-64,Single,Upper-Middle,Dinner,Sunday,Ramachandra Nagar,North Indian
Other,18-24,Divorced,Upper-Middle,Lunch,Saturday,Benz Circle,Biryani
Male,55-64,Single,Upper-Middle,Late Night,Tuesday,Benz Circle,Continental
Other,45-54,Married,High,Snack,Thursday,Bhavanipuram,Biryani
Other,45-54,Divorced,Low,Breakfast,Friday,Auto Nagar,Biryani
Male,25-34,Single,Low,Late Night,Saturday,MG Road,Chinese
Male,35-44,Married,High,Snack,Sunday,Governorpet,South Indian
Male,18-24,Married,Upper-Middle,Dinner,Monday,Benz Circle,Biryani
Other,18-24,Widowed,Middle,Lunch,Thursday,Poranki,Biryani
Female,18-24,Married,Middle,Lunch,Sunday,Benz Circle,Fast Food
Other,25-34,Married,Low,Lunch,Tuesday,Bhavanipuram,Biryani
Female,45-54,Married,High,Snack,Thursday,Benz Circle,Fast Food
Other,25-34,Divorced,Upper-Middle,Lunch,Tuesday,Auto Nagar,Biryani
Female,25-34,Single,Low,Dinner,Friday,Patamata,Continental
Other,35-44,Divorced,Low,Lunch,Thursday,MG Road,Chinese
Female,55-64,Divorced,Low,Dinner,Thursday,Ramachandra Nagar,North Indian
Other,55-64,Married,Middle,Breakfast,Monday,Gunadala,South Indian
Male,55-64,Widowed,High,Lunch,Saturday,MG Road,Chinese
Female,18-24,Widowed,Middle,Dinner,Thursday,Bhavanipuram,Biryani
Other,25-34,Widowed,Low,Late Night,Tuesday,Governorpet,South Indian
Other,55-64,Married,High,Dinner,Thursday,One Town,Street Food
Male,55-64,Widowed,Middle,Snack,Thursday,Benz Circle,Fast Food
Other,25-34,Divorced,Upper-Middle,Late Night,Tuesday,Poranki,Bakery
Male,35-44,Single,High,Dinner,Saturday,Poranki,Chinese
Male,55-64,Single,Middle,Snack,Thursday,One Town,Street Food
Other,55-64,Widowed,Low,Late Night,Monday,Patamata,Fast Food
Female,25-34,Widowed,Upper-Middle,Snack,Thursday,Benz Circle,Fast Food
Male,55-64,Divorced,High,Snack,Wednesday,Ramachandra Nagar,Street Food
Female,18-24,Married,Upper-Middle,Lunch,Friday,One Town,Biryani
Female,55-64,Single,Low,Late Night,Saturday,Bhavanipuram,Street Food
Other,35-44,Single,Low,Breakfast,Sunday,Patamata,Continental
Female,55-64,Single,High,Dinner,Wednesday,Governorpet,Biryani
Other,18-24,Single,High,Dinner,Friday,Auto Nagar,Biryani
Female,18-24,Single,Low,Late Night,Monday,One Town,Street Food
Male,55-64,Single,Low,Breakfast,Tuesday,One Town,Street Food
Female,35-44,Married,High,Late Night,Monday,MG Road,Chinese
Other,55-64,Divorced,Middle,Late Night,Tuesday,Ramachandra Nagar,Bakery
Female,45-54,Married,Upper-Middle,Lunch,Friday,Bhavanipuram,Biryani
Other,35-44,Married,Middle,Breakfast,Wednesday,Ramachandra Nagar,Fast Food
Male,55-64,Single,Low,Lunch,Saturday,Ramachandra Nagar,Biryani
Male,25-34,Widowed,High,Lunch,Saturday,Poranki,Bakery
Female,18-24,Married,Upper-Middle,Dinner,Tuesday,Governorpet,Biryani
Other,25-34,Single,Upper-Middle,Snack,Tuesday,Auto Nagar,Biryani
Other,55-64,Widowed,High,Breakfast,Saturday,Ramachandra Nagar,South Indian
Male,18-24,Divorced,Middle,Breakfast,Saturday,Benz Circle,Fast Food
Female,18-24,Widowed,Low,Snack,Wednesday,Benz Circle,Fast Food
Male,45-54,Widowed,High,Snack,Thursday,Benz Circle,Fast Food
Male,25-34,Married,Low,Lunch,Tuesday,MG Road,Chinese
Male,55-64,Divorced,Middle,Lunch,Wednesday,Ramachandra Nagar,Biryani
Other,45-54,Widowed,Middle,Late Night,Thursday,One Town,Fast Food
Male,35-44,Widowed,Low,Breakfast,Tuesday,One Town,South Indian
Other,25-34,Single,Upper-Middle,Late Night,Thursday,Patamata,Fast Food
Male,45-54,Divorced,Low,Dinner,Friday,Ramachandra Nagar,Biryani
Female,35-44,Single,Middle,Snack,Tuesday,Poranki,Bakery
Female,45-54,Divorced,Low,Lunch,Friday,One Town,Bakery
Other,55-64,Widowed,Middle,Snack,Tuesday,Patamata,Street Food
Female,45-54,Widowed,Low,Lunch,Tuesday,One Town,South Indian
Other,45-54,Single,High,Snack,Wednesday,Gunadala,South Indian
Male,55-64,Widowed,Low,Dinner,Saturday,Patamata,Continental
Other,25-34,Married,Middle,Late Night,Thursday,Ramachandra Nagar,North Indian
Other,35-44,Married,Middle,Dinner,Thursday,Bhavanipuram,Biryani
Other,18-24,Divorced,Low,Snack,Wednesday,Ramachandra Nagar,North Indian
Other,25-34,Single,High,Late Night,Wednesday,Ramachandra Nagar,North Indian
Female,18-24,Single,Middle,Late Night,Tuesday,Ramachandra Nagar,North Indian
Male,18-24,Widowed,Upper-Middle,Breakfast,Monday,One Town,Street Food
Male,35-44,Married,Middle,Breakfast,Tuesday,Poranki,Bakery
Male,55-64,Widowed,High,Dinner,Tuesday,Auto Nagar,Biryani
Female,35-44,Single,Middle,Breakfast,Sunday,One Town,Street Food
Male,45-54,Single,Middle,Breakfast,Friday,Gunadala,South Indian
Male,45-54,Widowed,High,Lunch,Sunday,Ramachandra Nagar,North Indian
Other,45-54,Married,Middle,Lunch,Friday,Bhavanipuram,Biryani
Male,35-44,Single,High,Snack,Saturday,Governorpet,South Indian
Male,25-34,Divorced,Low,Breakfast,Sunday,Governorpet,South Indian
Male,25-34,Divorced,Upper-Middle,Breakfast,Tuesday,Gunadala,South Indian
Other,25-34,Single,Upper-Middle,Breakfast,Monday,Gunadala,South Indian
Other,25-34,Divorced,Middle,Dinner,Wednesday,MG Road,Biryani
Male,35-44,Married,Middle,Late Night,Tuesday,Benz Circle,Fast Food
Other,45-54,Divorced,Low,Snack,Wednesday,Gunadala,South Indian
Male,45-54,Widowed,High,Lunch,Wednesday,MG Road,Biryani
Other,45-54,Widowed,Upper-Middle,Lunch,Thursday,Ramachandra Nagar,North Indian
Male,45-54,Divorced,Middle,Snack,Tuesday,Ramachandra Nagar,North Indian
Male,55-64,Single,High,Lunch,Wednesday,Governorpet,South Indian
Female,45-54,Widowed,Low,Dinner,Sunday,Bhavanipuram,North Indian
Male,18-24,Married,Upper-Middle,Late Night,Saturday,Gunadala,South Indian
Female,25-34,Single,Middle,Late Night,Wednesday,One Town,Chinese
Male,35-44,Divorced,Middle,Dinner,Wednesday,Ramachandra Nagar,North Indian
Other,55-64,Divorced,High,Lunch,Saturday,Poranki,Bakery
Other,55-64,Widowed,High,Lunch,Wednesday,Gunadala,Biryani
Female,25-34,Married,Low,Breakfast,Monday,Poranki,Bakery
Female,55-64,Widowed,High,Dinner,Sunday,Patamata,Biryani
Male,25-34,Married,High,Dinner,Thursday,One Town,Chinese
Male,45-54,Widowed,Low,Late Night,Sunday,Patamata,Continental
Other,45-54,Widowed,Low,Late Night,Monday,One Town,Street Food
Other,18-24,Single,Upper-Middle,Breakfast,Monday,Poranki,Bakery
Other,55-64,Widowed,Middle,Breakfast,Wednesday,Gunadala,South Indian
Other,55-64,Single,Middle,Breakfast,Wednesday,Ramachandra Nagar,South Indian
Female,25-34,Single,Middle,Snack,Saturday,Poranki,Bakery
Male,18-24,Single,Upper-Middle,Lunch,Saturday,One Town,Street Food
Other,45-54,Divorced,Upper-Middle,Snack,Sunday,Ramachandra Nagar,North Indian
Male,18-24,Single,High,Breakfast,Wednesday,Ramachandra Nagar,North Indian
Female,18-24,Single,Middle,Breakfast,Friday,Gunadala,South Indian
Male,25-34,Widowed,Upper-Middle,Dinner,Tuesday,Bhavanipuram,Biryani
Female,25-34,Widowed,Upper-Middle,Snack,Friday,Patamata,Street Food
Male,18-24,Married,Low,Late Night,Thursday,Benz Circle,Fast Food
Male,25-34,Married,Middle,Lunch,Wednesday,Benz Circle,Fast Food
Other,35-44,Single,High,Snack,Monday,Governorpet,South Indian
Other,18-24,Widowed,Middle,Lunch,Tuesday,Poranki,Bakery
Male,18-24,Married,Low,Snack,Sunday,Gunadala,Street Food
Male,55-64,Divorced,High,Late Night,Tuesday,MG Road,Chinese
Male,35-44,Divorced,Upper-Middle,Dinner,Tuesday,Auto Nagar,Biryani
Other,45-54,Married,Middle,Lunch,Sunday,Ramachandra Nagar,Biryani
Other,25-34,Married,Middle,Dinner,Wednesday,Ramachandra Nagar,North Indian
Male,55-64,Widowed,Upper-Middle,Lunch,Saturday,Auto Nagar,Biryani
Other,18-24,Single,High,Snack,Wednesday,Ramachandra Nagar,Street Food
Male,18-24,Single,Upper-Middle,Snack,Saturday,Benz Circle,Fast Food
Female,25-34,Married,Middle,Snack,Saturday,Bhavanipuram,Biryani
Female,18-24,Married,Upper-Middle,Breakfast,Tuesday,Poranki,Bakery
Female,55-64,Divorced,Low,Dinner,Monday,Gunadala,South Indian
Female,25-34,Married,Upper-Middle,Snack,Sunday,MG Road,Street Food
Male,45-54,Widowed,High,Lunch,Friday,Ramachandra Nagar,North Indian
Male,55-64,Single,Low,Lunch,Thursday,One Town,Street Food
Other,35-44,Divorced,Low,Dinner,Wednesday,Ramachandra Nagar,North Indian
Female,45-54,Single,Low,Breakfast,Sunday,Ramachandra Nagar,North Indian
Female,25-34,Divorced,Upper-Middle,Lunch,Wednesday,Gunadala,South Indian
Male,25-34,Widowed,Upper-Middle,Breakfast,Monday,Auto Nagar,South Indian
Male,18-24,Married,High,Lunch,Saturday,Bhavanipuram,Biryani
Female,18-24,Single,Upper-Middle,Dinner,Thursday,One Town,Street Food
Other,55-64,Widowed,Low,Snack,Monday,One Town,Street Food
Other,45-54,Divorced,Middle,Dinner,Sunday,MG Road,Chinese
Male,18-24,Divorced,High,Lunch,Monday,Auto Nagar,Biryani
Other,35-44,Divorced,Low,Breakfast,Tuesday,Governorpet,South Indian
Female,35-44,Divorced,Low,Late Night,Thursday,One Town,Street Food
Female,45-54,Single,Middle,Breakfast,Wednesday,Poranki,Bakery
Male,18-24,Divorced,High,Dinner,Saturday,Governorpet,Biryani
Male,18-24,Married,High,Breakfast,Sunday,MG Road,Chinese
Female,35-44,Married,High,Snack,Wednesday,MG Road,Chinese
Female,45-54,Married,Middle,Breakfast,Friday,One Town,Street Food
Female,45-54,Divorced,Low,Dinner,Sunday,Patamata,Continental
Female,25-34,Divorced,Upper-Middle,Lunch,Saturday,Auto Nagar,Biryani
Male,18-24,Widowed,Low,Snack,Saturday,Poranki,Bakery
Female,25-34,Married,Low,Breakfast,Saturday,Gunadala,South Indian
Female,18-24,Single,High,Snack,Tuesday,MG Road,Chinese
Female,35-44,Widowed,Low,Late Night,Tuesday,Bhavanipuram,Biryani
Other,25-34,Divorced,Upper-Middle,Breakfast,Sunday,Auto Nagar,South Indian
Female,25-34,Married,Middle,Late Night,Friday,Ramachandra Nagar,North Indian
Male,25-34,Married,Upper-Middle,Dinner,Tuesday,Patamata,Biryani
Other,18-24,Divorced,Middle,Snack,Tuesday,Gunadala,Street Food
Male,18-24,Widowed,Upper-Middle,Snack,Friday,Bhavanipuram,Biryani
Female,35-44,Divorced,Low,Lunch,Saturday,Bhavanipuram,Biryani
Female,18-24,Single,Middle,Dinner,Thursday,Ramachandra Nagar,North Indian
Other,35-44,Divorced,Low,Dinner,Friday,Gunadala,South Indian
Male,35-44,Married,High,Lunch,Friday,Gunadala,Biryani
Other,18-24,Single,Low,Lunch,Sunday,Poranki,Biryani
Male,18-24,Single,Middle,Dinner,Sunday,Ramachandra Nagar,North Indian
Male,45-54,Married,Upper-Middle,Dinner,Monday,Benz Circle,Fast Food
Female,45-54,Single,High,Dinner,Monday,Patamata,Continental
Female,45-54,Married,Middle,Breakfast,Thursday,MG Road,Chinese
Female,35-44,Widowed,Upper-Middle,Late Night,Tuesday,Bhavanipuram,Biryani
Female,55-64,Widowed,Upper-Middle,Snack,Sunday,Patamata,Continental
Other,18-24,Widowed,High,Late Night,Sunday,Benz Circle,North Indian
Female,45-54,Single,High,Breakfast,Wednesday,Auto Nagar,Biryani
Female,35-44,Divorced,Middle,Dinner,Saturday,Gunadala,Chinese
Other,25-34,Divorced,High,Lunch,Friday,Governorpet,South Indian
Other,25-34,Married,High,Dinner,Sunday,Ramachandra Nagar,Biryani
Male,35-44,Single,Upper-Middle,Late Night,Sunday,One Town,Fast Food
Male,18-24,Single,Upper-Middle,Breakfast,Monday,Patamata,Continental
Male,45-54,Widowed,Upper-Middle,Dinner,Wednesday,Bhavanipuram,Biryani
Other,18-24,Divorced,Upper-Middle,Snack,Friday,Auto Nagar,Continental
Other,25-34,Widowed,Low,Lunch,Tuesday,Gunadala,South Indian
Other,35-44,Married,High,Late Night,Friday,Benz Circle,Fast Food
Other,55-64,Single,Low,Breakfast,Saturday,Gunadala,South Indian
Male,55-64,Married,Low,Dinner,Saturday,Auto Nagar,Fast Food
Male,55-64,Divorced,Middle,Lunch,Sunday,Ramachandra Nagar,North Indian
Other,55-64,Divorced,Low,Dinner,Tuesday,Patamata,South Indian
Other,18-24,Married,Middle,Late Night,Friday,Governorpet,South Indian
Female,45-54,Single,Middle,Dinner,Monday,Auto Nagar,Biryani
Female,45-54,Single,High,Snack,Saturday,Benz Circle,Fast Food
Other,18-24,Widowed,Low,Dinner,Wednesday,Governorpet,Biryani
Male,45-54,Widowed,High,Lunch,Wednesday,Poranki,Biryani
Female,45-54,Single,High,Snack,Sunday,Patamata,Street Food
Female,55-64,Single,High,Lunch,Wednesday,Patamata,Continental
Female,18-24,Married,Low,Late Night,Monday,One Town,Street Food
Other,35-44,Married,Upper-Middle,Late Night,Saturday,Benz Circle,Fast Food
Other,45-54,Divorced,High,Dinner,Tuesday,Ramachandra Nagar,Chinese
Male,45-54,Single,Upper-Middle,Snack,Saturday,Auto Nagar,Street Food
Male,25-34,Divorced,Upper-Middle,Dinner,Tuesday,Governorpet,Biryani
Female,18-24,Widowed,Upper-Middle,Late Night,Sunday,One Town,Street Food
Other,45-54,Divorced,Upper-Middle,Breakfast,Saturday,Governorpet,South Indian
Other,25-34,Widowed,High,Breakfast,Saturday,Benz Circle,South Indian
Male,18-24,Widowed,Low,Dinner,Wednesday,One Town,Street Food
Other,35-44,Married,Upper-Middle,Breakfast,Thursday,Gunadala,South Indian
Other,25-34,Divorced,High,Snack,Saturday,MG Road,Chinese
Male,55-64,Divorced,Low,Lunch,Sunday,Benz Circle,Fast Food
Male,25-34,Married,Low,Lunch,Thursday,One Town,Street Food
Female,35-44,Married,Middle,Snack,Thursday,Ramachandra Nagar,Street Food
Other,45-54,Divorced,Middle,Dinner,Thursday,Ramachandra Nagar,Biryani
Other,35-44,Single,Upper-Middle,Late Night,Thursday,One Town,Street Food
Male,55-64,Single,Low,Lunch,Sunday,One Town,Biryani
Female,35-44,Widowed,High,Snack,Sunday,Ramachandra Nagar,North Indian
Other,35-44,Divorced,Upper-Middle,Late Night,Friday,Gunadala,South Indian
Other,45-54,Single,High,Late Night,Friday,Benz Circle,Fast Food
Female,35-44,Widowed,Upper-Middle,Dinner,Wednesday,Governorpet,South Indian
Other,18-24,Divorced,High,Dinner,Tuesday,One Town,Biryani
Male,35-44,Single,Low,Snack,Monday,Ramachandra Nagar,North Indian
Other,55-64,Divorced,Upper-Middle,Snack,Wednesday,Benz Circle,Street Food
Male,45-54,Married,Middle,Lunch,Saturday,Governorpet,Biryani
Other,25-34,Widowed,High,Late Night,Monday,Governorpet,Fast Food
Male,55-64,Divorced,Upper-Middle,Lunch,Saturday,Poranki,Biryani
Other,45-54,Divorced,Upper-Middle,Dinner,Sunday,Gunadala,South Indian
Female,45-54,Divorced,High,Dinner,Thursday,Auto Nagar,Biryani
Female,45-54,Married,Middle,Lunch,Tuesday,MG Road,Chinese
Other,18-24,Divorced,Middle,Dinner,Friday,One Town,Street Food
Other,55-64,Widowed,Middle,Lunch,Friday,Gunadala,South Indian
Male,18-24,Married,High,Snack,Sunday,Ramachandra Nagar,Street Food
Male,25-34,Single,Low,Breakfast,Sunday,Patamata,Continental
Male,45-54,Single,High,Lunch,Saturday,Ramachandra Nagar,Biryani
Other,35-44,Divorced,High,Late Night,Thursday,Auto Nagar,Biryani
Female,25-34,Widowed,Low,Snack,Thursday,Poranki,Bakery
Other,35-44,Divorced,High,Lunch,Friday,Governorpet,South Indian
Male,18-24,Single,Middle,Dinner,Wednesday,Bhavanipuram,Biryani
Other,25-34,Widowed,Middle,Late Night,Monday,Bhavanipuram,Fast Food
Female,25-34,Married,High,Breakfast,Saturday,One Town,Street Food
Other,35-44,Divorced,Upper-Middle,Late Night,Friday,Benz Circle,Fast Food
Female,25-34,Single,Low,Dinner,Saturday,Governorpet,South Indian
Male,55-64,Single,Upper-Middle,Snack,Sunday,Ramachandra Nagar,Street Food
Female,55-64,Married,Middle,Snack,Sunday,Ramachandra Nagar,North Indian
Other,45-54,Widowed,High,Lunch,Saturday,Auto Nagar,Biryani
Female,25-34,Married,Low,Late Night,Sunday,Governorpet,South Indian
Other,18-24,Married,High,Lunch,Saturday,Patamata,Continental
Male,45-54,Married,Upper-Middle,Dinner,Saturday,One Town,Biryani
Male,35-44,Widowed,High,Breakfast,Wednesday,Bhavanipuram,Biryani
Other,18-24,Divorced,Upper-Middle,Snack,Saturday,Ramachandra Nagar,North Indian
Female,45-54,Single,High,Late Night,Saturday,Benz Circle,Fast Food
Male,25-34,Divorced,Low,Breakfast,Saturday,Auto Nagar,Biryani
Male,18-24,Widowed,Upper-Middle,Late Night,Wednesday,MG Road,North Indian
Other,55-64,Single,High,Snack,Tuesday,Benz Circle,Fast Food
Other,35-44,Single,Low,Dinner,Friday,One Town,Street Food
Male,45-54,Married,Middle,Snack,Sunday,Poranki,Bakery
Other,25-34,Widowed,Low,Breakfast,Saturday,Ramachandra Nagar,North Indian
Male,45-54,Single,High,Late Night,Saturday,Bhavanipuram,Biryani
Male,45-54,Divorced,Upper-Middle,Snack,Sunday,Ramachandra Nagar,North Indian
Male,35-44,Divorced,Upper-Middle,Snack,Monday,Governorpet,South Indian
Other,35-44,Widowed,Upper-Middle,Lunch,Saturday,Auto Nagar,Biryani
Female,18-24,Single,Low,Lunch,Thursday,Gunadala,Biryani
Female,55-64,Widowed,Upper-Middle,Lunch,Saturday,Poranki,Bakery
Male,45-54,Married,Middle,Late Night,Tuesday,Gunadala,South Indian
Male,45-54,Married,Middle,Snack,Monday,Governorpet,South Indian
Female,25-34,Married,Middle,Breakfast,Friday,Bhavanipuram,Biryani
Other,45-54,Married,Middle,Lunch,Friday,Patamata,Continental
Male,18-24,Single,Low,Lunch,Thursday,Ramachandra Nagar,Biryani
Female,18-24,Single,Middle,Lunch,Monday,One Town,Biryani
Other,55-64,Married,Low,Late Night,Wednesday,Gunadala,Fast Food
Female,55-64,Single,Upper-Middle,Lunch,Monday,Bhavanipuram,Biryani
Other,25-34,Widowed,Low,Lunch,Friday,Gunadala,South Indian
Male,18-24,Widowed,High,Late Night,Wednesday,Gunadala,South Indian
Female,25-34,Married,Middle,Dinner,Friday,Auto Nagar,Biryani
Female,25-34,Widowed,Low,Lunch,Thursday,One Town,Street Food
Other,35-44,Married,Low,Lunch,Thursday,Poranki,Bakery
Female,25-34,Divorced,Upper-Middle,Lunch,Sunday,Patamata,Biryani
Other,35-44,Widowed,Middle,Dinner,Saturday,Patamata,Continental
Other,45-54,Widowed,Low,Late Night,Friday,Poranki,Bakery
Male,25-34,Divorced,Upper-Middle,Late Night,Sunday,Poranki,Bakery
Other,45-54,Married,Middle,Snack,Tuesday,One Town,Street Food
Male,45-54,Single,High,Late Night,Monday,Ramachandra Nagar,South Indian
Male,45-54,Single,Upper-Middle,Snack,Saturday,Ramachandra Nagar,North Indian
Male,25-34,Divorced,Low,Breakfast,Tuesday,One Town,Street Food
Male,35-44,Widowed,High,Late Night,Wednesday,One Town,Street Food
Female,25-34,Widowed,High,Dinner,Thursday,One Town,Street Food
Female,45-54,Married,Upper-Middle,Lunch,Thursday,Ramachandra Nagar,North Indian
Other,18-24,Married,Low,Breakfast,Saturday,Patamata,Continental
Male,35-44,Divorced,Middle,Dinner,Thursday,Poranki,Bakery
Other,25-34,Widowed,Upper-Middle,Late Night,Thursday,Benz Circle,Fast Food
Other,45-54,Married,Low,Late Night,Wednesday,Bhavanipuram,Biryani
Female,35-44,Single,Low,Late Night,Thursday,Gunadala,South Indian
Male,18-24,Single,Middle,Snack,Friday,One Town,Street Food
Male,55-64,Married,Middle,Dinner,Sunday,Auto Nagar,Biryani
Female,18-24,Widowed,Upper-Middle,Lunch,Monday,Gunadala,Biryani
Male,25-34,Widowed,Low,Dinner,Sunday,One Town,Street Food
Female,45-54,Divorced,High,Snack,Thursday,Poranki,Street Food
Female,25-34,Divorced,Low,Breakfast,Wednesday,Patamata,Continental
Female,35-44,Single,High,Lunch,Friday,Ramachandra Nagar,North Indian
Male,55-64,Single,Upper-Middle,Snack,Sunday,Gunadala,South Indian
Male,18-24,Single,High,Lunch,Saturday,Benz Circle,Fast Food
Female,25-34,Divorced,High,Snack,Tuesday,Ramachandra Nagar,Street Food
Other,45-54,Divorced,High,Breakfast,Tuesday,Benz Circle,North Indian
Female,55-64,Single,Middle,Breakfast,Thursday,Patamata,South Indian
Female,25-34,Widowed,High,Breakfast,Monday,Poranki,Bakery
Female,35-44,Widowed,Low,Breakfast,Thursday,MG Road,Chinese
Other,18-24,Widowed,Middle,Snack,Thursday,Ramachandra Nagar,Continental
Male,35-44,Widowed,Low,Snack,Wednesday,Ramachandra Nagar,Street Food
Female,55-64,Divorced,High,Breakfast,Sunday,Poranki,North Indian
Male,18-24,Single,High,Lunch,Saturday,Gunadala,Biryani
Male,25-34,Married,Middle,Lunch,Friday,Poranki,Biryani
Male,55-64,Married,Middle,Late Night,Monday,Ramachandra Nagar,North Indian
Male,35-44,Divorced,Low,Late Night,Wednesday,Ramachandra Nagar,Fast Food
Female,25-34,Single,High,Dinner,Thursday,Auto Nagar,Biryani
Other,45-54,Widowed,Low,Lunch,Wednesday,Patamata,North Indian
Male,35-44,Divorced,Middle,Lunch,Monday,Benz Circle,Biryani
Other,55-64,Divorced,Upper-Middle,Late Night,Wednesday,MG Road,Chinese
Female,25-34,Divorced,High,Late Night,Tuesday,Governorpet,Fast Food
Female,25-34,Married,High,Snack,Monday,MG Road,Chinese
Other,35-44,Married,Low,Dinner,Wednesday,Governorpet,South Indian
Male,18-24,Single,High,Breakfast,Wednesday,One Town,Street Food
Male,45-54,Widowed,High,Breakfast,Tuesday,One Town,Street Food
Male,25-34,Widowed,Low,Lunch,Wednesday,Patamata,Continental
Other,35-44,Divorced,High,Breakfast,Wednesday,One Town,Street Food
Other,35-44,Divorced,Low,Late Night,Friday,MG Road,Chinese
Male,45-54,Married,Upper-Middle,Late Night,Friday,Ramachandra Nagar,North Indian
Other,18-24,Divorced,Middle,Snack,Thursday,Bhavanipuram,Biryani
Other,18-24,Divorced,Low,Late Night,Tuesday,Ramachandra Nagar,Fast Food
Female,45-54,Single,Middle,Snack,Sunday,Patamata,Street Food
Male,45-54,Widowed,Middle,Lunch,Friday,MG Road,Street Food
Other,55-64,Single,High,Snack,Saturday,Ramachandra Nagar,Street Food
Female,55-64,Divorced,High,Late Night,Wednesday,Bhavanipuram,Biryani
Other,18-24,Single,Upper-Middle,Breakfast,Sunday,Benz Circle,Fast Food
Male,25-34,Single,Upper-Middle,Dinner,Saturday,Poranki,Bakery
Male,35-44,Single,Upper-Middle,Lunch,Sunday,MG Road,Chinese
Other,45-54,Divorced,Low,Late Night,Friday,Bhavanipuram,Biryani
Female,18-24,Married,High,Snack,Friday,Patamata,Street Food
Female,45-54,Single,Upper-Middle,Snack,Thursday,Patamata,Continental
Male,45-54,Married,Low,Breakfast,Friday,Ramachandra Nagar,South Indian
Male,25-34,Divorced,Middle,Late Night,Friday,Gunadala,South Indian
Other,18-24,Divorced,Low,Lunch,Wednesday,One Town,South Indian
Other,45-54,Divorced,Upper-Middle,Snack,Monday,Governorpet,South Indian
Male,18-24,Divorced,Upper-Middle,Dinner,Wednesday,One Town,Street Food
Other,18-24,Single,Low,Lunch,Wednesday,Benz Circle,Fast Food
Other,45-54,Married,Middle,Snack,Tuesday,MG Road,Street Food
Male,45-54,Single,Low,Breakfast,Thursday,Poranki,Bakery
Male,45-54,Divorced,High,Dinner,Monday,Gunadala,South Indian
Female,45-54,Single,Middle,Snack,Monday,Governorpet,South Indian
Other,35-44,Single,Middle,Late Night,Thursday,Ramachandra Nagar,Fast Food
Female,35-44,Married,Low,Late Night,Monday,Gunadala,South Indian
Female,35-44,Widowed,Upper-Middle,Snack,Saturday,Ramachandra Nagar,North Indian
Other,18-24,Married,Middle,Snack,Wednesday,Ramachandra Nagar,Street Food
Female,18-24,Single,Upper-Middle,Dinner,Monday,Patamata,Biryani
Other,45-54,Married,Low,Dinner,Friday,Governorpet,South Indian
Other,55-64,Married,Upper-Middle,Lunch,Tuesday,Ramachandra Nagar,Biryani
Male,18-24,Married,Low,Late Night,Tuesday,Poranki,Bakery
Female,25-34,Widowed,Upper-Middle,Breakfast,Saturday,MG Road,Fast Food
Other,55-64,Widowed,Upper-Middle,Breakfast,Saturday,Governorpet,South Indian
Female,45-54,Married,High,Lunch,Thursday,Benz Circle,Fast Food
Female,55-64,Single,Low,Snack,Tuesday,Benz Circle,Street Food
Other,45-54,Single,Upper-Middle,Breakfast,Saturday,Poranki,South Indian
Male,35-44,Widowed,Low,Late Night,Tuesday,Benz Circle,Fast Food
Male,18-24,Single,Middle,Snack,Monday,One Town,Street Food
Other,45-54,Married,Upper-Middle,Breakfast,Monday,Auto Nagar,Biryani
Female,35-44,Single,Middle,Dinner,Tuesday,Bhavanipuram,Biryani
Other,18-24,Married,High,Dinner,Thursday,Ramachandra Nagar,Continental
Male,25-34,Married,Low,Snack,Tuesday,Poranki,Bakery
Male,35-44,Divorced,Middle,Snack,Thursday,Gunadala,South Indian
Male,35-44,Widowed,Upper-Middle,Dinner,Wednesday,Benz Circle,Fast Food
Female,25-34,Single,Low,Lunch,Wednesday,MG Road,Chinese
Female,45-54,Single,Upper-Middle,Dinner,Tuesday,Patamata,Continental
Male,25-34,Widowed,Upper-Middle,Late Night,Sunday,Bhavanipuram,Biryani
Male,18-24,Widowed,Low,Late Night,Thursday,Patamata,Continental
Female,25-34,Single,Low,Dinner,Thursday,Patamata,Continental
Male,55-64,Widowed,High,Lunch,Thursday,Patamata,Continental
Female,55-64,Married,Upper-Middle,Dinner,Saturday,Auto Nagar,Biryani
Male,18-24,Divorced,Low,Dinner,Friday,Auto Nagar,Biryani
Female,55-64,Married,Middle,Lunch,Friday,Ramachandra Nagar,North Indian
Male,25-34,Divorced,Upper-Middle,Dinner,Tuesday,One Town,Street Food
Other,25-34,Single,Middle,Dinner,Monday,Auto Nagar,Biryani
Female,18-24,Single,Middle,Snack,Tuesday,Benz Circle,Street Food
Other,35-44,Widowed,Upper-Middle,Lunch,Monday,Patamata,Continental
Other,18-24,Single,High,Lunch,Tuesday,Gunadala,Biryani
Male,18-24,Divorced,Upper-Middle,Lunch,Monday,Ramachandra Nagar,North Indian
Female,25-34,Divorced,Upper-Middle,Snack,Thursday,Patamata,Continental
Female,18-24,Married,High,Snack,Sunday,Ramachandra Nagar,North Indian
Other,55-64,Single,Upper-Middle,Snack,Tuesday,Ramachandra Nagar,North Indian
Male,35-44,Divorced,High,Snack,Wednesday,Ramachandra Nagar,North Indian
Male,25-34,Widowed,Middle,Lunch,Wednesday,Poranki,Bakery
Male,25-34,Widowed,Low,Dinner,Friday,Auto Nagar,Biryani
Male,45-54,Married,High,Late Night,Thursday,Benz Circle,Fast Food
Female,18-24,Single,Upper-Middle,Late Night,Sunday,Governorpet,Fast Food
Male,35-44,Married,Middle,Late Night,Thursday,Auto Nagar,Biryani
Male,25-34,Divorced,High,Dinner,Thursday,Poranki,Bakery
Other,55-64,Single,High,Breakfast,Monday,Auto Nagar,Street Food
Female,55-64,Widowed,Low,Lunch,Thursday,Benz Circle,Fast Food
Male,35-44,Widowed,Upper-Middle,Late Night,Tuesday,MG Road,Chinese
Female,18-24,Married,Upper-Middle,Dinner,Wednesday,Bhavanipuram,Biryani
Other,55-64,Divorced,High,Breakfast,Thursday,Bhavanipuram,Biryani
Female,35-44,Divorced,High,Lunch,Saturday,Gunadala,South Indian
Male,18-24,Widowed,Low,Lunch,Tuesday,Patamata,Biryani
Other,55-64,Married,Low,Late Night,Friday,Poranki,Bakery
Female,18-24,Divorced,Middle,Late Night,Sunday,Patamata,Continental
Female,45-54,Married,Middle,Dinner,Friday,Patamata,Continental
Other,45-54,Single,Upper-Middle,Snack,Sunday,Ramachandra Nagar,North Indian
Male,35-44,Widowed,Middle,Lunch,Wednesday,Ramachandra Nagar,North Indian
Female,18-24,Single,Middle,Dinner,Sunday,Poranki,Bakery
Female,35-44,Widowed,High,Snack,Thursday,Patamata,Continental
Female,55-64,Single,Low,Late Night,Sunday,Benz Circle,Fast Food
Female,55-64,Single,Low,Dinner,Saturday,Ramachandra Nagar,Biryani
Male,35-44,Widowed,High,Lunch,Sunday,Bhavanipuram,Biryani
Male,45-54,Single,Low,Dinner,Wednesday,Benz Circle,Fast Food
Male,25-34,Widowed,High,Lunch,Sunday,Governorpet,Biryani
Male,35-44,Single,Low,Snack,Tuesday,Benz Circle,Fast Food
Male,35-44,Single,Upper-Middle,Dinner,Wednesday,Governorpet,Continental
Female,35-44,Single,Low,Late Night,Friday,One Town,Street Food
Male,45-54,Divorced,Low,Late Night,Friday,Poranki,Bakery
Other,35-44,Divorced,Middle,Late Night,Sunday,Bhavanipuram,Biryani
Female,18-24,Single,Middle,Lunch,Wednesday,Poranki,Fast Food
Female,45-54,Divorced,High,Snack,Saturday,Gunadala,South Indian
Male,35-44,Widowed,Low,Late Night,Saturday,Benz Circle,Fast Food
Other,45-54,Single,Low,Snack,Tuesday,Auto Nagar,Biryani
Female,25-34,Single,Middle,Snack,Tuesday,Bhavanipuram,Biryani
Other,45-54,Married,High,Snack,Wednesday,Gunadala,South Indian
Male,55-64,Married,High,Late Night,Tuesday,Patamata,Fast Food
Other,18-24,Single,Middle,Breakfast,Thursday,Auto Nagar,Biryani
Male,25-34,Married,Low,Dinner,Wednesday,Patamata,Continental
Female,35-44,Single,Low,Snack,Thursday,Poranki,Street Food
Female,35-44,Single,Low,Lunch,Friday,Poranki,Bakery
Female,45-54,Widowed,Upper-Middle,Snack,Wednesday,Gunadala,Street Food
Other,18-24,Married,Low,Dinner,Thursday,One Town,Street Food
Female,18-24,Married,Middle,Dinner,Wednesday,One Town,Biryani
Male,45-54,Single,Upper-Middle,Breakfast,Saturday,Poranki,South Indian
Male,35-44,Divorced,Low,Breakfast,Thursday,Gunadala,South Indian
Female,35-44,Divorced,Low,Dinner,Thursday,Gunadala,South Indian
Female,55-64,Divorced,Low,Late Night,Thursday,Bhavanipuram,Biryani
Female,55-64,Married,Middle,Dinner,Saturday,Poranki,Bakery
Female,18-24,Married,Upper-Middle,Late Night,Tuesday,Ramachandra Nagar,North Indian
Other,35-44,Divorced,Middle,Late Night,Friday,Benz Circle,Fast Food
Female,35-44,Married,Low,Snack,Friday,Poranki,Bakery
Female,25-34,Divorced,High,Late Night,Tuesday,Gunadala,South Indian
Male,35-44,Widowed,High,Late Night,Friday,Patamata,Continental
Other,35-44,Single,High,Late Night,Thursday,One Town,Street Food
Male,55-64,Single,Upper-Middle,Lunch,Sunday,Ramachandra Nagar,North Indian
Male,45-54,Married,Middle,Dinner,Sunday,Gunadala,Biryani
Female,35-44,Divorced,Middle,Late Night,Sunday,Poranki,Street Food
Other,25-34,Divorced,Middle,Snack,Tuesday,Gunadala,Street Food
Female,35-44,Single,Low,Snack,Sunday,Poranki,Bakery
Male,25-34,Single,Low,Late Night,Monday,Benz Circle,Fast Food
Male,18-24,Married,Low,Snack,Tuesday,Auto Nagar,Biryani
Male,35-44,Divorced,Upper-Middle,Late Night,Friday,Poranki,Fast Food
Other,45-54,Married,High,Snack,Saturday,Poranki,North Indian
Other,45-54,Single,Upper-Middle,Lunch,Thursday,One Town,Street Food
Female,45-54,Single,High,Dinner,Saturday,Bhavanipuram,Biryani
Male,35-44,Widowed,Low,Breakfast,Friday,Bhavanipuram,South Indian
Other,35-44,Divorced,Low,Dinner,Friday,Bhavanipuram,Biryani
Other,45-54,Married,Middle,Breakfast,Sunday,Gunadala,South Indian
Female,18-24,Married,Upper-Middle,Late Night,Monday,Patamata,Continental
Male,55-64,Married,Middle,Dinner,Tuesday,Benz Circle,Chinese
Female,45-54,Widowed,Low,Late Night,Sunday,Ramachandra Nagar,North Indian
Female,18-24,Widowed,Low,Dinner,Sunday,MG Road,Chinese
Female,35-44,Divorced,Upper-Middle,Lunch,Sunday,Benz Circle,Fast Food
Male,18-24,Married,High,Dinner,Monday,Poranki,Bakery
Other,25-34,Widowed,Middle,Lunch,Wednesday,Poranki,South Indian
Male,45-54,Divorced,Low,Lunch,Wednesday,Gunadala,South Indian
Female,18-24,Widowed,High,Late Night,Thursday,Poranki,Bakery
Other,45-54,Married,High,Dinner,Tuesday,Governorpet,South Indian
Other,25-34,Single,Upper-Middle,Dinner,Friday,Bhavanipuram,Biryani
Other,25-34,Married,Low,Dinner,Sunday,Auto Nagar,Biryani
Male,45-54,Married,Low,Lunch,Wednesday,MG Road,Chinese
Other,25-34,Divorced,Low,Breakfast,Sunday,Bhavanipuram,Biryani
Other,35-44,Married,Low,Late Night,Friday,One Town,North Indian
Male,35-44,Single,Upper-Middle,Breakfast,Monday,Bhavanipuram,Biryani
Female,25-34,Widowed,Low,Breakfast,Tuesday,Gunadala,South Indian
Male,45-54,Married,Low,Snack,Thursday,Ramachandra Nagar,North Indian
Other,18-24,Married,Low,Breakfast,Tuesday,Governorpet,South Indian
Female,45-54,Single,Low,Late Night,Thursday,Governorpet,South Indian
Male,18-24,Widowed,High,Lunch,Saturday,Governorpet,South Indian
Male,55-64,Divorced,Middle,Late Night,Saturday,Governorpet,South Indian
Other,25-34,Married,Low,Late Night,Saturday,MG Road,Chinese
Female,55-64,Married,High,Breakfast,Monday,MG Road,Chinese
Female,55-64,Married,High,Late Night,Friday,Bhavanipuram,Biryani
Other,25-34,Divorced,High,Late Night,Sunday,MG Road,Chinese
Male,35-44,Divorced,Middle,Snack,Monday,Poranki,Bakery
Other,55-64,Single,Low,Snack,Friday,Poranki,Bakery
Male,55-64,Married,Upper-Middle,Lunch,Monday,Gunadala,South Indian
Female,45-54,Single,Low,Snack,Tuesday,One Town,Street Food
Male,45-54,Married,Upper-Middle,Snack,Friday,Ramachandra Nagar,North Indian
Female,25-34,Single,Low,Dinner,Tuesday,Ramachandra Nagar,North Indian
Other,55-64,Divorced,Middle,Lunch,Tuesday,MG Road,Chinese
Female,18-24,Widowed,Upper-Middle,Snack,Tuesday,Governorpet,South Indian
Male,25-34,Divorced,Upper-Middle,Late Night,Friday,One Town,Street Food
Female,18-24,Divorced,Low,Lunch,Wednesday,Gunadala,South Indian
Female,25-34,Divorced,Upper-Middle,Late Night,Thursday,Poranki,Bakery
Female,55-64,Single,Low,Snack,Saturday,Benz Circle,Street Food
Other,25-34,Married,Upper-Middle,Snack,Saturday,Gunadala,South Indian
Other,18-24,Single,Low,Breakfast,Tuesday,Auto Nagar,South Indian
Other,45-54,Single,High,Breakfast,Monday,Benz Circle,South Indian
Female,45-54,Single,Upper-Middle,Snack,Sunday,MG Road,Chinese
Female,45-54,Divorced,Low,Dinner,Monday,Auto Nagar,Biryani
Female,35-44,Widowed,Low,Late Night,Friday,Patamata,Continental
Male,45-54,Single,Middle,Late Night,Saturday,Gunadala,Fast Food
Male,55-64,Divorced,High,Lunch,Friday,One Town,Street Food
Female,35-44,Single,Upper-Middle,Lunch,Friday,Gunadala,Biryani
Other,35-44,Divorced,High,Lunch,Sunday,Patamata,Continental
Other,45-54,Widowed,High,Lunch,Friday,Auto Nagar,Biryani
Other,25-34,Single,Middle,Lunch,Wednesday,MG Road,Chinese
Other,45-54,Divorced,Middle,Snack,Friday,Auto Nagar,Fast Food
Female,25-34,Single,High,Snack,Wednesday,Patamata,Continental
Female,35-44,Married,High,Snack,Tuesday,Benz Circle,Fast Food
Other,18-24,Single,Middle,Breakfast,Monday,MG Road,Chinese
Other,25-34,Divorced,High,Dinner,Sunday,Poranki,Biryani
Male,18-24,Married,High,Lunch,Sunday,Governorpet,South Indian
Female,35-44,Married,Middle,Lunch,Monday,Gunadala,Continental
Female,25-34,Married,High,Lunch,Thursday,Bhavanipuram,Biryani
Other,45-54,Single,Low,Lunch,Wednesday,Patamata,Biryani
Male,18-24,Married,Middle,Late Night,Saturday,Benz Circle,North Indian
Male,55-64,Single,Middle,Late Night,Monday,Gunadala,South Indian
Other,18-24,Divorced,Upper-Middle,Snack,Friday,Patamata,Biryani
Male,55-64,Widowed,Middle,Breakfast,Tuesday,Bhavanipuram,South Indian
Female,55-64,Single,High,Lunch,Saturday,Benz Circle,Biryani
Other,35-44,Divorced,Upper-Middle,Breakfast,Wednesday,Gunadala,South Indian
Female,25-34,Divorced,Low,Snack,Wednesday,Benz Circle,Fast Food
Other,18-24,Widowed,Upper-Middle,Snack,Tuesday,MG Road,Street Food
Other,45-54,Single,Upper-Middle,Late Night,Saturday,Benz Circle,Fast Food
Male,18-24,Married,Low,Snack,Friday,Governorpet,South Indian
Other,55-64,Widowed,Upper-Middle,Breakfast,Thursday,Bhavanipuram,Biryani
Male,18-24,Married,High,Breakfast,Tuesday,Benz Circle,Fast Food
Other,25-34,Widowed,Low,Lunch,Friday,Benz Circle,Fast Food
Other,55-64,Divorced,Middle,Snack,Monday,Auto Nagar,Biryani
Other,25-34,Divorced,Low,Breakfast,Sunday,Auto Nagar,Biryani
Other,35-44,Divorced,High,Dinner,Thursday,Bhavanipuram,Biryani
Male,18-24,Divorced,Upper-Middle,Snack,Tuesday,Bhavanipuram,Street Food
Other,25-34,Married,Low,Breakfast,Sunday,One Town,Street Food
Male,25-34,Married,Middle,Dinner,Thursday,Auto Nagar,Biryani
Male,35-44,Widowed,Middle,Late Night,Friday,Gunadala,South Indian
Other,25-34,Single,Upper-Middle,Snack,Wednesday,Poranki,Bakery
Male,35-44,Married,High,Late Night,Wednesday,Poranki,Bakery
Male,35-44,Single,Middle,Dinner,Thursday,Poranki,Bakery
Other,45-54,Widowed,High,Lunch,Monday,Patamata,Continental
Female,35-44,Married,Middle,Lunch,Friday,Benz Circle,Fast Food
Other,18-24,Single,Middle,Dinner,Monday,Ramachandra Nagar,Biryani
Female,35-44,Widowed,Low,Snack,Friday,Ramachandra Nagar,North Indian
Other,35-44,Widowed,High,Breakfast,Sunday,Governorpet,South Indian
Female,18-24,Widowed,Middle,Snack,Sunday,Governorpet,South Indian
Other,25-34,Divorced,Low,Dinner,Monday,Bhavanipuram,North Indian
Female,45-54,Single,Upper-Middle,Snack,Monday,Poranki,Bakery
Other,25-34,Divorced,High,Dinner,Saturday,Bhavanipuram,Continental
Other,55-64,Divorced,Upper-Middle,Late Night,Monday,Ramachandra Nagar,Fast Food
Female,25-34,Single,High,Late Night,Saturday,Ramachandra Nagar,Fast Food
Other,25-34,Divorced,Upper-Middle,Dinner,Saturday,Benz Circle,Fast Food
Female,45-54,Married,Middle,Lunch,Friday,MG Road,Chinese
Male,25-34,Divorced,Upper-Middle,Lunch,Friday,Poranki,Bakery
Male,25-34,Single,Upper-Middle,Breakfast,Saturday,Patamata,Continental
Female,45-54,Divorced,High,Breakfast,Monday,Benz Circle,Fast Food
Female,35-44,Widowed,Middle,Breakfast,Sunday,Patamata,Continental
Female,18-24,Married,Middle,Dinner,Tuesday,Governorpet,South Indian
Other,25-34,Divorced,Upper-Middle,Snack,Saturday,Governorpet,Street Food
Male,45-54,Married,Upper-Middle,Snack,Tuesday,Gunadala,Street Food
Female,18-24,Widowed,Middle,Late Night,Thursday,Poranki,Bakery
Female,35-44,Widowed,High,Dinner,Wednesday,Gunadala,South Indian
Male,55-64,Divorced,High,Late Night,Wednesday,Benz Circle,Fast Food
Male,55-64,Widowed,Low,Late Night,Saturday,One Town,Street Food
Female,35-44,Widowed,High,Lunch,Sunday,Gunadala,South Indian
Female,25-34,Single,High,Late Night,Tuesday,Gunadala,South Indian
Male,25-34,Married,Low,Snack,Thursday,Benz Circle,Street Food
Male,25-34,Divorced,Upper-Middle,Lunch,Thursday,Ramachandra Nagar,North Indian
Male,45-54,Single,Low,Late Night,Sunday,Poranki,Bakery
Other,25-34,Single,Middle,Dinner,Sunday,Governorpet,South Indian
Female,18-24,Single,High,Late Night,Tuesday,Gunadala,South Indian
Female,25-34,Single,Upper-Middle,Dinner,Friday,Benz Circle,Fast Food
Other,45-54,Divorced,Middle,Snack,Saturday,Poranki,Street Food
Male,55-64,Married,Low,Breakfast,Saturday,Patamata,Continental
Female,55-64,Widowed,Middle,Lunch,Thursday,Gunadala,South Indian
Male,35-44,Single,Upper-Middle,Breakfast,Tuesday,Poranki,Bakery
Female,25-34,Married,Low,Lunch,Thursday,Ramachandra Nagar,Biryani
Other,45-54,Single,Upper-Middle,Dinner,Tuesday,MG Road,Chinese
Male,18-24,Single,High,Lunch,Thursday,Ramachandra Nagar,North Indian
Other,55-64,Widowed,High,Breakfast,Saturday,Poranki,Bakery
Male,18-24,Divorced,Low,Lunch,Monday,Benz Circle,Fast Food
Other,45-54,Married,Low,Lunch,Wednesday,Gunadala,South Indian
Female,18-24,Widowed,Low,Breakfast,Monday,Gunadala,South Indian
Male,35-44,Widowed,High,Lunch,Friday,Poranki,Biryani
Other,25-34,Divorced,Low,Late Night,Thursday,Auto Nagar,Biryani
Female,18-24,Widowed,High,Late Night,Sunday,Governorpet,Fast Food
Other,35-44,Widowed,Middle,Breakfast,Friday,MG Road,Chinese
Other,45-54,Divorced,Upper-Middle,Dinner,Friday,MG Road,South Indian
Female,35-44,Married,Upper-Middle,Snack,Friday,Poranki,Bakery
Female,35-44,Single,High,Snack,Thursday,Patamata,Continental
Male,25-34,Divorced,Middle,Breakfast,Thursday,MG Road,Chinese
Male,35-44,Single,Middle,Late Night,Saturday,Governorpet,South Indian
Female,55-64,Single,Upper-Middle,Dinner,Thursday,Bhavanipuram,Biryani
Female,45-54,Single,Low,Breakfast,Thursday,One Town,Street Food
Female,18-24,Married,Middle,Late Night,Saturday,Auto Nagar,Biryani
Other,35-44,Single,Upper-Middle,Dinner,Tuesday,Bhavanipuram,Biryani
Other,35-44,Widowed,Upper-Middle,Late Night,Monday,One Town,Bakery
Female,25-34,Married,High,Breakfast,Sunday,Ramachandra Nagar,Biryani
Female,55-64,Single,High,Dinner,Saturday,Governorpet,South Indian
Female,18-24,Divorced,Upper-Middle,Snack,Wednesday,Ramachandra Nagar,North Indian
Female,18-24,Divorced,High,Late Night,Saturday,Benz Circle,Fast Food
Other,35-44,Married,Middle,Dinner,Friday,Gunadala,South Indian
Female,45-54,Single,Upper-Middle,Dinner,Monday,Auto Nagar,Biryani
Male,35-44,Married,Middle,Dinner,Sunday,Ramachandra Nagar,North Indian
Male,25-34,Widowed,Middle,Late Night,Sunday,Ramachandra Nagar,Bakery
Male,35-44,Single,Upper-Middle,Snack,Tuesday,Poranki,Biryani
Female,25-34,Married,Upper-Middle,Snack,Sunday,Bhavanipuram,Street Food
Other,35-44,Married,Middle,Lunch,Sunday,Poranki,Street Food
Other,55-64,Single,Upper-Middle,Late Night,Wednesday,One Town,Street Food
Female,18-24,Single,Low,Breakfast,Monday,Auto Nagar,Biryani
Female,18-24,Single,High,Dinner,Saturday,Governorpet,South Indian
Male,25-34,Divorced,Low,Late Night,Wednesday,Governorpet,Fast Food
Male,55-64,Divorced,Low,Breakfast,Saturday,Ramachandra Nagar,South Indian
Other,18-24,Single,High,Breakfast,Saturday,Patamata,Continental
Other,45-54,Married,Upper-Middle,Late Night,Monday,Benz Circle,Fast Food
Female,45-54,Widowed,Upper-Middle,Snack,Tuesday,Patamata,Continental
Other,25-34,Single,High,Breakfast,Thursday,MG Road,South Indian
Male,35-44,Divorced,Middle,Late Night,Thursday,Poranki,Bakery
Male,25-34,Married,Low,Snack,Monday,MG Road,Chinese
Female,55-64,Divorced,Low,Breakfast,Friday,Patamata,Continental
Male,35-44,Married,High,Lunch,Thursday,MG Road,Street Food
Female,45-54,Divorced,High,Late Night,Monday,Patamata,Continental
Female,55-64,Single,Middle,Breakfast,Monday,Gunadala,South Indian
Female,18-24,Single,Low,Breakfast,Thursday,Benz Circle,South Indian
Male,55-64,Single,Middle,Dinner,Tuesday,Poranki,Bakery
Female,35-44,Single,Middle,Late Night,Friday,Auto Nagar,Biryani
Male,45-54,Married,High,Lunch,Thursday,Ramachandra Nagar,North Indian
Other,18-24,Single,Middle,Dinner,Wednesday,Bhavanipuram,Biryani
Other,35-44,Divorced,High,Dinner,Friday,Ramachandra Nagar,Biryani
Female,18-24,Single,Upper-Middle,Breakfast,Friday,Bhavanipuram,Biryani
Male,55-64,Widowed,High,Lunch,Tuesday,MG Road,Chinese
Other,45-54,Widowed,Low,Breakfast,Monday,Poranki,South Indian
Female,25-34,Widowed,Middle,Breakfast,Tuesday,Auto Nagar,Biryani
Male,35-44,Single,High,Dinner,Sunday,Governorpet,South Indian
Male,45-54,Single,Middle,Late Night,Sunday,Ramachandra Nagar,Fast Food
Other,45-54,Divorced,Upper-Middle,Late Night,Wednesday,Patamata,Continental
Female,55-64,Married,Middle,Dinner,Tuesday,Governorpet,Biryani
Other,18-24,Widowed,High,Snack,Tuesday,Benz Circle,Fast Food
Male,18-24,Married,High,Snack,Tuesday,Governorpet,South Indian
Male,18-24,Divorced,High,Dinner,Saturday,Gunadala,Street Food
Male,35-44,Married,Upper-Middle,Breakfast,Wednesday,MG Road,Chinese
Male,35-44,Divorced,Upper-Middle,Lunch,Wednesday,Ramachandra Nagar,North Indian
Other,25-34,Divorced,High,Snack,Sunday,MG Road,Street Food
Other,18-24,Widowed,Low,Breakfast,Tuesday,Benz Circle,South Indian
Male,25-34,Divorced,Middle,Snack,Monday,MG Road,Continental
Other,55-64,Single,Middle,Lunch,Saturday,One Town,Street Food
Male,45-54,Widowed,Low,Dinner,Monday,One Town,Street Food
Female,45-54,Single,Low,Lunch,Sunday,Auto Nagar,Biryani
Other,45-54,Widowed,Low,Late Night,Friday,Gunadala,South Indian
Male,18-24,Single,Upper-Middle,Snack,Wednesday,MG Road,Chinese
Female,18-24,Widowed,Low,Lunch,Saturday,Patamata,Continental
Other,45-54,Widowed,High,Dinner,Friday,Auto Nagar,Biryani
Female,45-54,Widowed,Low,Lunch,Tuesday,Bhavanipuram,Biryani
Other,35-44,Married,Low,Breakfast,Sunday,Auto Nagar,Biryani
Other,18-24,Married,High,Late Night,Tuesday,Ramachandra Nagar,North Indian
Male,25-34,Divorced,Low,Lunch,Wednesday,MG Road,Biryani
Male,55-64,Married,Middle,Late Night,Friday,Poranki,Continental
Male,35-44,Married,High,Breakfast,Thursday,Ramachandra Nagar,South Indian
Female,18-24,Single,Upper-Middle,Dinner,Thursday,Patamata,Biryani
Female,35-44,Married,Low,Dinner,Friday,Bhavanipuram,Biryani
Other,25-34,Single,Upper-Middle,Late Night,Thursday,Poranki,Biryani
Male,18-24,Single,Upper-Middle,Breakfast,Tuesday,One Town,Street Food
Male,35-44,Married,High,Snack,Friday,Governorpet,South Indian
Other,45-54,Married,Low,Lunch,Wednesday,Governorpet,Biryani
Other,18-24,Divorced,Low,Lunch,Thursday,Poranki,Biryani
Male,25-34,Married,Upper-Middle,Dinner,Monday,Gunadala,South Indian
Female,25-34,Divorced,Low,Snack,Sunday,Poranki,Bakery
Male,55-64,Single,Middle,Breakfast,Thursday,Gunadala,South Indian
Male,25-34,Single,Middle,Late Night,Monday,Bhavanipuram,Biryani
Female,18-24,Married,Middle,Lunch,Saturday,One Town,Street Food
Male,45-54,Single,Upper-Middle,Dinner,Sunday,Poranki,Biryani
Male,35-44,Widowed,High,Late Night,Thursday,Gunadala,Biryani
Male,35-44,Divorced,Middle,Breakfast,Friday,Governorpet,South Indian
Female,25-34,Divorced,High,Lunch,Friday,Gunadala,South Indian
Female,55-64,Widowed,Upper-Middle,Late Night,Monday,Benz Circle,Fast Food
Female,18-24,Widowed,Upper-Middle,Late Night,Thursday,Benz Circle,Fast Food
Other,18-24,Divorced,Middle,Snack,Monday,Bhavanipuram,Street Food
Male,25-34,Single,High,Snack,Thursday,Poranki,Bakery
Female,25-34,Divorced,High,Breakfast,Sunday,MG Road,South Indian
Other,55-64,Divorced,Low,Lunch,Tuesday,Poranki,Biryani
Female,25-34,Single,Upper-Middle,Lunch,Wednesday,Benz Circle,Fast Food
Male,45-54,Divorced,Upper-Middle,Late Night,Wednesday,MG Road,Chinese
Other,18-24,Married,Upper-Middle,Late Night,Thursday,Ramachandra Nagar,Fast Food
Female,25-34,Widowed,Low,Snack,Thursday,Patamata,Continental
Male,55-64,Single,Low,Dinner,Sunday,Poranki,Bakery
Other,18-24,Widowed,Upper-Middle,Breakfast,Monday,MG Road,Street Food
Male,18-24,Widowed,Low,Breakfast,Thursday,Ramachandra Nagar,North Indian
Other,55-64,Single,Low,Snack,Saturday,Ramachandra Nagar,North Indian
Other,45-54,Widowed,Middle,Lunch,Friday,Bhavanipuram,Biryani
Other,55-64,Divorced,Low,Lunch,Monday,One Town,Street Food
Male,35-44,Single,High,Snack,Friday,MG Road,Chinese
Other,35-44,Single,Low,Lunch,Friday,Governorpet,South Indian
Other,45-54,Married,Middle,Lunch,Tuesday,Patamata,Continental
Male,45-54,Married,Low,Lunch,Saturday,Benz Circle,Fast Food
Male,35-44,Widowed,Low,Snack,Thursday,Bhavanipuram,Biryani
Other,45-54,Single,High,Breakfast,Thursday,Gunadala,South Indian
Male,35-44,Single,Low,Dinner,Monday,Benz Circle,Biryani
Other,35-44,Married,Low,Snack,Sunday,Auto Nagar,Street Food
Other,55-64,Divorced,Upper-Middle,Snack,Tuesday,Auto Nagar,Street Food
Other,25-34,Widowed,Upper-Middle,Lunch,Monday,MG Road,Biryani
Other,35-44,Widowed,Low,Lunch,Sunday,Governorpet,Biryani
Female,35-44,Single,High,Lunch,Friday,Gunadala,South Indian
Female,55-64,Married,Low,Snack,Monday,MG Road,Bakery
Male,55-64,Married,Low,Dinner,Tuesday,Patamata,Biryani
Male,35-44,Married,Middle,Dinner,Saturday,Governorpet,South Indian
Male,55-64,Widowed,High,Breakfast,Monday,Auto Nagar,Biryani
Other,55-64,Single,Middle,Snack,Friday,Auto Nagar,Biryani
Female,25-34,Divorced,Upper-Middle,Lunch,Friday,Patamata,Biryani
Other,45-54,Married,Upper-Middle,Snack,Friday,Benz Circle,Fast Food
Other,18-24,Widowed,Middle,Snack,Tuesday,Bhavanipuram,Biryani
Male,55-64,Single,Upper-Middle,Snack,Saturday,Patamata,Street Food
Female,45-54,Single,Upper-Middle,Snack,Monday,Governorpet,South Indian
Female,35-44,Divorced,High,Snack,Saturday,Ramachandra Nagar,North Indian
Female,18-24,Single,Middle,Snack,Thursday,One Town,Bakery
Male,55-64,Divorced,Low,Lunch,Saturday,Governorpet,South Indian
Female,35-44,Widowed,Upper-Middle,Dinner,Thursday,MG Road,Biryani
Male,25-34,Married,High,Snack,Friday,Benz Circle,Street Food
Other,18-24,Widowed,Low,Late Night,Tuesday,Benz Circle,Fast Food
Other,25-34,Married,Low,Dinner,Friday,Poranki,Biryani
Female,25-34,Divorced,Upper-Middle,Breakfast,Saturday,Gunadala,South Indian
Female,45-54,Divorced,Upper-Middle,Dinner,Tuesday,Ramachandra Nagar,North Indian
Female,18-24,Widowed,Upper-Middle,Lunch,Saturday,Ramachandra Nagar,Biryani
Male,45-54,Widowed,Low,Breakfast,Wednesday,One Town,Street Food
Female,45-54,Single,Low,Breakfast,Wednesday,Benz Circle,Fast Food
Female,35-44,Single,Low,Late Night,Thursday,Patamata,Fast Food
Male,35-44,Widowed,Middle,Lunch,Saturday,Auto Nagar,Biryani
Other,45-54,Divorced,High,Lunch,Saturday,Patamata,South Indian
Male,55-64,Widowed,Upper-Middle,Lunch,Thursday,Ramachandra Nagar,North Indian
Other,18-24,Divorced,Upper-Middle,Breakfast,Friday,Ramachandra Nagar,North Indian
Male,35-44,Widowed,Upper-Middle,Dinner,Friday,Patamata,Continental
Other,18-24,Widowed,High,Late Night,Friday,MG Road,South Indian
Male,45-54,Single,High,Breakfast,Tuesday,Gunadala,South Indian
Male,45-54,Widowed,Low,Breakfast,Thursday,MG Road,Chinese
Male,55-64,Married,Upper-Middle,Late Night,Saturday,MG Road,Chinese
Female,25-34,Widowed,Upper-Middle,Lunch,Monday,MG Road,Chinese
Female,25-34,Divorced,Upper-Middle,Snack,Friday,Bhavanipuram,Biryani
Female,45-54,Married,Middle,Late Night,Friday,Bhavanipuram,Biryani
Male,35-44,Widowed,Low,Snack,Friday,One Town,Street Food
Female,25-34,Single,Low,Breakfast,Friday,Patamata,South Indian
Other,18-24,Divorced,Upper-Middle,Lunch,Saturday,Ramachandra Nagar,North Indian
Female,45-54,Widowed,Low,Lunch,Monday,Ramachandra Nagar,North Indian
Female,35-44,Widowed,Upper-Middle,Late Night,Thursday,MG Road,Chinese
Male,45-54,Widowed,High,Snack,Tuesday,One Town,Street Food
Other,25-34,Married,Upper-Middle,Breakfast,Saturday,One Town,Street Food
Other,45-54,Married,Middle,Breakfast,Monday,Poranki,Bakery
Female,18-24,Single,High,Breakfast,Sunday,Poranki,South Indian
Male,55-64,Divorced,Upper-Middle,Late Night,Thursday,Benz Circle,Fast Food
Male,25-34,Widowed,Upper-Middle,Late Night,Tuesday,Governorpet,South Indian
Male,45-54,Married,High,Breakfast,Tuesday,Bhavanipuram,Biryani
Other,18-24,Divorced,Low,Dinner,Tuesday,MG Road,Biryani
Male,45-54,Divorced,Low,Lunch,Saturday,Gunadala,South Indian
Male,35-44,Married,Low,Lunch,Saturday,Poranki,Bakery
Other,18-24,Divorced,High,Snack,Monday,Patamata,Street Food
Male,35-44,Single,High,Snack,Thursday,MG Road,Street Food
Female,55-64,Widowed,Middle,Breakfast,Monday,Benz Circle,South Indian
Male,55-64,Married,Middle,Snack,Saturday,MG Road,Chinese
Other,35-44,Married,Middle,Dinner,Sunday,Governorpet,Street Food
Other,18-24,Married,Upper-Middle,Lunch,Thursday,Patamata,Biryani
Other,55-64,Widowed,Middle,Breakfast,Tuesday,One Town,South Indian
Other,45-54,Widowed,Low,Snack,Tuesday,Ramachandra Nagar,Street Food
Male,55-64,Married,Upper-Middle,Dinner,Thursday,Bhavanipuram,Biryani
Female,45-54,Divorced,Upper-Middle,Breakfast,Wednesday,One Town,Street Food
Male,35-44,Widowed,Middle,Snack,Friday,Governorpet,Street Food
Other,55-64,Divorced,Upper-Middle,Dinner,Sunday,Patamata,Continental
Female,25-34,Divorced,Low,Breakfast,Sunday,MG Road,South Indian
Female,18-24,Divorced,Low,Lunch,Friday,One Town,Biryani
Male,18-24,Single,Upper-Middle,Breakfast,Saturday,Benz Circle,Fast Food
Male,25-34,Widowed,Middle,Dinner,Friday,Gunadala,Biryani
Male,35-44,Single,Upper-Middle,Lunch,Saturday,Bhavanipuram,Biryani
Male,45-54,Single,Middle,Snack,Sunday,Ramachandra Nagar,North Indian
Female,35-44,Divorced,Upper-Middle,Snack,Saturday,One Town,Street Food
Female,18-24,Married,High,Dinner,Sunday,Patamata,Continental
Other,18-24,Widowed,Upper-Middle,Snack,Saturday,Bhavanipuram,Biryani
Male,18-24,Married,Middle,Lunch,Monday,Patamata,Biryani
Male,55-64,Divorced,Upper-Middle,Late Night,Wednesday,Auto Nagar,Biryani
Other,25-34,Single,Low,Lunch,Monday,One Town,Biryani
Female,25-34,Divorced,Middle,Breakfast,Sunday,Bhavanipuram,Biryani
Female,35-44,Married,Middle,Late Night,Friday,MG Road,South Indian
Male,25-34,Single,Upper-Middle,Snack,Monday,MG Road,Chinese
Other,35-44,Widowed,Upper-Middle,Breakfast,Wednesday,Poranki,South Indian
Other,35-44,Divorced,Middle,Dinner,Sunday,Bhavanipuram,Biryani
Other,18-24,Widowed,Upper-Middle,Lunch,Wednesday,Bhavanipuram,Biryani
Female,18-24,Divorced,Middle,Breakfast,Wednesday,Gunadala,South Indian
Other,55-64,Married,High,Snack,Saturday,Auto Nagar,Biryani
Female,45-54,Widowed,Middle,Snack,Monday,Auto Nagar,Biryani
Female,35-44,Widowed,Low,Lunch,Sunday,One Town,Street Food
Female,18-24,Married,High,Late Night,Monday,Patamata,Continental
Other,25-34,Married,Upper-Middle,Lunch,Saturday,Bhavanipuram,Biryani
Female,55-64,Single,Upper-Middle,Late Night,Saturday,One Town,Fast Food
Other,25-34,Widowed,Upper-Middle,Snack,Sunday,Bhavanipuram,Street Food
Female,35-44,Married,Middle,Dinner,Thursday,Patamata,Continental
Other,25-34,Widowed,Middle,Lunch,Sunday,Benz Circle,Biryani
Other,55-64,Single,High,Late Night,Saturday,Governorpet,South Indian
Male,35-44,Married,High,Late Night,Wednesday,Benz Circle,Fast Food
Male,25-34,Single,Upper-Middle,Snack,Thursday,Auto Nagar,Biryani
Other,35-44,Widowed,Upper-Middle,Snack,Sunday,One Town,Street Food
Female,55-64,Married,Low,Lunch,Thursday,Ramachandra Nagar,Biryani
Other,45-54,Married,Upper-Middle,Dinner,Saturday,Auto Nagar,Biryani
Male,55-64,Widowed,Low,Snack,Thursday,Gunadala,Street Food
Other,18-24,Widowed,Low,Snack,Monday,Patamata,Continental
Female,35-44,Married,Low,Late Night,Sunday,Ramachandra Nagar,Fast Food
Male,35-44,Widowed,Upper-Middle,Dinner,Thursday,Governorpet,South Indian
Female,35-44,Widowed,Upper-Middle,Breakfast,Saturday,Patamata,Continental
Other,45-54,Married,Upper-Middle,Snack,Sunday,MG Road,Chinese
Female,35-44,Widowed,Upper-Middle,Dinner,Friday,Ramachandra Nagar,North Indian
Female,45-54,Widowed,Middle,Dinner,Thursday,Ramachandra Nagar,North Indian
Female,45-54,Divorced,Middle,Dinner,Tuesday,One Town,Street Food
Male,25-34,Divorced,Upper-Middle,Late Night,Saturday,Bhavanipuram,Biryani
Female,18-24,Widowed,Upper-Middle,Breakfast,Monday,MG Road,Chinese
Male,55-64,Divorced,Middle,Snack,Thursday,Ramachandra Nagar,North Indian
Other,35-44,Divorced,Upper-Middle,Lunch,Saturday,Benz Circle,Bakery
Female,18-24,Single,Upper-Middle,Breakfast,Sunday,Gunadala,South Indian
Female,35-44,Widowed,High,Snack,Wednesday,Poranki,Bakery
Female,55-64,Married,High,Snack,Saturday,Poranki,Bakery
Male,45-54,Widowed,High,Late Night,Monday,Auto Nagar,Biryani
Female,18-24,Married,High,Late Night,Saturday,Ramachandra Nagar,North Indian
Male,55-64,Divorced,Upper-Middle,Late Night,Sunday,Ramachandra Nagar,North Indian
Other,55-64,Widowed,High,Late Night,Friday,Benz Circle,Fast Food
Other,25-34,Single,Upper-Middle,Late Night,Sunday,Gunadala,Fast Food
Other,55-64,Widowed,Low,Snack,Thursday,Poranki,Street Food
Other,18-24,Widowed,High,Late Night,Tuesday,Bhavanipuram,Biryani
Other,25-34,Single,Middle,Breakfast,Sunday,One Town,Street Food
Other,55-64,Widowed,Upper-Middle,Snack,Wednesday,MG Road,Chinese
Other,45-54,Widowed,Middle,Breakfast,Wednesday,Bhavanipuram,Biryani
Male,35-44,Married,Low,Breakfast,Tuesday,Auto Nagar,Biryani
Female,18-24,Married,Upper-Middle,Late Night,Thursday,One Town,Street Food
Male,18-24,Single,High,Snack,Friday,Governorpet,Street Food
Female,25-34,Single,Upper-Middle,Late Night,Sunday,Bhavanipuram,Biryani
Male,35-44,Single,High,Breakfast,Monday,Gunadala,South Indian
Female,25-34,Divorced,Low,Late Night,Sunday,Governorpet,Biryani
Female,35-44,Widowed,Upper-Middle,Late Night,Thursday,Auto Nagar,Biryani
Other,55-64,Single,Low,Dinner,Sunday,One Town,Street Food
Other,18-24,Single,Middle,Lunch,Friday,Patamata,Continental
Male,25-34,Divorced,Upper-Middle,Late Night,Wednesday,Benz Circle,Fast Food
Female,55-64,Married,High,Lunch,Monday,Ramachandra Nagar,Biryani
Male,35-44,Divorced,Low,Breakfast,Sunday,Gunadala,South Indian
Other,18-24,Widowed,Low,Dinner,Monday,Auto Nagar,Biryani
Male,55-64,Widowed,Middle,Late Night,Sunday,Ramachandra Nagar,Bakery
Other,35-44,Divorced,Upper-Middle,Breakfast,Tuesday,Auto Nagar,Biryani
Other,35-44,Single,Middle,Late Night,Sunday,Governorpet,South Indian
Other,35-44,Widowed,Upper-Middle,Snack,Wednesday,Governorpet,Street Food
Other,18-24,Widowed,Upper-Middle,Breakfast,Tuesday,Governorpet,South Indian
Female,18-24,Married,High,Late Night,Tuesday,Auto Nagar,Biryani
Male,18-24,Divorced,Upper-Middle,Snack,Monday,Benz Circle,Fast Food
Female,25-34,Widowed,Upper-Middle,Late Night,Wednesday,Governorpet,South Indian
Other,45-54,Single,Upper-Middle,Late Night,Saturday,Governorpet,South Indian
Male,18-24,Single,Upper-Middle,Breakfast,Saturday,Governorpet,South Indian
Other,35-44,Divorced,Low,Lunch,Sunday,One Town,Biryani
Other,25-34,Divorced,Low,Dinner,Wednesday,Patamata,Continental
Other,18-24,Divorced,Middle,Breakfast,Wednesday,Bhavanipuram,South Indian
Other,45-54,Single,Low,Breakfast,Wednesday,Gunadala,South Indian
Male,18-24,Divorced,Middle,Late Night,Tuesday,Bhavanipuram,Biryani
Female,55-64,Married,Upper-Middle,Late Night,Tuesday,MG Road,Fast Food
Female,25-34,Divorced,Low,Lunch,Sunday,Poranki,Bakery
Female,35-44,Widowed,Upper-Middle,Lunch,Friday,Poranki,South Indian
Female,45-54,Single,Low,Lunch,Monday,Auto Nagar,Biryani
Other,45-54,Single,High,Breakfast,Wednesday,Poranki,South Indian
Female,55-64,Divorced,High,Lunch,Sunday,Patamata,Continental
Male,18-24,Widowed,Middle,Snack,Monday,One Town,Street Food
Male,55-64,Single,Upper-Middle,Lunch,Thursday,One Town,Street Food
Female,55-64,Divorced,Upper-Middle,Late Night,Wednesday,Benz Circle,Fast Food
Other,18-24,Single,Upper-Middle,Lunch,Sunday,Gunadala,South Indian
Male,35-44,Married,Upper-Middle,Late Night,Tuesday,Poranki,Bakery
Female,25-34,Widowed,Middle,Snack,Wednesday,Bhavanipuram,Biryani
Other,18-24,Married,High,Dinner,Saturday,Ramachandra Nagar,North Indian
Male,25-34,Single,Middle,Snack,Monday,Bhavanipuram,Bakery
Other,35-44,Widowed,Middle,Lunch,Monday,One Town,Street Food
Female,25-34,Divorced,High,Snack,Friday,Ramachandra Nagar,North Indian
Other,55-64,Divorced,Middle,Snack,Tuesday,Patamata,Continental
Other,45-54,Widowed,Upper-Middle,Late Night,Monday,Auto Nagar,Fast Food
Male,55-64,Widowed,Low,Late Night,Friday,One Town,Street Food
Female,45-54,Divorced,High,Dinner,Friday,Gunadala,South Indian
Female,25-34,Divorced,Upper-Middle,Snack,Friday,One Town,Street Food
Female,25-34,Divorced,Upper-Middle,Dinner,Friday,MG Road,Biryani
Other,18-24,Married,Low,Lunch,Thursday,Bhavanipuram,South Indian
Female,55-64,Single,Upper-Middle,Lunch,Thursday,Benz Circle,Fast Food
Other,55-64,Single,Middle,Lunch,Thursday,One Town,Biryani
Other,25-34,Widowed,High,Lunch,Saturday,Ramachandra Nagar,North Indian
Male,25-34,Widowed,Low,Late Night,Monday,Ramachandra Nagar,North Indian
Other,55-64,Widowed,Upper-Middle,Lunch,Thursday,Ramachandra Nagar,North Indian
Male,35-44,Widowed,Upper-Middle,Lunch,Saturday,Patamata,Biryani
Male,45-54,Single,High,Dinner,Saturday,Bhavanipuram,Biryani
Male,35-44,Married,Middle,Late Night,Tuesday,Poranki,Bakery
Female,45-54,Married,Middle,Lunch,Monday,Benz Circle,Fast Food
Other,25-34,Single,High,Late Night,Tuesday,MG Road,Chinese
Female,45-54,Widowed,High,Lunch,Wednesday,Governorpet,Biryani
Female,55-64,Married,Upper-Middle,Snack,Thursday,Gunadala,South Indian
Female,18-24,Divorced,Low,Dinner,Saturday,One Town,Biryani
Other,45-54,Divorced,Middle,Snack,Tuesday,Gunadala,South Indian
Female,35-44,Widowed,Middle,Snack,Saturday,Benz Circle,Fast Food
Female,45-54,Single,Low,Snack,Friday,Governorpet,South Indian
Other,45-54,Widowed,High,Breakfast,Thursday,MG Road,Chinese
Male,35-44,Single,Middle,Breakfast,Friday,Governorpet,South Indian
Other,45-54,Single,Low,Snack,Wednesday,Ramachandra Nagar,North Indian
Male,25-34,Married,Low,Late Night,Sunday,Patamata,Continental
Male,25-34,Single,Upper-Middle,Dinner,Saturday,Governorpet,Biryani
Other,45-54,Divorced,Upper-Middle,Late Night,Saturday,Bhavanipuram,Fast Food
Female,45-54,Single,Middle,Breakfast,Wednesday,Bhavanipuram,Biryani
Male,35-44,Divorced,High,Lunch,Saturday,Poranki,Bakery
Other,55-64,Divorced,Low,Snack,Saturday,Bhavanipuram,Biryani
Male,18-24,Married,Low,Breakfast,Saturday,One Town,Street Food
Male,45-54,Divorced,High,Breakfast,Sunday,Patamata,Continental
Other,55-64,Divorced,Middle,Lunch,Monday,MG Road,Biryani
Female,35-44,Widowed,Low,Dinner,Thursday,Bhavanipuram,Biryani
Male,45-54,Widowed,Low,Breakfast,Monday,Patamata,South Indian
Other,18-24,Single,Upper-Middle,Lunch,Tuesday,Ramachandra Nagar,Biryani
Female,55-64,Married,Low,Snack,Sunday,Benz Circle,Fast Food
Male,25-34,Single,Middle,Snack,Friday,MG Road,Chinese
Female,55-64,Divorced,High,Lunch,Sunday,One Town,Street Food
Other,55-64,Married,Middle,Dinner,Monday,Poranki,Bakery
Male,55-64,Married,High,Snack,Saturday,Benz Circle,Street Food
Male,25-34,Married,Middle,Snack,Tuesday,Ramachandra Nagar,North Indian
Female,45-54,Married,Low,Lunch,Saturday,Poranki,Bakery
Male,45-54,Married,Middle,Snack,Thursday,Gunadala,South Indian
Other,55-64,Divorced,High,Lunch,Tuesday,Gunadala,Biryani
Other,45-54,Divorced,Low,Dinner,Tuesday,Bhavanipuram,Biryani
Female,25-34,Married,Middle,Dinner,Saturday,Bhavanipuram,Biryani
Other,35-44,Widowed,Upper-Middle,Lunch,Monday,Bhavanipuram,Biryani
Male,45-54,Widowed,Low,Dinner,Saturday,MG Road,Chinese
Other,55-64,Single,High,Breakfast,Thursday,One Town,Street Food
Female,35-44,Divorced,Low,Lunch,Sunday,Bhavanipuram,Fast Food
Female,35-44,Divorced,High,Snack,Wednesday,MG Road,Chinese
Other,45-54,Widowed,High,Snack,Monday,Benz Circle,Fast Food
Other,55-64,Married,Middle,Breakfast,Friday,Benz Circle,Fast Food
Female,35-44,Married,High,Breakfast,Wednesday,Patamata,Continental
Male,18-24,Married,Low,Dinner,Thursday,Benz Circle,Fast Food
Male,18-24,Married,Low,Late Night,Monday,Auto Nagar,Biryani
Other,18-24,Single,High,Dinner,Tuesday,Poranki,Bakery
Female,35-44,Widowed,Middle,Late Night,Tuesday,One Town,Fast Food
Other,25-34,Widowed,Upper-Middle,Dinner,Thursday,Benz Circle,Fast Food
Male,55-64,Divorced,Low,Dinner,Saturday,Bhavanipuram,Biryani
Other,18-24,Widowed,High,Lunch,Saturday,Auto Nagar,Street Food
Other,18-24,Widowed,Middle,Lunch,Monday,Governorpet,Biryani
Other,25-34,Divorced,Middle,Dinner,Sunday,Ramachandra Nagar,North Indian
Other,55-64,Single,Low,Late Night,Monday,One Town,Street Food
Other,45-54,Married,High,Snack,Friday,Poranki,Bakery
Other,35-44,Married,High,Snack,Wednesday,Benz Circle,Street Food
Male,18-24,Divorced,High,Breakfast,Wednesday,Bhavanipuram,Biryani
Other,25-34,Single,Upper-Middle,Breakfast,Saturday,MG Road,South Indian
Male,35-44,Single,Upper-Middle,Dinner,Thursday,MG Road,Chinese
Female,55-64,Divorced,Low,Late Night,Friday,One Town,Street Food
Male,55-64,Widowed,Upper-Middle,Breakfast,Saturday,Bhavanipuram,Biryani
Male,35-44,Single,High,Breakfast,Monday,Bhavanipuram,Biryani
Male,55-64,Single,Middle,Lunch,Tuesday,Benz Circle,Fast Food
Male,25-34,Single,Middle,Late Night,Monday,Ramachandra Nagar,North Indian
Male,45-54,Single,Upper-Middle,Late Night,Thursday,Patamata,Continental
Female,25-34,Widowed,Middle,Dinner,Friday,Auto Nagar,Biryani
Other,55-64,Single,Upper-Middle,Lunch,Saturday,Gunadala,South Indian
Male,45-54,Married,High,Dinner,Thursday,Benz Circle,Fast Food
Male,35-44,Married,High,Breakfast,Friday,Ramachandra Nagar,South Indian
Male,25-34,Married,Middle,Snack,Sunday,Governorpet,South Indian
Other,45-54,Married,Upper-Middle,Dinner,Tuesday,One Town,Biryani
Other,35-44,Single,Low,Late Night,Monday,MG Road,Fast Food
Male,25-34,Single,Upper-Middle,Late Night,Sunday,Poranki,Bakery
Female,45-54,Single,Low,Snack,Monday,Gunadala,South Indian
Other,18-24,Single,High,Lunch,Thursday,Gunadala,South Indian
Male,55-64,Divorced,Middle,Late Night,Saturday,Gunadala,South Indian
Female,45-54,Divorced,Low,Breakfast,Tuesday,MG Road,Chinese
Other,45-54,Divorced,Upper-Middle,Lunch,Friday,Poranki,Bakery
Other,25-34,Married,Low,Late Night,Wednesday,Patamata,Fast Food
Male,18-24,Widowed,Low,Dinner,Monday,Benz Circle,Fast Food
Female,18-24,Divorced,Upper-Middle,Late Night,Thursday,Gunadala,South Indian
Male,25-34,Single,High,Dinner,Sunday,Poranki,Bakery
Other,18-24,Divorced,High,Dinner,Thursday,Gunadala,South Indian
Other,55-64,Married,Upper-Middle,Lunch,Tuesday,Patamata,Fast Food
Other,25-34,Married,High,Dinner,Wednesday,Patamata,Continental
Female,25-34,Single,Upper-Middle,Dinner,Thursday,Poranki,Biryani
Other,18-24,Married,High,Breakfast,Wednesday,Governorpet,South Indian
Other,35-44,Married,Middle,Late Night,Monday,Benz Circle,Fast Food
Other,35-44,Divorced,Upper-Middle,Breakfast,Thursday,MG Road,Chinese
Male,25-34,Married,Upper-Middle,Late Night,Saturday,Bhavanipuram,Biryani
Female,18-24,Married,Low,Late Night,Wednesday,Bhavanipuram,Biryani
Female,25-34,Married,Upper-Middle,Dinner,Thursday,Benz Circle,Fast Food
Other,25-34,Married,High,Late Night,Friday,MG Road,Fast Food
Male,35-44,Divorced,High,Breakfast,Saturday,One Town,Street Food
Female,45-54,Divorced,Upper-Middle,Lunch,Sunday,Governorpet,Biryani
Other,45-54,Single,Upper-Middle,Late Night,Saturday,Patamata,Fast Food
Male,25-34,Divorced,Low,Snack,Friday,Gunadala,South Indian
Male,55-64,Widowed,Middle,Breakfast,Saturday,One Town,South Indian
Female,55-64,Single,Low,Lunch,Tuesday,Benz Circle,Fast Food
Female,18-24,Divorced,Low,Dinner,Monday,MG Road,Chinese
Other,45-54,Single,Low,Late Night,Thursday,Bhavanipuram,Biryani
Other,18-24,Married,High,Snack,Sunday,Auto Nagar,Biryani
Male,35-44,Married,Middle,Late Night,Friday,Benz Circle,Fast Food
Male,45-54,Widowed,Middle,Snack,Friday,MG Road,Chinese
Female,55-64,Single,High,Snack,Tuesday,Governorpet,Street Food
Female,55-64,Married,Upper-Middle,Snack,Tuesday,Auto Nagar,Biryani
Other,18-24,Single,Middle,Breakfast,Wednesday,Bhavanipuram,Biryani
Male,45-54,Married,Upper-Middle,Dinner,Thursday,Auto Nagar,Biryani
Female,35-44,Single,Low,Late Night,Saturday,Ramachandra Nagar,North Indian
Other,18-24,Married,Low,Lunch,Thursday,Governorpet,Biryani
Other,55-64,Married,Upper-Middle,Snack,Tuesday,Gunadala,South Indian
Other,35-44,Married,High,Breakfast,Tuesday,One Town,Fast Food
Male,18-24,Divorced,Upper-Middle,Lunch,Monday,One Town,Street Food
Female,55-64,Widowed,High,Late Night,Sunday,Patamata,Continental
Female,35-44,Single,Low,Late Night,Sunday,Gunadala,Fast Food
Other,45-54,Widowed,Middle,Late Night,Saturday,Poranki,Bakery
Other,18-24,Widowed,Upper-Middle,Dinner,Monday,One Town,Biryani
Female,35-44,Married,High,Lunch,Saturday,Ramachandra Nagar,North Indian
Female,45-54,Married,High,Breakfast,Wednesday,Patamata,Continental
Female,45-54,Single,Upper-Middle,Late Night,Monday,Ramachandra Nagar,North Indian
Female,25-34,Divorced,Middle,Snack,Saturday,MG Road,Chinese
Female,25-34,Widowed,High,Snack,Thursday,Benz Circle,Fast Food
Other,45-54,Married,High,Snack,Wednesday,Ramachandra Nagar,North Indian
Male,55-64,Widowed,Middle,Dinner,Thursday,Poranki,Fast Food
Other,45-54,Divorced,High,Snack,Friday,One Town,Street Food
Female,45-54,Married,Low,Breakfast,Wednesday,Auto Nagar,Biryani
Female,55-64,Married,High,Snack,Wednesday,Poranki,Bakery
Female,18-24,Divorced,Low,Lunch,Wednesday,Bhavanipuram,Biryani
Male,35-44,Divorced,Upper-Middle,Snack,Wednesday,Poranki,Street Food
Female,55-64,Single,Low,Breakfast,Tuesday,Benz Circle,Fast Food
Female,35-44,Divorced,Upper-Middle,Breakfast,Monday,Benz Circle,South Indian
Female,35-44,Divorced,High,Dinner,Wednesday,Poranki,Bakery
Male,35-44,Married,Middle,Snack,Tuesday,Ramachandra Nagar,North Indian
Female,55-64,Widowed,Low,Dinner,Thursday,Benz Circle,Biryani
Other,45-54,Divorced,Low,Dinner,Saturday,Poranki,Bakery
Female,45-54,Single,Middle,Breakfast,Thursday,Bhavanipuram,Biryani
Other,45-54,Widowed,Upper-Middle,Dinner,Thursday,MG Road,Chinese
Female,18-24,Divorced,High,Lunch,Tuesday,Poranki,Bakery
Other,35-44,Divorced,Upper-Middle,Late Night,Monday,Patamata,Continental
Other,55-64,Single,Upper-Middle,Breakfast,Tuesday,Benz Circle,Fast Food
Female,35-44,Married,Middle,Lunch,Sunday,Bhavanipuram,Biryani
Other,55-64,Widowed,Middle,Lunch,Thursday,Ramachandra Nagar,North Indian
Other,45-54,Widowed,Middle,Breakfast,Saturday,MG Road,Chinese
Female,25-34,Divorced,High,Dinner,Sunday,MG Road,Chinese
Male,18-24,Married,Upper-Middle,Late Night,Saturday,MG Road,Chinese
Female,18-24,Widowed,Upper-Middle,Breakfast,Tuesday,Benz Circle,Fast Food
Other,45-54,Married,Upper-Middle,Lunch,Friday,MG Road,Chinese
Other,25-34,Widowed,High,Late Night,Saturday,Poranki,Bakery
Female,55-64,Divorced,High,Dinner,Wednesday,Auto Nagar,South Indian
Other,18-24,Single,Middle,Breakfast,Friday,Bhavanipuram,Biryani
Other,35-44,Married,Middle,Breakfast,Sunday,One Town,South Indian
Male,25-34,Widowed,Middle,Dinner,Thursday,Gunadala,South Indian
Female,35-44,Single,Upper-Middle,Late Night,Monday,Governorpet,South Indian
Other,55-64,Divorced,High,Snack,Sunday,MG Road,Fast Food
Other,45-54,Widowed,Upper-Middle,Dinner,Monday,Benz Circle,Fast Food
Male,45-54,Single,Low,Dinner,Monday,Gunadala,South Indian
Female,18-24,Single,High,Snack,Wednesday,Auto Nagar,Street Food
Female,18-24,Single,Low,Dinner,Sunday,Poranki,Biryani
Male,25-34,Single,Middle,Late Night,Saturday,MG Road,Chinese
Female,18-24,Widowed,Upper-Middle,Lunch,Friday,Patamata,Continental
Male,18-24,Married,Middle,Breakfast,Tuesday,MG Road,Chinese
Female,35-44,Married,Upper-Middle,Dinner,Wednesday,MG Road,Chinese
Female,45-54,Married,Low,Breakfast,Tuesday,Ramachandra Nagar,South Indian
Female,25-34,Single,High,Breakfast,Saturday,Benz Circle,Fast Food
Female,25-34,Divorced,Middle,Snack,Tuesday,Patamata,Continental
Other,55-64,Divorced,High,Lunch,Sunday,Bhavanipuram,Chinese
Other,45-54,Widowed,Middle,Breakfast,Thursday,Benz Circle,Fast Food
Male,45-54,Married,Upper-Middle,Snack,Wednesday,Auto Nagar,Biryani
Male,35-44,Divorced,Low,Dinner,Sunday,Benz Circle,Biryani
Other,18-24,Widowed,High,Snack,Sunday,MG Road,Chinese
Male,45-54,Single,High,Breakfast,Sunday,Gunadala,Bakery
Male,35-44,Single,Middle,Lunch,Friday,Governorpet,Biryani
Other,35-44,Widowed,Low,Dinner,Saturday,Governorpet,South Indian
Male,45-54,Widowed,Low,Snack,Sunday,Gunadala,South Indian
Female,18-24,Married,High,Late Night,Wednesday,Patamata,Fast Food
Other,35-44,Divorced,Middle,Lunch,Sunday,Poranki,Bakery
Other,25-34,Married,Low,Dinner,Saturday,One Town,Street Food
Male,45-54,Married,Low,Breakfast,Sunday,Governorpet,South Indian
Female,35-44,Single,Middle,Snack,Friday,Ramachandra Nagar,North Indian
Other,55-64,Divorced,Middle,Lunch,Friday,Gunadala,South Indian
Other,55-64,Divorced,Low,Snack,Saturday,Ramachandra Nagar,Street Food
Other,35-44,Single,Low,Dinner,Monday,Benz Circle,Fast Food
Female,45-54,Married,High,Snack,Friday,Bhavanipuram,Biryani
Female,55-64,Divorced,Middle,Lunch,Saturday,Poranki,Bakery
Female,18-24,Single,Upper-Middle,Late Night,Thursday,Poranki,Biryani
Male,18-24,Single,High,Lunch,Thursday,Bhavanipuram,Biryani
Female,35-44,Married,Upper-Middle,Snack,Sunday,Auto Nagar,Biryani
Other,25-34,Divorced,Low,Snack,Wednesday,Poranki,Bakery
Other,35-44,Divorced,High,Snack,Wednesday,Auto Nagar,Biryani
Other,45-54,Single,Low,Dinner,Friday,MG Road,Chinese
Female,18-24,Single,Upper-Middle,Dinner,Tuesday,Bhavanipuram,Biryani
Female,45-54,Single,Low,Dinner,Wednesday,Gunadala,Continental
Other,25-34,Divorced,Low,Late Night,Tuesday,Governorpet,Fast Food
Other,18-24,Widowed,Upper-Middle,Dinner,Sunday,Auto Nagar,Biryani
Female,25-34,Divorced,Upper-Middle,Breakfast,Monday,Ramachandra Nagar,North Indian
Other,18-24,Married,Upper-Middle,Snack,Saturday,Governorpet,South Indian
Other,25-34,Divorced,Middle,Snack,Thursday,Governorpet,South Indian
Male,45-54,Single,Upper-Middle,Breakfast,Saturday,Governorpet,South Indian
Other,45-54,Divorced,High,Late Night,Wednesday,Auto Nagar,South Indian
Male,35-44,Married,Low,Dinner,Thursday,Benz Circle,Fast Food
Other,45-54,Married,Middle,Breakfast,Monday,MG Road,Chinese
Female,25-34,Divorced,Middle,Snack,Sunday,Governorpet,South Indian
Other,35-44,Widowed,Middle,Breakfast,Tuesday,Bhavanipuram,North Indian
Other,45-54,Divorced,High,Late Night,Monday,Ramachandra Nagar,Fast Food
Other,35-44,Single,Middle,Late Night,Thursday,Poranki,Bakery
Female,35-44,Single,Low,Late Night,Friday,MG Road,Chinese
Other,45-54,Widowed,High,Dinner,Saturday,Benz Circle,Street Food
Female,35-44,Single,High,Breakfast,Sunday,Patamata,Continental
Female,25-34,Single,Middle,Breakfast,Sunday,Governorpet,South Indian
Male,55-64,Widowed,Middle,Breakfast,Tuesday,Patamata,Continental
Male,45-54,Divorced,Middle,Breakfast,Sunday,One Town,Street Food
Female,18-24,Single,Low,Breakfast,Thursday,Governorpet,South Indian
Other,25-34,Divorced,Low,Lunch,Saturday,Ramachandra Nagar,North Indian
Other,35-44,Single,Middle,Breakfast,Friday,Governorpet,South Indian
Male,25-34,Divorced,High,Breakfast,Wednesday,Gunadala,South Indian
Male,45-54,Widowed,Low,Dinner,Thursday,Poranki,Biryani
Male,25-34,Single,Middle,Breakfast,Friday,MG Road,South Indian
Other,35-44,Single,High,Dinner,Wednesday,Bhavanipuram,Biryani
Female,25-34,Married,Low,Breakfast,Wednesday,Gunadala,South Indian
Male,25-34,Widowed,Low,Snack,Thursday,Poranki,Street Food
Female,35-44,Divorced,Low,Lunch,Wednesday,Gunadala,South Indian
Other,18-24,Widowed,Middle,Late Night,Thursday,MG Road,Fast Food
Other,35-44,Single,Middle,Breakfast,Friday,One Town,South Indian
Other,45-54,Single,Middle,Dinner,Monday,MG Road,Chinese
Other,35-44,Divorced,Upper-Middle,Lunch,Friday,One Town,Street Food
Other,45-54,Single,Low,Lunch,Friday,Auto Nagar,Biryani
Male,18-24,Widowed,High,Late Night,Saturday,MG Road,Fast Food
Other,55-64,Married,Upper-Middle,Snack,Saturday,Poranki,Bakery
Male,18-24,Divorced,High,Breakfast,Sunday,Governorpet,South Indian
Male,45-54,Widowed,Upper-Middle,Late Night,Sunday,Ramachandra Nagar,North Indian
Female,55-64,Divorced,High,Snack,Saturday,Patamata,Continental
Female,55-64,Divorced,Upper-Middle,Snack,Wednesday,One Town,Street Food
Female,45-54,Married,Low,Breakfast,Wednesday,One Town,Street Food
Male,25-34,Married,High,Late Night,Monday,Poranki,Bakery
Male,35-44,Single,High,Late Night,Wednesday,Poranki,Bakery
Male,55-64,Widowed,Low,Late Night,Wednesday,Governorpet,Fast Food
Female,25-34,Married,Low,Breakfast,Tuesday,Gunadala,South Indian
Other,35-44,Married,Middle,Late Night,Friday,Bhavanipuram,Fast Food
Male,35-44,Widowed,Upper-Middle,Lunch,Saturday,Governorpet,South Indian
Other,25-34,Divorced,Low,Breakfast,Thursday,Bhavanipuram,Biryani
Other,35-44,Divorced,Low,Dinner,Monday,Auto Nagar,Biryani
Other,25-34,Divorced,Low,Dinner,Saturday,One Town,Street Food
Other,25-34,Divorced,Middle,Dinner,Wednesday,Poranki,Bakery
Other,35-44,Divorced,High,Lunch,Tuesday,Gunadala,Biryani
Other,35-44,Married,Middle,Late Night,Sunday,Bhavanipuram,Biryani
Male,35-44,Married,Low,Late Night,Wednesday,Patamata,Continental
Other,25-34,Single,Upper-Middle,Snack,Thursday,Governorpet,Street Food
Other,35-44,Married,Middle,Breakfast,Friday,Ramachandra Nagar,South Indian
Male,18-24,Single,Middle,Late Night,Sunday,Auto Nagar,Biryani
Other,45-54,Married,Low,Late Night,Monday,Governorpet,Fast Food
Female,18-24,Widowed,Middle,Lunch,Thursday,MG Road,Chinese
Female,18-24,Divorced,Upper-Middle,Dinner,Tuesday,Benz Circle,Fast Food
Other,45-54,Married,Middle,Lunch,Sunday,Auto Nagar,Biryani
Male,45-54,Single,Low,Lunch,Friday,One Town,Biryani
Other,25-34,Married,Upper-Middle,Dinner,Monday,Governorpet,South Indian
Other,45-54,Single,Low,Late Night,Wednesday,Bhavanipuram,Biryani
Male,55-64,Divorced,Low,Late Night,Tuesday,One Town,Street Food
Male,25-34,Divorced,Low,Dinner,Tuesday,Patamata,Biryani
Other,18-24,Married,High,Breakfast,Tuesday,Benz Circle,Fast Food
Female,35-44,Divorced,Upper-Middle,Late Night,Thursday,One Town,Fast Food
Other,45-54,Widowed,Low,Breakfast,Saturday,Patamata,Continental
Male,25-34,Widowed,Middle,Lunch,Saturday,Gunadala,South Indian
Other,25-34,Widowed,Upper-Middle,Dinner,Monday,One Town,Street Food
Male,55-64,Widowed,Middle,Dinner,Monday,Patamata,Continental
Other,45-54,Widowed,High,Lunch,Thursday,MG Road,Biryani
Male,45-54,Married,Upper-Middle,Snack,Tuesday,Governorpet,South Indian
Male,18-24,Married,Upper-Middle,Lunch,Sunday,One Town,Street Food
Male,18-24,Married,Low,Late Night,Thursday,MG Road,Fast Food
Other,35-44,Widowed,Upper-Middle,Lunch,Tuesday,MG Road,Street Food
Other,18-24,Widowed,Middle,Breakfast,Saturday,Poranki,Street Food
Male,45-54,Divorced,Upper-Middle,Dinner,Monday,One Town,Street Food
Male,25-34,Single,Middle,Dinner,Monday,Bhavanipuram,Biryani
Other,25-34,Single,Low,Lunch,Friday,MG Road,Biryani
Female,25-34,Widowed,High,Late Night,Saturday,Patamata,Fast Food
Male,35-44,Single,Low,Lunch,Friday,Benz Circle,Fast Food
Male,45-54,Single,Low,Lunch,Wednesday,Auto Nagar,Biryani
Male,45-54,Divorced,Low,Lunch,Thursday,MG Road,Biryani
Female,55-64,Single,High,Snack,Tuesday,Ramachandra Nagar,North Indian
Male,18-24,Widowed,High,Lunch,Tuesday,Bhavanipuram,Biryani
Male,18-24,Widowed,Low,Breakfast,Tuesday,Auto Nagar,South Indian
Male,18-24,Single,Low,Breakfast,Wednesday,Benz Circle,Biryani
Female,55-64,Widowed,Low,Dinner,Thursday,Patamata,Continental
Other,25-34,Single,Upper-Middle,Lunch,Saturday,Ramachandra Nagar,Continental
Other,18-24,Single,High,Snack,Monday,One Town,Street Food
Male,25-34,Widowed,Low,Breakfast,Thursday,Poranki,Bakery
Female,35-44,Widowed,Middle,Late Night,Monday,Governorpet,Chinese
Other,55-64,Divorced,Low,Dinner,Sunday,Poranki,Biryani
Male,35-44,Single,High,Late Night,Saturday,Governorpet,South Indian
Female,35-44,Single,High,Breakfast,Tuesday,Poranki,Bakery
Other,55-64,Divorced,Low,Late Night,Sunday,Gunadala,South Indian
Male,35-44,Widowed,Upper-Middle,Lunch,Wednesday,Auto Nagar,Biryani
Female,25-34,Divorced,Middle,Late Night,Saturday,Poranki,Bakery
Female,18-24,Widowed,Upper-Middle,Late Night,Sunday,Auto Nagar,Biryani
Other,45-54,Widowed,High,Lunch,Saturday,Bhavanipuram,Biryani
Other,35-44,Widowed,Low,Snack,Friday,Benz Circle,Street Food
Female,45-54,Single,High,Breakfast,Tuesday,Patamata,South Indian
Male,35-44,Married,Low,Breakfast,Thursday,Patamata,Continental
Male,55-64,Divorced,Middle,Breakfast,Monday,Governorpet,South Indian
Other,35-44,Widowed,Middle,Dinner,Saturday,Bhavanipuram,Biryani
Female,18-24,Married,High,Snack,Tuesday,MG Road,Chinese
Female,45-54,Single,Upper-Middle,Breakfast,Friday,Ramachandra Nagar,South Indian
Other,45-54,Married,High,Lunch,Saturday,Poranki,Bakery
Male,25-34,Divorced,High,Late Night,Friday,Gunadala,South Indian
Female,25-34,Married,Middle,Lunch,Saturday,Auto Nagar,Bakery
Female,55-64,Single,Low,Snack,Saturday,Poranki,Bakery
Male,25-34,Single,High,Dinner,Wednesday,Ramachandra Nagar,North Indian
Male,18-24,Divorced,High,Dinner,Wednesday,Auto Nagar,Biryani
Male,45-54,Single,Upper-Middle,Late Night,Thursday,Auto Nagar,Biryani
Other,18-24,Widowed,Middle,Late Night,Saturday,Auto Nagar,Fast Food
Other,55-64,Married,High,Snack,Sunday,Auto Nagar,Street Food
Male,45-54,Widowed,Middle,Lunch,Monday,Auto Nagar,Biryani
Other,35-44,Divorced,Low,Late Night,Thursday,Patamata,Continental
Other,35-44,Divorced,Middle,Dinner,Tuesday,Auto Nagar,Biryani
Other,35-44,Divorced,High,Lunch,Monday,Ramachandra Nagar,North Indian
Other,25-34,Divorced,Middle,Breakfast,Thursday,Poranki,Bakery
Male,35-44,Widowed,Low,Lunch,Thursday,Auto Nagar,Biryani
Other,18-24,Single,Middle,Breakfast,Sunday,Poranki,Continental
Other,35-44,Divorced,Upper-Middle,Dinner,Thursday,Auto Nagar,Biryani
Female,18-24,Married,Middle,Breakfast,Monday,Gunadala,Biryani
Other,35-44,Married,Low,Late Night,Monday,Governorpet,South Indian
Other,35-44,Widowed,Upper-Middle,Breakfast,Tuesday,Gunadala,South Indian
Female,35-44,Single,High,Breakfast,Sunday,MG Road,South Indian
Female,55-64,Widowed,Middle,Breakfast,Sunday,Patamata,Continental
Male,45-54,Married,Middle,Lunch,Friday,MG Road,Biryani
Female,45-54,Divorced,Low,Snack,Saturday,Poranki,Street Food
Other,45-54,Single,Middle,Lunch,Thursday,Benz Circle,Fast Food
Other,45-54,Single,Upper-Middle,Breakfast,Sunday,MG Road,Chinese
Female,55-64,Widowed,Middle,Breakfast,Tuesday,Bhavanipuram,South Indian
Other,35-44,Divorced,Low,Dinner,Saturday,Poranki,Bakery
Male,35-44,Divorced,Upper-Middle,Snack,Saturday,Ramachandra Nagar,North Indian
Other,18-24,Divorced,Upper-Middle,Lunch,Monday,Gunadala,Biryani
Other,55-64,Single,High,Dinner,Monday,Benz Circle,Fast Food
Female,55-64,Married,High,Dinner,Thursday,One Town,Street Food
Female,55-64,Widowed,Upper-Middle,Late Night,Thursday,Governorpet,Fast Food
Female,35-44,Widowed,Low,Snack,Friday,Benz Circle,Fast Food
Other,18-24,Single,Upper-Middle,Late Night,Sunday,MG Road,Chinese
Other,18-24,Married,Middle,Breakfast,Friday,Bhavanipuram,Biryani
Other,18-24,Married,High,Late Night,Thursday,Benz Circle,Fast Food
Female,45-54,Widowed,Low,Dinner,Saturday,Gunadala,South Indian
Male,35-44,Married,Middle,Snack,Tuesday,Bhavanipuram,Biryani
Male,18-24,Divorced,High,Breakfast,Saturday,One Town,South Indian
Male,35-44,Married,Middle,Lunch,Wednesday,Auto Nagar,Biryani
Other,18-24,Widowed,Middle,Breakfast,Sunday,Benz Circle,South Indian
Female,35-44,Single,Upper-Middle,Breakfast,Tuesday,Governorpet,South Indian
Other,25-34,Married,Middle,Dinner,Friday,One Town,Biryani
Male,25-34,Widowed,High,Snack,Friday,One Town,Street Food
Male,35-44,Single,Middle,Lunch,Friday,Bhavanipuram,Biryani
Other,55-64,Single,Upper-Middle,Breakfast,Saturday,Benz Circle,Fast Food
Female,35-44,Widowed,Low,Snack,Thursday,Ramachandra Nagar,Street Food
Male,45-54,Divorced,Middle,Dinner,Saturday,Bhavanipuram,Biryani
Male,55-64,Married,Upper-Middle,Lunch,Monday,Patamata,Continental
Female,18-24,Married,Middle,Lunch,Friday,Ramachandra Nagar,North Indian
Male,45-54,Widowed,Low,Lunch,Wednesday,Ramachandra Nagar,North Indian
Other,35-44,Widowed,Middle,Dinner,Friday,Benz Circle,Fast Food
Female,55-64,Married,Upper-Middle,Breakfast,Sunday,Gunadala,South Indian
Other,25-34,Single,Upper-Middle,Dinner,Sunday,Patamata,Continental
Male,35-44,Widowed,High,Snack,Saturday,Patamata,Street Food
Other,35-44,Divorced,Middle,Breakfast,Wednesday,MG Road,Chinese
Other,18-24,Divorced,Low,Late Night,Wednesday,Bhavanipuram,Biryani
Female,18-24,Married,Middle,Lunch,Thursday,Auto Nagar,Biryani
Female,35-44,Widowed,Middle,Late Night,Monday,Ramachandra Nagar,South Indian
Other,25-34,Single,Upper-Middle,Dinner,Saturday,MG Road,Street Food
Female,45-54,Single,High,Snack,Saturday,Bhavanipuram,Biryani
Female,25-34,Married,Low,Breakfast,Sunday,MG Road,Bakery
Male,25-34,Divorced,Middle,Breakfast,Thursday,Auto Nagar,Biryani
Other,25-34,Divorced,Low,Late Night,Thursday,Benz Circle,Fast Food
Female,35-44,Widowed,High,Breakfast,Thursday,Ramachandra Nagar,North Indian
Male,18-24,Married,Low,Dinner,Tuesday,Gunadala,Biryani
Male,25-34,Widowed,High,Snack,Sunday,MG Road,Chinese
Other,25-34,Married,Low,Dinner,Sunday,Patamata,Biryani
Other,35-44,Divorced,Middle,Late Night,Sunday,Benz Circle,Fast Food
Female,45-54,Widowed,Upper-Middle,Snack,Monday,Bhavanipuram,Street Food
Male,55-64,Widowed,High,Breakfast,Monday,MG Road,Chinese
Female,25-34,Widowed,Middle,Dinner,Tuesday,Benz Circle,Fast Food
Female,18-24,Widowed,Low,Breakfast,Friday,Auto Nagar,Biryani
Female,45-54,Single,High,Snack,Sunday,MG Road,Street Food
Other,45-54,Single,Middle,Breakfast,Monday,Governorpet,South Indian
Male,55-64,Single,Upper-Middle,Dinner,Friday,Benz Circle,Biryani
Male,25-34,Married,Low,Late Night,Monday,Patamata,Continental
Female,25-34,Divorced,Low,Dinner,Tuesday,Ramachandra Nagar,Biryani
Other,25-34,Single,Upper-Middle,Lunch,Monday,MG Road,Chinese
Other,18-24,Single,Middle,Snack,Tuesday,Patamata,Street Food
Male,18-24,Single,Upper-Middle,Lunch,Sunday,Governorpet,Biryani
Male,45-54,Single,Low,Late Night,Tuesday,One Town,Street Food
Female,18-24,Divorced,High,Dinner,Tuesday,Benz Circle,Biryani
Male,55-64,Widowed,Middle,Dinner,Wednesday,Gunadala,Biryani
Female,25-34,Divorced,Low,Dinner,Friday,Ramachandra Nagar,North Indian
Female,35-44,Divorced,Low,Breakfast,Thursday,Poranki,South Indian
Other,25-34,Married,High,Late Night,Monday,Auto Nagar,Biryani
Other,25-34,Married,Middle,Late Night,Wednesday,Poranki,Fast Food
Female,45-54,Single,Low,Late Night,Saturday,MG Road,Chinese
Male,55-64,Married,High,Breakfast,Thursday,Gunadala,South Indian
Other,35-44,Married,Upper-Middle,Snack,Friday,Governorpet,Street Food
Male,25-34,Single,Upper-Middle,Late Night,Sunday,Gunadala,Fast Food
Other,55-64,Widowed,Low,Dinner,Tuesday,Benz Circle,Fast Food
Female,18-24,Divorced,Low,Breakfast,Tuesday,Benz Circle,South Indian
Female,35-44,Single,Middle,Lunch,Friday,Auto Nagar,Biryani
Female,35-44,Divorced,Low,Dinner,Sunday,Poranki,Bakery
Female,18-24,Married,Middle,Lunch,Wednesday,Patamata,Continental
Female,45-54,Widowed,High,Breakfast,Sunday,Bhavanipuram,South Indian
Other,18-24,Single,Upper-Middle,Dinner,Friday,Gunadala,South Indian
Female,18-24,Married,Middle,Breakfast,Thursday,Patamata,South Indian
Other,45-54,Married,Middle,Late Night,Wednesday,One Town,South Indian
Male,45-54,Married,High,Breakfast,Friday,Patamata,Continental
Male,18-24,Married,High,Late Night,Thursday,One Town,Fast Food
Female,25-34,Divorced,Middle,Dinner,Tuesday,Ramachandra Nagar,Bakery
Other,55-64,Divorced,Middle,Snack,Thursday,MG Road,Street Food
Female,35-44,Married,Middle,Breakfast,Wednesday,Auto Nagar,Biryani
Other,45-54,Widowed,Upper-Middle,Dinner,Saturday,Ramachandra Nagar,North Indian
Male,25-34,Divorced,Low,Breakfast,Sunday,Poranki,South Indian
Male,25-34,Divorced,Middle,Late Night,Monday,Patamata,Continental
Other,25-34,Divorced,Middle,Late Night,Monday,Poranki,Bakery
Female,18-24,Widowed,Middle,Late Night,Thursday,Benz Circle,Fast Food
Female,35-44,Married,Low,Lunch,Wednesday,Governorpet,South Indian
Female,45-54,Widowed,High,Snack,Friday,Bhavanipuram,Biryani
Other,25-34,Single,Upper-Middle,Breakfast,Friday,Gunadala,South Indian
Female,18-24,Divorced,Middle,Dinner,Saturday,Auto Nagar,Biryani
Female,25-34,Divorced,High,Snack,Thursday,One Town,Street Food
Male,18-24,Divorced,Upper-Middle,Dinner,Wednesday,Gunadala,Biryani
Female,18-24,Divorced,High,Late Night,Tuesday,Bhavanipuram,Fast Food
Other,25-34,Married,Low,Dinner,Wednesday,Governorpet,South Indian
Male,55-64,Divorced,Middle,Dinner,Sunday,Benz Circle,Biryani
Other,18-24,Widowed,High,Breakfast,Saturday,Gunadala,North Indian
Female,45-54,Divorced,Upper-Middle,Dinner,Tuesday,MG Road,Biryani
Female,35-44,Married,High,Late Night,Thursday,Gunadala,South Indian
Female,45-54,Divorced,Upper-Middle,Snack,Sunday,Patamata,Continental
Other,35-44,Married,Middle,Lunch,Friday,Gunadala,South Indian
Male,45-54,Married,Upper-Middle,Snack,Sunday,MG Road,Street Food
Male,55-64,Divorced,Upper-Middle,Snack,Saturday,MG Road,Street Food
Male,45-54,Married,Middle,Lunch,Tuesday,One Town,Street Food
Male,25-34,Widowed,Middle,Snack,Monday,Auto Nagar,Biryani
Other,45-54,Divorced,Low,Dinner,Thursday,Benz Circle,Fast Food
Male,18-24,Married,High,Dinner,Tuesday,One Town,Biryani
Other,35-44,Married,High,Dinner,Friday,Gunadala,South Indian
Other,45-54,Single,High,Late Night,Friday,Ramachandra Nagar,North Indian
Male,25-34,Married,Low,Breakfast,Monday,Poranki,South Indian
Female,18-24,Divorced,Upper-Middle,Late Night,Wednesday,Ramachandra Nagar,Fast Food
Male,55-64,Married,Upper-Middle,Dinner,Friday,Benz Circle,Biryani
Other,45-54,Married,High,Dinner,Saturday,Auto Nagar,Biryani
Female,18-24,Married,Middle,Lunch,Friday,Patamata,Biryani
Female,55-64,Widowed,Low,Late Night,Friday,Bhavanipuram,South Indian
Female,45-54,Single,Upper-Middle,Late Night,Sunday,Poranki,Bakery
Male,55-64,Divorced,Middle,Late Night,Tuesday,Benz Circle,Fast Food
Other,55-64,Widowed,High,Dinner,Friday,MG Road,Biryani
Other,35-44,Single,Low,Snack,Sunday,Benz Circle,Fast Food
Male,55-64,Single,Low,Dinner,Monday,Benz Circle,Fast Food
Other,45-54,Single,Low,Late Night,Thursday,One Town,Street Food
Male,55-64,Widowed,Upper-Middle,Dinner,Saturday,Ramachandra Nagar,North Indian
Male,55-64,Widowed,Low,Lunch,Wednesday,Gunadala,Biryani
Other,55-64,Divorced,Upper-Middle,Breakfast,Wednesday,Bhavanipuram,South Indian
Female,45-54,Single,Middle,Late Night,Sunday,Benz Circle,Fast Food
Other,25-34,Married,High,Dinner,Tuesday,Benz Circle,Fast Food
Female,55-64,Widowed,Upper-Middle,Breakfast,Thursday,Governorpet,South Indian
Male,35-44,Divorced,Upper-Middle,Lunch,Saturday,MG Road,Street Food
Other,45-54,Married,Low,Breakfast,Saturday,Bhavanipuram,South Indian
Female,18-24,Married,Upper-Middle,Late Night,Tuesday,Auto Nagar,Fast Food
Male,45-54,Divorced,High,Breakfast,Sunday,Gunadala,South Indian
Female,25-34,Divorced,Low,Breakfast,Sunday,Benz Circle,Fast Food
Male,25-34,Divorced,Low,Dinner,Friday,MG Road,Biryani
Male,45-54,Widowed,Middle,Lunch,Sunday,Bhavanipuram,Biryani
Male,55-64,Widowed,High,Lunch,Saturday,Benz Circle,Fast Food
Male,35-44,Divorced,Upper-Middle,Late Night,Monday,Benz Circle,Fast Food
Female,55-64,Married,High,Dinner,Saturday,One Town,Fast Food
Female,25-34,Single,Upper-Middle,Breakfast,Tuesday,Patamata,Chinese
Female,55-64,Widowed,Low,Late Night,Thursday,Bhavanipuram,Biryani
Female,18-24,Single,High,Late Night,Friday,Bhavanipuram,Biryani
Male,35-44,Married,Upper-Middle,Dinner,Saturday,Patamata,Continental
Male,45-54,Divorced,Upper-Middle,Snack,Thursday,One Town,Street Food
Female,45-54,Divorced,Low,Late Night,Monday,Benz Circle,Fast Food
Other,25-34,Widowed,Low,Dinner,Tuesday,One Town,Street Food
Female,25-34,Divorced,Low,Breakfast,Thursday,MG Road,Chinese
Male,45-54,Divorced,High,Dinner,Wednesday,Auto Nagar,Biryani
Female,55-64,Married,Low,Breakfast,Saturday,Auto Nagar,Street Food
Other,18-24,Married,Middle,Breakfast,Monday,Gunadala,South Indian
Female,45-54,Widowed,Low,Dinner,Friday,Gunadala,South Indian
Other,25-34,Widowed,Middle,Late Night,Friday,Ramachandra Nagar,Bakery
Male,35-44,Divorced,Low,Lunch,Sunday,Patamata,Continental
Male,35-44,Widowed,Low,Snack,Wednesday,One Town,Street Food
Female,18-24,Married,Low,Breakfast,Saturday,MG Road,Chinese
Female,18-24,Divorced,Middle,Breakfast,Sunday,Gunadala,South Indian
Other,55-64,Widowed,High,Snack,Monday,Bhavanipuram,Street Food
Other,35-44,Divorced,Low,Snack,Friday,Patamata,Street Food
Other,35-44,Married,Upper-Middle,Breakfast,Thursday,One Town,Street Food
Male,18-24,Single,Middle,Late Night,Friday,Benz Circle,Fast Food
Male,18-24,Divorced,Low,Dinner,Friday,Patamata,Biryani
Female,18-24,Divorced,Low,Dinner,Tuesday,Governorpet,South Indian
Other,45-54,Married,Middle,Snack,Saturday,Benz Circle,Chinese
Male,35-44,Married,Low,Snack,Saturday,Patamata,Continental
Other,45-54,Single,Low,Snack,Saturday,Patamata,Street Food
Male,45-54,Widowed,Middle,Dinner,Monday,Benz Circle,South Indian
Other,18-24,Single,Low,Breakfast,Saturday,Patamata,Continental
Female,25-34,Married,Low,Lunch,Friday,Benz Circle,Biryani
Male,18-24,Married,Upper-Middle,Late Night,Friday,Bhavanipuram,Biryani
Female,18-24,Divorced,Low,Late Night,Wednesday,Bhavanipuram,Biryani
Other,45-54,Single,Middle,Late Night,Friday,Governorpet,South Indian
Other,35-44,Divorced,Low,Breakfast,Saturday,Bhavanipuram,Biryani
Female,18-24,Married,Middle,Lunch,Tuesday,Patamata,Biryani
Female,25-34,Divorced,Upper-Middle,Breakfast,Sunday,Governorpet,Chinese
Other,45-54,Single,Upper-Middle,Late Night,Sunday,Benz Circle,Fast Food
Male,35-44,Married,Low,Snack,Friday,Patamata,Continental
Other,35-44,Widowed,Low,Late Night,Sunday,Auto Nagar,Biryani
Other,25-34,Widowed,Low,Snack,Sunday,Governorpet,South Indian
Male,18-24,Single,Middle,Breakfast,Saturday,Benz Circle,Biryani
Male,55-64,Divorced,Middle,Breakfast,Saturday,One Town,South Indian
Male,18-24,Married,Upper-Middle,Late Night,Saturday,Bhavanipuram,Fast Food
Male,25-34,Divorced,Low,Dinner,Saturday,Auto Nagar,Biryani
Other,45-54,Single,High,Breakfast,Wednesday,Auto Nagar,Biryani
Male,25-34,Widowed,Middle,Late Night,Monday,Patamata,Continental
Other,18-24,Married,Middle,Dinner,Tuesday,Ramachandra Nagar,Biryani
Other,25-34,Single,Low,Breakfast,Thursday,MG Road,Biryani
Female,55-64,Married,Upper-Middle,Breakfast,Thursday,MG Road,Chinese
Other,18-24,Single,Upper-Middle,Dinner,Friday,Auto Nagar,Biryani
Other,45-54,Married,Low,Breakfast,Wednesday,Bhavanipuram,Biryani
Male,55-64,Single,Middle,Breakfast,Friday,Benz Circle,South Indian
Male,55-64,Single,High,Snack,Thursday,Auto Nagar,North Indian
Other,35-44,Married,Low,Dinner,Tuesday,Governorpet,South Indian
Female,35-44,Widowed,High,Snack,Sunday,Poranki,Street Food
Female,25-34,Divorced,Middle,Lunch,Friday,Auto Nagar,Biryani
Female,55-64,Divorced,High,Lunch,Saturday,Bhavanipuram,Biryani
Male,45-54,Married,High,Snack,Friday,Auto Nagar,Biryani
Other,25-34,Married,High,Dinner,Wednesday,Auto Nagar,Biryani
Female,18-24,Divorced,Low,Breakfast,Thursday,Gunadala,South Indian
Female,35-44,Single,Middle,Lunch,Tuesday,Ramachandra Nagar,North Indian
Female,35-44,Widowed,Upper-Middle,Late Night,Saturday,Ramachandra Nagar,Fast Food
Other,45-54,Divorced,Low,Breakfast,Wednesday,Bhavanipuram,South Indian
Female,55-64,Divorced,Low,Dinner,Saturday,Auto Nagar,Biryani
Male,25-34,Widowed,High,Dinner,Saturday,Ramachandra Nagar,North Indian
Male,18-24,Divorced,Low,Late Night,Tuesday,Patamata,Continental
Female,45-54,Single,Upper-Middle,Snack,Monday,Auto Nagar,Street Food
Male,45-54,Single,Low,Lunch,Monday,Patamata,Continental
Male,18-24,Married,High,Dinner,Wednesday,Auto Nagar,Biryani
Male,55-64,Single,Upper-Middle,Dinner,Saturday,Bhavanipuram,Biryani
Male,35-44,Divorced,Middle,Snack,Saturday,MG Road,Chinese
Female,35-44,Divorced,Low,Dinner,Wednesday,Benz Circle,Fast Food
Female,45-54,Single,Low,Dinner,Sunday,Auto Nagar,Biryani
Female,45-54,Widowed,High,Late Night,Thursday,Poranki,Street Food
Male,35-44,Widowed,Upper-Middle,Late Night,Thursday,Bhavanipuram,Fast Food
Other,25-34,Widowed,Middle,Lunch,Thursday,Patamata,Continental
Other,25-34,Widowed,Middle,Late Night,Tuesday,MG Road,Chinese
Female,45-54,Widowed,Middle,Dinner,Sunday,Gunadala,South Indian
Male,25-34,Single,Middle,Lunch,Saturday,Ramachandra Nagar,North Indian
Female,55-64,Divorced,Middle,Snack,Wednesday,MG Road,Street Food
Other,45-54,Divorced,High,Late Night,Saturday,Ramachandra Nagar,North Indian
Female,45-54,Widowed,Middle,Snack,Sunday,Ramachandra Nagar,Street Food
Other,25-34,Single,Upper-Middle,Dinner,Tuesday,One Town,Street Food
Female,18-24,Widowed,Upper-Middle,Lunch,Tuesday,Ramachandra Nagar,North Indian
Male,35-44,Single,Middle,Snack,Monday,Gunadala,Street Food
Male,18-24,Divorced,Middle,Dinner,Tuesday,MG Road,Biryani
Female,25-34,Widowed,Upper-Middle,Lunch,Tuesday,MG Road,Chinese
Male,35-44,Widowed,Middle,Late Night,Wednesday,Auto Nagar,Biryani
Female,45-54,Single,Low,Dinner,Friday,Auto Nagar,Biryani
Male,45-54,Widowed,Upper-Middle,Snack,Saturday,MG Road,Street Food
Female,25-34,Divorced,Low,Late Night,Thursday,Poranki,Bakery
Female,25-34,Divorced,High,Breakfast,Wednesday,Poranki,Bakery
Male,55-64,Widowed,Upper-Middle,Breakfast,Tuesday,Auto Nagar,South Indian
Other,18-24,Widowed,High,Breakfast,Friday,Ramachandra Nagar,North Indian
Female,25-34,Single,Low,Late Night,Wednesday,Bhavanipuram,Fast Food
Female,25-34,Single,Middle,Lunch,Saturday,Patamata,Biryani
Other,55-64,Single,Upper-Middle,Dinner,Wednesday,Auto Nagar,Biryani
Other,18-24,Divorced,High,Late Night,Friday,Auto Nagar,Biryani
Other,18-24,Single,Middle,Dinner,Thursday,Gunadala,South Indian
Female,45-54,Divorced,Middle,Snack,Tuesday,Auto Nagar,Biryani
Female,55-64,Single,Upper-Middle,Lunch,Monday,Benz Circle,Chinese
Male,55-64,Single,Upper-Middle,Late Night,Tuesday,One Town,Street Food
Male,55-64,Widowed,Upper-Middle,Dinner,Wednesday,Patamata,Street Food
Female,45-54,Divorced,Low,Late Night,Thursday,Auto Nagar,Fast Food
Female,45-54,Single,Middle,Late Night,Wednesday,Ramachandra Nagar,Fast Food
Female,55-64,Widowed,Low,Late Night,Monday,Benz Circle,Fast Food
Female,45-54,Widowed,Middle,Late Night,Thursday,Auto Nagar,Fast Food
Other,18-24,Widowed,Low,Dinner,Wednesday,MG Road,Chinese
Other,45-54,Widowed,Upper-Middle,Breakfast,Sunday,Benz Circle,Fast Food
Male,18-24,Divorced,Upper-Middle,Breakfast,Thursday,Ramachandra Nagar,North Indian
Female,45-54,Married,Upper-Middle,Lunch,Thursday,Auto Nagar,Biryani
Male,18-24,Widowed,Upper-Middle,Dinner,Sunday,Patamata,Biryani
Other,35-44,Married,Low,Breakfast,Friday,Ramachandra Nagar,North Indian
Male,25-34,Widowed,High,Breakfast,Monday,Governorpet,South Indian
Other,55-64,Single,Middle,Breakfast,Sunday,Benz Circle,Fast Food
Other,35-44,Divorced,Middle,Late Night,Friday,Patamata,Continental
Male,35-44,Divorced,Middle,Snack,Sunday,Bhavanipuram,Biryani
Female,55-64,Widowed,High,Lunch,Friday,Ramachandra Nagar,North Indian
Female,55-64,Married,High,Late Night,Tuesday,Poranki,Fast Food
Male,18-24,Widowed,Middle,Lunch,Thursday,Poranki,Biryani
Other,25-34,Single,Upper-Middle,Late Night,Tuesday,Patamata,Continental
Female,45-54,Divorced,Middle,Snack,Friday,Bhavanipuram,Street Food
Other,45-54,Widowed,Middle,Breakfast,Sunday,Auto Nagar,South Indian
Female,45-54,Single,Upper-Middle,Lunch,Saturday,Benz Circle,Fast Food
Other,45-54,Single,Middle,Breakfast,Wednesday,One Town,South Indian
Male,55-64,Married,Upper-Middle,Dinner,Friday,MG Road,Biryani
Female,18-24,Single,Middle,Dinner,Monday,Poranki,Bakery
Other,25-34,Single,High,Late Night,Friday,Ramachandra Nagar,Fast Food
Male,55-64,Divorced,High,Snack,Thursday,Gunadala,Street Food
Male,18-24,Widowed,Middle,Breakfast,Friday,MG Road,Chinese
Other,25-34,Single,High,Dinner,Sunday,Patamata,Biryani
Other,55-64,Widowed,Low,Late Night,Monday,Governorpet,Street Food
Female,55-64,Divorced,Middle,Dinner,Friday,Ramachandra Nagar,North Indian
Female,25-34,Single,Low,Snack,Monday,One Town,Street Food
Other,55-64,Married,Middle,Lunch,Sunday,One Town,Street Food
Female,25-34,Married,Upper-Middle,Dinner,Monday,One Town,Street Food
Male,25-34,Widowed,High,Dinner,Friday,Bhavanipuram,Biryani
Other,18-24,Single,Upper-Middle,Breakfast,Tuesday,Bhavanipuram,Bakery
Male,18-24,Widowed,Upper-Middle,Snack,Saturday,MG Road,Chinese
Male,18-24,Married,Middle,Lunch,Sunday,Governorpet,South Indian
Female,55-64,Married,Middle,Snack,Wednesday,MG Road,Chinese
Male,25-34,Married,Middle,Snack,Sunday,Gunadala,Fast Food
Other,25-34,Single,High,Lunch,Thursday,Governorpet,South Indian
Female,18-24,Widowed,Low,Dinner,Friday,Ramachandra Nagar,North Indian
Male,25-34,Married,Middle,Breakfast,Tuesday,Benz Circle,Fast Food
Other,35-44,Widowed,Upper-Middle,Lunch,Thursday,Auto Nagar,Biryani
Male,25-34,Married,Low,Late Night,Wednesday,Auto Nagar,Fast Food
Other,25-34,Divorced,Low,Snack,Monday,Poranki,Bakery
Male,25-34,Widowed,Middle,Dinner,Tuesday,Poranki,Biryani
Other,55-64,Married,Low,Lunch,Wednesday,Gunadala,South Indian
Male,25-34,Married,High,Dinner,Saturday,Auto Nagar,Street Food
Female,25-34,Single,Low,Snack,Wednesday,One Town,Street Food
Male,18-24,Widowed,Low,Breakfast,Monday,Patamata,Chinese
Male,25-34,Divorced,High,Dinner,Friday,One Town,Street Food
Male,35-44,Divorced,Upper-Middle,Snack,Friday,Ramachandra Nagar,North Indian
Male,45-54,Single,High,Breakfast,Monday,One Town,Street Food
Male,45-54,Married,Upper-Middle,Dinner,Wednesday,MG Road,Chinese
Male,25-34,Single,Low,Lunch,Thursday,Patamata,Continental
Male,35-44,Single,Upper-Middle,Lunch,Saturday,Governorpet,Biryani
Other,25-34,Married,Middle,Snack,Friday,Bhavanipuram,Biryani
Other,25-34,Divorced,Low,Dinner,Friday,MG Road,South Indian
Male,55-64,Widowed,Low,Lunch,Sunday,Bhavanipuram,Biryani
Other,25-34,Married,Middle,Late Night,Wednesday,Ramachandra Nagar,North Indian
Male,18-24,Single,Low,Lunch,Saturday,MG Road,South Indian
Female,45-54,Divorced,Low,Late Night,Saturday,Gunadala,South Indian
Female,55-64,Married,Middle,Lunch,Saturday,Auto Nagar,Biryani
Other,45-54,Single,Upper-Middle,Snack,Tuesday,MG Road,Chinese
Other,25-34,Widowed,Upper-Middle,Late Night,Sunday,Bhavanipuram,Fast Food
Female,18-24,Widowed,High,Dinner,Tuesday,Poranki,Bakery
Other,35-44,Divorced,Upper-Middle,Snack,Sunday,Bhavanipuram,Street Food
Female,45-54,Single,Upper-Middle,Lunch,Friday,One Town,Street Food
Male,45-54,Divorced,High,Late Night,Wednesday,Gunadala,Fast Food
Male,55-64,Divorced,Low,Dinner,Thursday,Benz Circle,Biryani
Female,35-44,Single,High,Lunch,Sunday,Ramachandra Nagar,North Indian
Female,25-34,Widowed,High,Lunch,Thursday,Gunadala,South Indian
Female,55-64,Divorced,High,Dinner,Saturday,MG Road,Biryani
Female,45-54,Single,Middle,Breakfast,Wednesday,Ramachandra Nagar,South Indian
Female,45-54,Widowed,Low,Dinner,Monday,Poranki,Biryani
Other,25-34,Single,Upper-Middle,Lunch,Wednesday,Gunadala,South Indian
Male,45-54,Single,Low,Snack,Tuesday,MG Road,Chinese
Other,55-64,Married,Middle,Lunch,Monday,Poranki,Bakery
Female,45-54,Married,Middle,Snack,Saturday,Bhavanipuram,Biryani
Male,35-44,Widowed,Low,Lunch,Monday,One Town,Biryani
Female,55-64,Divorced,Upper-Middle,Lunch,Tuesday,Patamata,Biryani
Female,45-54,Divorced,Middle,Dinner,Wednesday,MG Road,Chinese
Other,55-64,Widowed,Low,Dinner,Wednesday,Poranki,Bakery
Male,35-44,Married,Middle,Dinner,Wednesday,One Town,Street Food
Male,25-34,Divorced,Middle,Late Night,Monday,Poranki,Bakery
Other,18-24,Married,High,Breakfast,Thursday,Bhavanipuram,Biryani
Male,18-24,Single,Middle,Lunch,Saturday,Poranki,Bakery
Male,25-34,Single,Low,Lunch,Sunday,Benz Circle,Fast Food
Female,25-34,Married,Middle,Breakfast,Friday,Auto Nagar,South Indian
Other,45-54,Married,Low,Snack,Wednesday,Governorpet,Street Food
Other,55-64,Divorced,Upper-Middle,Late Night,Monday,MG Road,North Indian
Male,55-64,Widowed,Upper-Middle,Breakfast,Friday,Ramachandra Nagar,Continental
Male,18-24,Married,Upper-Middle,Breakfast,Sunday,Auto Nagar,Biryani
Female,25-34,Single,Upper-Middle,Dinner,Thursday,One Town,Street Food
Male,55-64,Widowed,Upper-Middle,Dinner,Friday,MG Road,Biryani
Other,18-24,Divorced,Middle,Dinner,Saturday,Patamata,Continental
Other,45-54,Divorced,Upper-Middle,Snack,Saturday,Auto Nagar,Biryani
Male,25-34,Married,Upper-Middle,Breakfast,Friday,Patamata,Continental
Female,35-44,Single,Upper-Middle,Snack,Monday,Ramachandra Nagar,North Indian
Other,55-64,Widowed,Middle,Snack,Wednesday,Poranki,Bakery
Male,18-24,Single,Upper-Middle,Snack,Sunday,Ramachandra Nagar,South Indian
Female,45-54,Widowed,Upper-Middle,Breakfast,Monday,Bhavanipuram,Biryani
Other,45-54,Single,Upper-Middle,Late Night,Friday,Governorpet,South Indian
Other,45-54,Divorced,High,Lunch,Saturday,Ramachandra Nagar,North Indian
Other,35-44,Widowed,Low,Lunch,Monday,Bhavanipuram,Biryani
Other,18-24,Divorced,High,Late Night,Thursday,Auto Nagar,Fast Food
Female,45-54,Widowed,Low,Lunch,Sunday,MG Road,Chinese
Male,35-44,Married,Upper-Middle,Late Night,Monday,Poranki,Fast Food
Female,18-24,Widowed,Upper-Middle,Dinner,Friday,Poranki,Bakery
Male,18-24,Married,Upper-Middle,Lunch,Tuesday,One Town,Biryani
Female,35-44,Widowed,Middle,Breakfast,Sunday,Auto Nagar,Biryani
Female,35-44,Married,Upper-Middle,Lunch,Tuesday,Governorpet,South Indian
Female,25-34,Divorced,Low,Lunch,Saturday,Benz Circle,Fast Food
Male,55-64,Married,Low,Snack,Saturday,Governorpet,Street Food
Other,35-44,Widowed,Middle,Breakfast,Wednesday,Governorpet,South Indian
Male,35-44,Widowed,Upper-Middle,Breakfast,Saturday,Ramachandra Nagar,North Indian
Other,45-54,Single,Middle,Breakfast,Saturday,Benz Circle,Fast Food
Female,25-34,Married,High,Lunch,Wednesday,Patamata,Continental
Female,45-54,Married,Middle,Breakfast,Wednesday,Bhavanipuram,Biryani
Female,35-44,Married,High,Dinner,Wednesday,Benz Circle,Fast Food
Other,45-54,Single,High,Lunch,Wednesday,Ramachandra Nagar,North Indian
Female,35-44,Single,High,Late Night,Wednesday,Ramachandra Nagar,Fast Food
Female,35-44,Married,Upper-Middle,Snack,Tuesday,Poranki,Bakery
Other,25-34,Widowed,Middle,Late Night,Sunday,Ramachandra Nagar,North Indian
Female,35-44,Divorced,Low,Breakfast,Friday,MG Road,South Indian
Male,25-34,Widowed,Low,Dinner,Thursday,Benz Circle,Biryani
Other,25-34,Married,Low,Late Night,Tuesday,Governorpet,South Indian
Female,55-64,Single,Low,Late Night,Sunday,Auto Nagar,Biryani
Male,55-64,Married,Low,Dinner,Wednesday,Benz Circle,Biryani
Male,25-34,Widowed,Upper-Middle,Dinner,Monday,Patamata,Continental
Male,55-64,Single,Low,Breakfast,Sunday,Bhavanipuram,Biryani
Other,45-54,Married,Low,Breakfast,Sunday,Poranki,South Indian
Other,45-54,Married,Upper-Middle,Late Night,Saturday,Ramachandra Nagar,Fast Food
Male,25-34,Single,Low,Lunch,Monday,Auto Nagar,Biryani
Other,25-34,Divorced,Upper-Middle,Snack,Thursday,Governorpet,South Indian
Other,55-64,Widowed,Middle,Breakfast,Monday,One Town,Street Food
Female,45-54,Single,High,Breakfast,Friday,Governorpet,South Indian
Male,18-24,Married,Middle,Late Night,Thursday,Gunadala,South Indian
Male,35-44,Single,High,Late Night,Saturday,Gunadala,Fast Food
Female,55-64,Single,Low,Lunch,Wednesday,One Town,Street Food
Other,45-54,Widowed,High,Dinner,Thursday,Governorpet,Street Food
Other,25-34,Divorced,Middle,Dinner,Wednesday,Bhavanipuram,Biryani
Other,45-54,Widowed,Upper-Middle,Late Night,Sunday,Ramachandra Nagar,Fast Food
Other,55-64,Widowed,High,Late Night,Sunday,Patamata,Continental
Other,55-64,Divorced,Upper-Middle,Dinner,Wednesday,Governorpet,Biryani
Female,25-34,Single,High,Snack,Thursday,Auto Nagar,Biryani
Female,45-54,Single,Upper-Middle,Snack,Tuesday,One Town,Street Food
Female,25-34,Divorced,High,Lunch,Saturday,Governorpet,South Indian
Other,45-54,Widowed,Low,Late Night,Sunday,Bhavanipuram,Biryani
Female,35-44,Divorced,High,Snack,Thursday,Poranki,Street Food
Male,25-34,Widowed,Upper-Middle,Late Night,Sunday,Gunadala,South Indian
Male,55-64,Married,Upper-Middle,Lunch,Friday,Benz Circle,Fast Food
Female,45-54,Widowed,Middle,Lunch,Friday,Benz Circle,Fast Food
Other,35-44,Divorced,Upper-Middle,Late Night,Sunday,Governorpet,South Indian
Male,55-64,Married,High,Breakfast,Sunday,MG Road,Chinese
Other,25-34,Single,Low,Late Night,Thursday,Ramachandra Nagar,Fast Food
Female,25-34,Divorced,Upper-Middle,Snack,Saturday,MG Road,North Indian
Other,18-24,Married,Upper-Middle,Late Night,Wednesday,MG Road,Chinese
Female,45-54,Single,Upper-Middle,Snack,Wednesday,One Town,Street Food
Male,35-44,Married,Low,Lunch,Saturday,One Town,Street Food
Other,55-64,Widowed,High,Breakfast,Saturday,One Town,Bakery
Male,45-54,Single,Low,Dinner,Friday,Governorpet,South Indian
Male,18-24,Single,Upper-Middle,Late Night,Sunday,Governorpet,South Indian
Female,35-44,Widowed,Low,Snack,Friday,Bhavanipuram,Biryani
Female,45-54,Single,Middle,Dinner,Saturday,Bhavanipuram,Biryani
Other,55-64,Single,Upper-Middle,Lunch,Friday,Patamata,Biryani
Other,35-44,Single,Middle,Breakfast,Wednesday,Governorpet,South Indian
Female,35-44,Single,Low,Dinner,Saturday,Benz Circle,Fast Food
Other,18-24,Single,Low,Breakfast,Tuesday,Poranki,Bakery
Other,45-54,Widowed,Upper-Middle,Lunch,Monday,Benz Circle,Fast Food
Male,55-64,Single,High,Lunch,Saturday,Patamata,Continental
Female,35-44,Single,Upper-Middle,Dinner,Friday,Gunadala,Bakery
Other,18-24,Single,High,Dinner,Saturday,Patamata,Biryani
Male,18-24,Married,Low,Dinner,Friday,Poranki,Bakery
Male,18-24,Married,High,Late Night,Sunday,Benz Circle,Fast Food
Other,25-34,Single,High,Breakfast,Friday,Auto Nagar,South Indian
Male,18-24,Divorced,Upper-Middle,Dinner,Monday,Ramachandra Nagar,North Indian
Female,45-54,Divorced,Middle,Late Night,Sunday,One Town,Street Food
Female,18-24,Widowed,Low,Dinner,Saturday,One Town,Biryani
Other,18-24,Divorced,High,Late Night,Wednesday,MG Road,Street Food
Female,18-24,Single,Middle,Breakfast,Thursday,Gunadala,South Indian
Female,25-34,Widowed,Low,Breakfast,Monday,Auto Nagar,Biryani
Other,45-54,Divorced,Middle,Lunch,Thursday,Gunadala,South Indian
Male,18-24,Widowed,High,Lunch,Sunday,Patamata,Continental
Male,18-24,Widowed,Upper-Middle,Breakfast,Monday,MG Road,South Indian
Other,35-44,Widowed,Low,Breakfast,Friday,Patamata,South Indian
Male,18-24,Single,High,Snack,Sunday,Governorpet,South Indian
Male,45-54,Married,Upper-Middle,Breakfast,Monday,Bhavanipuram,South Indian
Female,18-24,Widowed,Middle,Snack,Monday,Governorpet,Street Food
Female,45-54,Single,Low,Lunch,Saturday,Gunadala,North Indian
Female,35-44,Divorced,High,Breakfast,Sunday,Ramachandra Nagar,North Indian
Female,55-64,Married,Middle,Dinner,Wednesday,Bhavanipuram,Biryani
Other,35-44,Widowed,High,Lunch,Friday,Gunadala,South Indian
Other,55-64,Widowed,Low,Late Night,Thursday,Benz Circle,Fast Food
Female,45-54,Divorced,High,Lunch,Thursday,One Town,Street Food
Female,18-24,Married,High,Late Night,Saturday,Patamata,Biryani
Male,55-64,Widowed,Low,Lunch,Tuesday,Ramachandra Nagar,North Indian
Male,25-34,Widowed,High,Dinner,Saturday,MG Road,Chinese
Male,45-54,Widowed,Upper-Middle,Breakfast,Saturday,MG Road,Chinese
Female,45-54,Married,Low,Late Night,Wednesday,Poranki,North Indian
Male,55-64,Single,Upper-Middle,Snack,Wednesday,Gunadala,Street Food
Other,18-24,Widowed,Low,Snack,Sunday,Bhavanipuram,Biryani
Other,35-44,Single,Middle,Breakfast,Monday,Bhavanipuram,South Indian
Female,18-24,Divorced,High,Late Night,Sunday,Gunadala,South Indian
Male,18-24,Single,High,Late Night,Wednesday,Auto Nagar,Biryani
Other,45-54,Divorced,Low,Dinner,Sunday,Auto Nagar,Biryani
Female,55-64,Single,Middle,Dinner,Tuesday,Benz Circle,Biryani
Female,25-34,Widowed,High,Breakfast,Sunday,Bhavanipuram,Biryani
Male,45-54,Divorced,Upper-Middle,Breakfast,Thursday,Patamata,Continental
Male,35-44,Divorced,Middle,Breakfast,Sunday,Patamata,Bakery
Male,18-24,Married,Low,Lunch,Saturday,Governorpet,South Indian
Other,25-34,Married,Upper-Middle,Breakfast,Thursday,Auto Nagar,Biryani
Male,25-34,Divorced,High,Snack,Monday,Poranki,Bakery
Male,55-64,Divorced,Upper-Middle,Lunch,Sunday,Benz Circle,Fast Food
Female,25-34,Widowed,Upper-Middle,Snack,Saturday,Governorpet,Street Food
Male,45-54,Divorced,Middle,Lunch,Wednesday,One Town,Street Food
Female,45-54,Married,Middle,Lunch,Wednesday,One Town,Biryani
Male,35-44,Widowed,Upper-Middle,Lunch,Sunday,Bhavanipuram,Biryani
Female,55-64,Divorced,Middle,Breakfast,Saturday,Bhavanipuram,Biryani
Female,35-44,Single,Low,Late Night,Thursday,Benz Circle,Fast Food
Other,45-54,Married,Middle,Dinner,Wednesday,Governorpet,South Indian
Female,18-24,Divorced,Upper-Middle,Late Night,Saturday,Auto Nagar,Biryani
Male,55-64,Widowed,Low,Snack,Saturday,Bhavanipuram,Biryani
Female,45-54,Divorced,Upper-Middle,Dinner,Saturday,Patamata,Continental
Male,25-34,Divorced,High,Snack,Tuesday,One Town,Street Food
Other,25-34,Single,Low,Late Night,Friday,Governorpet,South Indian
Female,18-24,Divorced,High,Breakfast,Sunday,Patamata,South Indian
Other,55-64,Married,Upper-Middle,Late Night,Tuesday,MG Road,Chinese
Other,45-54,Single,High,Breakfast,Wednesday,Patamata,Continental
Male,55-64,Single,Low,Late Night,Tuesday,MG Road,Chinese
Male,25-34,Single,Middle,Lunch,Tuesday,Ramachandra Nagar,North Indian
Female,18-24,Widowed,Upper-Middle,Snack,Wednesday,Governorpet,South Indian
Other,35-44,Married,High,Lunch,Sunday,Poranki,Bakery
Male,45-54,Married,Low,Dinner,Saturday,Bhavanipuram,Biryani
Female,25-34,Single,High,Late Night,Sunday,Governorpet,Fast Food
Male,18-24,Married,Middle,Late Night,Saturday,Governorpet,Fast Food
Female,45-54,Single,Upper-Middle,Snack,Tuesday,Gunadala,South Indian
Other,25-34,Divorced,High,Late Night,Saturday,Ramachandra Nagar,North Indian
Male,35-44,Divorced,High,Late Night,Thursday,Auto Nagar,Continental
Female,45-54,Widowed,High,Late Night,Thursday,MG Road,Continental
Male,45-54,Married,High,Late Night,Saturday,Gunadala,South Indian
Male,18-24,Divorced,Low,Lunch,Friday,Auto Nagar,Biryani
Other,45-54,Widowed,Middle,Snack,Wednesday,Poranki,Bakery
Female,55-64,Divorced,High,Dinner,Saturday,Benz Circle,Biryani
Other,45-54,Married,Middle,Breakfast,Monday,Auto Nagar,Biryani
Other,45-54,Widowed,High,Late Night,Thursday,Auto Nagar,Biryani
Female,35-44,Married,Low,Late Night,Tuesday,MG Road,Chinese
Male,45-54,Married,Upper-Middle,Lunch,Wednesday,Poranki,Chinese
Other,18-24,Single,High,Snack,Wednesday,Benz Circle,Fast Food
Male,45-54,Widowed,Middle,Dinner,Thursday,Poranki,Biryani
Other,55-64,Widowed,Low,Breakfast,Saturday,Patamata,South Indian
Male,45-54,Widowed,Middle,Snack,Thursday,MG Road,Street Food
Other,25-34,Widowed,Middle,Breakfast,Tuesday,Patamata,Street Food
Male,18-24,Divorced,Upper-Middle,Breakfast,Saturday,Poranki,South Indian
Male,55-64,Divorced,Low,Snack,Friday,Bhavanipuram,Biryani
Other,55-64,Widowed,Middle,Snack,Tuesday,MG Road,Street Food
Other,18-24,Married,Low,Late Night,Sunday,Gunadala,South Indian
Other,25-34,Single,Low,Dinner,Tuesday,Bhavanipuram,Biryani
Other,45-54,Single,Low,Breakfast,Tuesday,Bhavanipuram,Biryani
Female,35-44,Widowed,Middle,Dinner,Thursday,Poranki,Bakery
Female,25-34,Single,Low,Snack,Sunday,MG Road,Chinese
Other,45-54,Widowed,Low,Breakfast,Sunday,Ramachandra Nagar,South Indian
Other,45-54,Single,Upper-Middle,Snack,Saturday,Governorpet,Street Food
Male,55-64,Married,Upper-Middle,Snack,Friday,Ramachandra Nagar,North Indian
Female,25-34,Divorced,Middle,Late Night,Thursday,MG Road,Fast Food
Other,35-44,Divorced,Middle,Late Night,Thursday,Governorpet,Fast Food
Other,25-34,Single,High,Snack,Saturday,One Town,Street Food
Other,45-54,Married,High,Snack,Tuesday,MG Road,Street Food
Female,45-54,Widowed,Low,Lunch,Wednesday,Bhavanipuram,Biryani
Other,25-34,Single,Middle,Breakfast,Saturday,Governorpet,South Indian
Male,18-24,Single,Low,Lunch,Tuesday,Poranki,Bakery
Other,25-34,Divorced,Low,Snack,Saturday,Benz Circle,Fast Food
Male,25-34,Married,Upper-Middle,Breakfast,Saturday,Benz Circle,South Indian
Male,18-24,Divorced,Middle,Late Night,Sunday,One Town,Street Food
Male,45-54,Widowed,High,Late Night,Monday,Gunadala,South Indian
Female,45-54,Married,Upper-Middle,Dinner,Thursday,MG Road,Chinese
Other,55-64,Divorced,Low,Breakfast,Monday,Auto Nagar,South Indian
Other,18-24,Divorced,High,Late Night,Tuesday,MG Road,Chinese
Female,55-64,Married,Upper-Middle,Late Night,Sunday,Bhavanipuram,Biryani
Other,45-54,Divorced,Low,Late Night,Thursday,MG Road,Fast Food
Male,25-34,Married,High,Late Night,Monday,Auto Nagar,Biryani
Female,55-64,Divorced,High,Snack,Saturday,Bhavanipuram,Street Food
Female,35-44,Widowed,High,Dinner,Thursday,Gunadala,Biryani
Male,45-54,Widowed,Middle,Lunch,Sunday,Ramachandra Nagar,Continental
Female,45-54,Married,Upper-Middle,Dinner,Tuesday,Governorpet,South Indian
Other,35-44,Widowed,Upper-Middle,Snack,Tuesday,Auto Nagar,Biryani
Other,45-54,Single,High,Breakfast,Saturday,Bhavanipuram,Biryani
Female,55-64,Widowed,Low,Dinner,Tuesday,MG Road,Biryani
Male,45-54,Widowed,Middle,Dinner,Monday,Governorpet,Biryani
Female,18-24,Married,High,Snack,Thursday,Bhavanipuram,Biryani
Female,55-64,Single,Low,Snack,Wednesday,MG Road,Chinese
Male,45-54,Married,High,Late Night,Sunday,Gunadala,South Indian
Male,55-64,Married,Upper-Middle,Snack,Friday,Gunadala,Street Food
Other,18-24,Divorced,Low,Snack,Tuesday,Poranki,Bakery
Other,35-44,Single,Low,Breakfast,Wednesday,Benz Circle,Fast Food
Female,55-64,Married,Low,Dinner,Tuesday,Patamata,Continental
Female,18-24,Married,High,Dinner,Sunday,Benz Circle,Fast Food
Female,45-54,Married,High,Snack,Saturday,Patamata,Continental
Female,55-64,Widowed,High,Dinner,Tuesday,Poranki,Bakery
Male,35-44,Married,Middle,Breakfast,Wednesday,Benz Circle,Fast Food
Male,45-54,Divorced,High,Breakfast,Thursday,Patamata,Continental
Male,45-54,Single,Low,Lunch,Saturday,Bhavanipuram,Biryani
Female,18-24,Divorced,Low,Dinner,Friday,Gunadala,South Indian
Male,55-64,Single,High,Lunch,Friday,One Town,Biryani
Male,18-24,Divorced,Middle,Breakfast,Friday,Poranki,Bakery
Other,18-24,Single,High,Snack,Sunday,Ramachandra Nagar,North Indian
Male,18-24,Divorced,Middle,Dinner,Friday,MG Road,Chinese
Female,45-54,Single,Low,Snack,Wednesday,MG Road,Biryani
Male,25-34,Widowed,Upper-Middle,Dinner,Friday,MG Road,Chinese
Female,55-64,Widowed,High,Dinner,Thursday,Auto Nagar,Biryani
Male,25-34,Married,Upper-Middle,Late Night,Saturday,Auto Nagar,North Indian
Female,35-44,Widowed,Low,Dinner,Sunday,Governorpet,Biryani
Female,35-44,Divorced,Middle,Breakfast,Monday,Ramachandra Nagar,North Indian
Male,45-54,Married,Low,Dinner,Saturday,Gunadala,Biryani
Male,55-64,Single,Middle,Snack,Thursday,MG Road,Chinese
Other,18-24,Single,Low,Dinner,Friday,Poranki,Street Food
Female,55-64,Widowed,Upper-Middle,Dinner,Thursday,Bhavanipuram,Chinese
Other,45-54,Married,Upper-Middle,Lunch,Monday,Poranki,Bakery
Other,55-64,Divorced,Upper-Middle,Lunch,Friday,Gunadala,South Indian
Male,35-44,Single,High,Breakfast,Friday,MG Road,South Indian
Other,55-64,Married,Low,Snack,Saturday,Gunadala,Street Food
Female,25-34,Married,Upper-Middle,Late Night,Friday,Gunadala,Fast Food
Male,55-64,Married,Upper-Middle,Snack,Friday,Auto Nagar,Biryani
Female,45-54,Married,Middle,Breakfast,Thursday,Gunadala,South Indian
Female,45-54,Married,High,Dinner,Monday,Patamata,Continental
Other,35-44,Divorced,Upper-Middle,Breakfast,Monday,Ramachandra Nagar,North Indian
Other,35-44,Single,Middle,Dinner,Monday,Auto Nagar,Biryani
Male,55-64,Single,High,Late Night,Sunday,Ramachandra Nagar,Fast Food
Other,45-54,Divorced,Middle,Snack,Monday,Governorpet,South Indian
Other,45-54,Widowed,High,Breakfast,Wednesday,Patamata,Continental
Male,25-34,Married,High,Snack,Thursday,Benz Circle,Fast Food
Female,35-44,Married,Middle,Snack,Monday,Gunadala,Street Food
Female,18-24,Single,Middle,Dinner,Friday,Governorpet,South Indian
Female,25-34,Divorced,Low,Breakfast,Friday,Governorpet,North Indian
Male,55-64,Widowed,Low,Breakfast,Saturday,Auto Nagar,South Indian
Other,55-64,Widowed,Low,Breakfast,Sunday,Gunadala,South Indian
Other,45-54,Married,Middle,Snack,Thursday,Patamata,Continental
Male,55-64,Single,Middle,Dinner,Tuesday,Ramachandra Nagar,North Indian
Female,18-24,Divorced,Upper-Middle,Lunch,Friday,Auto Nagar,Biryani
Male,18-24,Widowed,Low,Breakfast,Sunday,MG Road,Chinese
Male,35-44,Single,Upper-Middle,Snack,Saturday,Ramachandra Nagar,Street Food
Male,45-54,Single,Upper-Middle,Snack,Monday,Auto Nagar,Street Food
Female,45-54,Single,Upper-Middle,Lunch,Thursday,Benz Circle,Fast Food
Female,18-24,Divorced,Middle,Lunch,Saturday,Auto Nagar,Biryani
Male,25-34,Single,Upper-Middle,Lunch,Friday,Gunadala,South Indian
Female,25-34,Married,Middle,Late Night,Wednesday,Bhavanipuram,Biryani
Male,25-34,Single,High,Snack,Tuesday,Ramachandra Nagar,North Indian
Male,55-64,Divorced,Upper-Middle,Snack,Saturday,Patamata,Street Food
Female,35-44,Divorced,High,Breakfast,Wednesday,Auto Nagar,Biryani
Female,25-34,Widowed,Middle,Late Night,Thursday,Patamata,Fast Food
Male,35-44,Widowed,High,Late Night,Saturday,Patamata,Continental
Female,45-54,Married,Upper-Middle,Lunch,Saturday,Ramachandra Nagar,Biryani
Female,55-64,Single,Middle,Breakfast,Sunday,Ramachandra Nagar,South Indian
Male,25-34,Married,Low,Late Night,Friday,One Town,Street Food
Male,45-54,Divorced,Middle,Lunch,Friday,Governorpet,Biryani
Male,25-34,Widowed,Middle,Breakfast,Sunday,Benz Circle,Fast Food
Male,25-34,Widowed,Middle,Snack,Tuesday,Bhavanipuram,Biryani
Female,55-64,Married,Low,Snack,Friday,Auto Nagar,Street Food
Female,55-64,Single,High,Snack,Thursday,Gunadala,South Indian
Female,45-54,Married,Low,Dinner,Wednesday,Ramachandra Nagar,North Indian
Other,25-34,Widowed,High,Lunch,Sunday,Bhavanipuram,South Indian
Male,45-54,Married,Middle,Snack,Friday,Gunadala,South Indian
Male,25-34,Divorced,Low,Lunch,Friday,Benz Circle,Fast Food
Other,45-54,Widowed,Low,Late Night,Monday,Benz Circle,Fast Food
Male,35-44,Single,Low,Late Night,Saturday,Bhavanipuram,Biryani
Other,35-44,Single,High,Dinner,Saturday,Poranki,North Indian
Other,25-34,Married,Upper-Middle,Dinner,Thursday,Poranki,Bakery
Male,55-64,Divorced,High,Lunch,Thursday,Governorpet,South Indian
Male,55-64,Single,Upper-Middle,Snack,Sunday,Poranki,North Indian
Female,45-54,Widowed,High,Lunch,Saturday,Benz Circle,Biryani
Female,18-24,Widowed,Middle,Lunch,Thursday,Auto Nagar,Biryani
Male,35-44,Widowed,High,Dinner,Tuesday,Benz Circle,Continental
Other,55-64,Single,Low,Late Night,Wednesday,Gunadala,South Indian
Other,35-44,Married,Upper-Middle,Late Night,Wednesday,Benz Circle,Fast Food
Female,55-64,Single,Upper-Middle,Lunch,Sunday,Governorpet,South Indian
Other,55-64,Widowed,High,Breakfast,Monday,Bhavanipuram,Biryani
Male,45-54,Divorced,Upper-Middle,Snack,Monday,MG Road,South Indian
Male,18-24,Married,Middle,Dinner,Thursday,Poranki,Biryani
Female,45-54,Single,High,Snack,Tuesday,Auto Nagar,Biryani
Male,55-64,Married,Upper-Middle,Snack,Saturday,Gunadala,Continental
Female,55-64,Widowed,High,Snack,Wednesday,Ramachandra Nagar,North Indian
Other,35-44,Single,Low,Lunch,Sunday,Governorpet,South Indian
Male,45-54,Widowed,Upper-Middle,Dinner,Thursday,Bhavanipuram,Biryani
Female,55-64,Divorced,Low,Lunch,Thursday,Patamata,Continental
Female,55-64,Widowed,Upper-Middle,Snack,Wednesday,Auto Nagar,Biryani
Female,55-64,Divorced,Middle,Lunch,Friday,Gunadala,South Indian
Other,25-34,Widowed,Upper-Middle,Lunch,Thursday,MG Road,Chinese
Male,55-64,Married,Low,Dinner,Friday,Gunadala,South Indian
Female,35-44,Divorced,Middle,Breakfast,Sunday,Bhavanipuram,Biryani
Male,45-54,Widowed,Upper-Middle,Snack,Wednesday,One Town,Street Food
Female,45-54,Divorced,High,Lunch,Sunday,One Town,Street Food
Other,35-44,Divorced,High,Lunch,Friday,Auto Nagar,Biryani
Male,18-24,Single,High,Breakfast,Saturday,Poranki,Biryani
Female,25-34,Divorced,Middle,Breakfast,Wednesday,Patamata,Continental
Other,25-34,Divorced,High,Breakfast,Monday,MG Road,Chinese
Male,25-34,Married,Low,Lunch,Friday,Patamata,Biryani
Other,25-34,Single,High,Breakfast,Saturday,Ramachandra Nagar,South Indian
Male,45-54,Divorced,High,Snack,Tuesday,Auto Nagar,Biryani
Other,45-54,Married,Upper-Middle,Breakfast,Sunday,Ramachandra Nagar,Biryani
Female,18-24,Divorced,High,Dinner,Saturday,One Town,Street Food
Female,55-64,Married,Low,Late Night,Monday,Ramachandra Nagar,North Indian
Male,45-54,Divorced,Upper-Middle,Snack,Wednesday,Poranki,Bakery
Other,25-34,Married,Middle,Late Night,Sunday,One Town,Street Food
Female,25-34,Divorced,Middle,Dinner,Monday,One Town,Street Food
Female,55-64,Single,Upper-Middle,Breakfast,Friday,Poranki,Bakery
Male,25-34,Divorced,Middle,Lunch,Saturday,MG Road,Biryani
Male,18-24,Single,Upper-Middle,Lunch,Sunday,Gunadala,Biryani
Male,25-34,Married,Middle,Late Night,Saturday,Bhavanipuram,Biryani
Female,35-44,Widowed,High,Breakfast,Wednesday,Governorpet,South Indian
Male,18-24,Widowed,Upper-Middle,Dinner,Wednesday,Patamata,Continental
Male,45-54,Divorced,High,Breakfast,Friday,Auto Nagar,Chinese
Female,35-44,Single,Middle,Breakfast,Friday,Gunadala,North Indian
Female,45-54,Divorced,Middle,Late Night,Friday,Benz Circle,Biryani
Male,18-24,Widowed,Middle,Lunch,Thursday,Bhavanipuram,Biryani
Other,18-24,Married,Middle,Dinner,Wednesday,Governorpet,South Indian
Other,18-24,Widowed,Low,Dinner,Saturday,Ramachandra Nagar,North Indian
Other,45-54,Married,Middle,Snack,Tuesday,Auto Nagar,Street Food
Other,18-24,Single,Middle,Late Night,Saturday,Auto Nagar,Biryani
Female,35-44,Divorced,High,Snack,Thursday,Gunadala,South Indian
Other,18-24,Divorced,High,Snack,Thursday,Ramachandra Nagar,North Indian
Other,18-24,Divorced,Low,Late Night,Thursday,Patamata,Continental
Male,45-54,Divorced,Middle,Late Night,Wednesday,Auto Nagar,Biryani
Male,18-24,Married,Low,Lunch,Friday,Benz Circle,Fast Food
Other,45-54,Divorced,High,Dinner,Sunday,One Town,Biryani
Female,18-24,Divorced,Low,Breakfast,Sunday,Gunadala,North Indian
Male,18-24,Widowed,Low,Dinner,Friday,MG Road,Chinese
Male,25-34,Widowed,High,Snack,Tuesday,Auto Nagar,Street Food
Female,45-54,Single,High,Dinner,Wednesday,Patamata,Continental
Female,25-34,Divorced,High,Breakfast,Sunday,One Town,South Indian
Other,18-24,Single,Middle,Snack,Friday,Auto Nagar,Fast Food
Female,45-54,Widowed,Middle,Breakfast,Tuesday,Benz Circle,Fast Food
Male,35-44,Widowed,Middle,Dinner,Thursday,Gunadala,Biryani
Male,25-34,Divorced,Middle,Late Night,Friday,Patamata,Continental
Other,18-24,Widowed,High,Breakfast,Thursday,Governorpet,South Indian
Other,35-44,Widowed,High,Lunch,Tuesday,One Town,Biryani
Other,55-64,Widowed,Low,Dinner,Saturday,Bhavanipuram,Biryani
Female,25-34,Widowed,High,Lunch,Friday,Governorpet,Biryani
Male,18-24,Widowed,High,Snack,Wednesday,Governorpet,Street Food
Male,45-54,Widowed,Low,Breakfast,Sunday,Governorpet,Continental
Other,18-24,Single,High,Breakfast,Wednesday,MG Road,South Indian
Female,55-64,Widowed,High,Breakfast,Wednesday,Patamata,Continental
Other,25-34,Widowed,Middle,Lunch,Thursday,Benz Circle,Fast Food
Male,45-54,Widowed,High,Snack,Saturday,One Town,Street Food
Other,18-24,Divorced,Low,Late Night,Thursday,One Town,Street Food
Other,18-24,Widowed,Low,Breakfast,Monday,MG Road,Biryani
Female,18-24,Divorced,Low,Lunch,Tuesday,Benz Circle,Fast Food
Female,45-54,Widowed,High,Breakfast,Wednesday,Patamata,South Indian
Female,35-44,Married,Upper-Middle,Dinner,Saturday,Gunadala,South Indian
Male,18-24,Single,Middle,Breakfast,Friday,One Town,Street Food
Female,55-64,Married,Upper-Middle,Breakfast,Friday,Poranki,Bakery
Male,45-54,Single,Low,Dinner,Monday,One Town,Biryani
Female,18-24,Single,Low,Late Night,Sunday,Poranki,North Indian
Male,25-34,Divorced,High,Breakfast,Sunday,Bhavanipuram,North Indian
Male,45-54,Widowed,Middle,Breakfast,Wednesday,One Town,Street Food
Other,35-44,Married,Upper-Middle,Dinner,Thursday,Auto Nagar,Biryani
Other,55-64,Widowed,Low,Snack,Monday,Auto Nagar,Biryani
Other,35-44,Married,Upper-Middle,Lunch,Friday,Ramachandra Nagar,North Indian
Other,35-44,Widowed,High,Breakfast,Monday,Governorpet,Biryani
Male,25-34,Married,Middle,Dinner,Sunday,Patamata,Continental
Female,55-64,Widowed,Middle,Lunch,Monday,Ramachandra Nagar,Biryani
Male,18-24,Divorced,Low,Breakfast,Friday,Governorpet,South Indian
Female,18-24,Widowed,High,Late Night,Monday,Benz Circle,Fast Food
Male,55-64,Divorced,Low,Snack,Thursday,Bhavanipuram,Biryani
Female,18-24,Widowed,Upper-Middle,Late Night,Monday,Governorpet,South Indian
Male,25-34,Divorced,Low,Snack,Tuesday,Poranki,Bakery
Female,45-54,Married,Upper-Middle,Dinner,Friday,MG Road,Chinese
Male,18-24,Married,High,Breakfast,Monday,MG Road,Chinese
Female,45-54,Married,Low,Snack,Thursday,One Town,Street Food
Other,55-64,Widowed,Low,Dinner,Tuesday,One Town,South Indian
Other,18-24,Divorced,Middle,Late Night,Monday,Bhavanipuram,Fast Food
Other,25-34,Married,Low,Late Night,Sunday,MG Road,Chinese
Female,35-44,Widowed,Upper-Middle,Late Night,Thursday,Poranki,Bakery
Male,25-34,Single,Middle,Breakfast,Friday,One Town,South Indian
Female,18-24,Married,Low,Dinner,Wednesday,Patamata,Continental
Other,45-54,Widowed,Middle,Breakfast,Saturday,Auto Nagar,South Indian
Female,25-34,Divorced,Upper-Middle,Dinner,Thursday,Auto Nagar,Biryani
Male,45-54,Married,Middle,Late Night,Tuesday,Ramachandra Nagar,South Indian
Other,35-44,Divorced,Middle,Lunch,Saturday,Patamata,Biryani
Female,25-34,Married,High,Lunch,Saturday,One Town,Chinese
Male,25-34,Divorced,Low,Snack,Tuesday,Governorpet,South Indian
Female,55-64,Divorced,High,Dinner,Thursday,Benz Circle,Fast Food
Male,25-34,Widowed,Low,Snack,Saturday,Benz Circle,Fast Food
Other,25-34,Married,Middle,Breakfast,Friday,Governorpet,South Indian
Other,18-24,Widowed,Upper-Middle,Late Night,Wednesday,MG Road,Continental
Male,35-44,Single,Middle,Snack,Saturday,One Town,North Indian
Other,35-44,Divorced,High,Dinner,Friday,One Town,Biryani
Male,55-64,Single,Low,Snack,Friday,Gunadala,South Indian
Male,25-34,Single,Low,Snack,Saturday,Patamata,Bakery
Male,18-24,Married,Low,Lunch,Friday,Auto Nagar,Biryani
Male,45-54,Divorced,Low,Lunch,Friday,Ramachandra Nagar,North Indian
Female,55-64,Single,Upper-Middle,Lunch,Thursday,Gunadala,South Indian
Male,18-24,Married,Low,Lunch,Sunday,Ramachandra Nagar,North Indian
Male,55-64,Married,Upper-Middle,Late Night,Monday,Gunadala,Fast Food
Male,35-44,Divorced,High,Snack,Thursday,Auto Nagar,Continental
Male,25-34,Married,Upper-Middle,Dinner,Sunday,Auto Nagar,Chinese
Female,25-34,Widowed,Middle,Lunch,Monday,MG Road,Biryani
Other,18-24,Single,Upper-Middle,Dinner,Monday,Gunadala,North Indian
Male,45-54,Single,Upper-Middle,Dinner,Saturday,Patamata,Continental
Female,18-24,Married,Low,Late Night,Friday,Governorpet,North Indian
Male,35-44,Divorced,Middle,Lunch,Sunday,MG Road,Chinese
Other,35-44,Widowed,Low,Breakfast,Thursday,Gunadala,South Indian
Other,35-44,Single,Upper-Middle,Lunch,Friday,Ramachandra Nagar,North Indian
Male,25-34,Widowed,Middle,Lunch,Sunday,Governorpet,South Indian
Other,55-64,Divorced,High,Dinner,Friday,Gunadala,South Indian
Other,45-54,Widowed,Upper-Middle,Snack,Friday,Auto Nagar,Biryani
Other,18-24,Divorced,Middle,Late Night,Saturday,Ramachandra Nagar,Fast Food
Female,35-44,Divorced,Middle,Lunch,Thursday,MG Road,North Indian
Male,55-64,Single,Low,Lunch,Monday,Governorpet,South Indian
Female,35-44,Single,Upper-Middle,Lunch,Saturday,Bhavanipuram,North Indian
Female,45-54,Widowed,Middle,Lunch,Monday,Poranki,Bakery
Female,18-24,Divorced,Upper-Middle,Lunch,Sunday,MG Road,Chinese
Male,55-64,Married,High,Snack,Sunday,Bhavanipuram,Biryani
Female,35-44,Married,Upper-Middle,Late Night,Monday,Auto Nagar,Biryani
Female,18-24,Married,Upper-Middle,Breakfast,Monday,Poranki,Bakery
Female,55-64,Married,Low,Late Night,Friday,Benz Circle,Chinese
Female,25-34,Divorced,High,Dinner,Friday,Governorpet,South Indian
Other,25-34,Married,Low,Snack,Friday,Poranki,Bakery
Other,35-44,Single,High,Lunch,Monday,Bhavanipuram,Biryani
Other,45-54,Widowed,High,Dinner,Monday,Ramachandra Nagar,North Indian
Female,55-64,Divorced,Upper-Middle,Late Night,Thursday,Auto Nagar,Fast Food
Male,55-64,Single,Upper-Middle,Breakfast,Saturday,Benz Circle,South Indian
Female,18-24,Widowed,Low,Dinner,Saturday,Bhavanipuram,Biryani
Female,55-64,Single,Upper-Middle,Snack,Wednesday,Bhavanipuram,Biryani
Male,25-34,Divorced,High,Breakfast,Friday,MG Road,Chinese
Female,35-44,Divorced,Upper-Middle,Dinner,Monday,Governorpet,South Indian
Other,18-24,Widowed,Low,Late Night,Saturday,One Town,Street Food
Female,45-54,Widowed,Upper-Middle,Late Night,Wednesday,Auto Nagar,Biryani
Female,55-64,Divorced,Low,Breakfast,Monday,Ramachandra Nagar,Fast Food
Female,55-64,Single,Low,Snack,Saturday,Auto Nagar,Biryani
Other,25-34,Divorced,Middle,Lunch,Wednesday,Auto Nagar,Biryani
Other,25-34,Married,Upper-Middle,Snack,Tuesday,Patamata,Street Food
Female,55-64,Divorced,High,Dinner,Monday,MG Road,Chinese
Other,18-24,Widowed,Middle,Snack,Saturday,Benz Circle,Street Food
Female,45-54,Married,High,Breakfast,Sunday,Poranki,Bakery
Female,45-54,Widowed,Middle,Lunch,Friday,Bhavanipuram,Biryani
Other,35-44,Divorced,High,Lunch,Thursday,One Town,Street Food
Male,25-34,Widowed,Upper-Middle,Lunch,Thursday,Patamata,Continental
Other,35-44,Widowed,Low,Breakfast,Friday,Auto Nagar,South Indian
Other,18-24,Married,Upper-Middle,Late Night,Friday,Governorpet,South Indian
Male,18-24,Married,High,Lunch,Monday,MG Road,Biryani
Other,35-44,Widowed,Middle,Lunch,Thursday,Ramachandra Nagar,South Indian
Female,55-64,Married,Middle,Late Night,Tuesday,Patamata,Fast Food
Female,25-34,Divorced,Low,Late Night,Friday,Poranki,Bakery
Male,25-34,Single,Upper-Middle,Breakfast,Saturday,Gunadala,South Indian
Female,55-64,Married,Upper-Middle,Snack,Friday,Bhavanipuram,Street Food
Male,18-24,Widowed,Upper-Middle,Late Night,Tuesday,Ramachandra Nagar,North Indian
Female,55-64,Divorced,Upper-Middle,Lunch,Monday,Benz Circle,Fast Food
Male,18-24,Single,Upper-Middle,Late Night,Thursday,Governorpet,Fast Food
Female,35-44,Single,Upper-Middle,Snack,Tuesday,Poranki,Bakery
Female,25-34,Married,Low,Dinner,Wednesday,MG Road,Biryani
Other,18-24,Divorced,Low,Breakfast,Wednesday,Benz Circle,Fast Food
Other,45-54,Divorced,Upper-Middle,Dinner,Tuesday,Bhavanipuram,Biryani
Female,45-54,Divorced,High,Lunch,Tuesday,Benz Circle,Fast Food
Female,25-34,Married,Upper-Middle,Snack,Monday,Bhavanipuram,South Indian
Male,35-44,Widowed,Middle,Lunch,Sunday,Governorpet,South Indian
Male,45-54,Widowed,Upper-Middle,Snack,Saturday,Governorpet,South Indian
Female,45-54,Widowed,Upper-Middle,Dinner,Tuesday,Bhavanipuram,Biryani
Male,35-44,Single,High,Breakfast,Tuesday,Auto Nagar,Biryani
Female,45-54,Divorced,Middle,Snack,Saturday,Governorpet,South Indian
Male,35-44,Single,High,Snack,Tuesday,Poranki,Bakery
Female,18-24,Married,Middle,Snack,Tuesday,Governorpet,Continental
Male,55-64,Single,Low,Lunch,Tuesday,Bhavanipuram,Biryani
Male,35-44,Widowed,Upper-Middle,Lunch,Sunday,Auto Nagar,Biryani
Other,55-64,Married,Low,Late Night,Thursday,Poranki,Fast Food
Female,35-44,Widowed,Low,Late Night,Tuesday,Auto Nagar,Fast Food
Male,45-54,Single,High,Breakfast,Thursday,Gunadala,South Indian
Female,55-64,Divorced,Upper-Middle,Snack,Saturday,Benz Circle,Fast Food
Female,55-64,Widowed,Low,Snack,Friday,Benz Circle,Fast Food
Female,55-64,Single,High,Dinner,Sunday,Bhavanipuram,Biryani
Male,18-24,Widowed,Middle,Breakfast,Friday,Benz Circle,Fast Food
Male,25-34,Divorced,Upper-Middle,Lunch,Monday,Bhavanipuram,Biryani
Other,45-54,Single,Middle,Snack,Tuesday,One Town,Fast Food
Other,55-64,Widowed,Middle,Lunch,Monday,Poranki,Biryani
Other,55-64,Divorced,Upper-Middle,Lunch,Saturday,Benz Circle,Fast Food
Female,55-64,Divorced,High,Snack,Wednesday,Governorpet,Street Food
Other,35-44,Divorced,Upper-Middle,Dinner,Friday,Benz Circle,Biryani
Male,55-64,Single,Middle,Lunch,Sunday,MG Road,Biryani
Male,25-34,Married,Low,Dinner,Friday,Gunadala,South Indian
Female,55-64,Single,Upper-Middle,Lunch,Friday,Benz Circle,Biryani
Other,25-34,Married,Upper-Middle,Lunch,Friday,Benz Circle,Street Food
Other,55-64,Married,High,Breakfast,Saturday,Patamata,Continental
Male,55-64,Widowed,Low,Breakfast,Sunday,Benz Circle,South Indian
Male,25-34,Single,High,Lunch,Monday,Auto Nagar,Biryani
Female,35-44,Married,Low,Lunch,Wednesday,MG Road,Chinese
Other,45-54,Divorced,High,Late Night,Tuesday,Governorpet,South Indian
Other,45-54,Divorced,Upper-Middle,Breakfast,Tuesday,One Town,Bakery
Other,55-64,Divorced,High,Dinner,Wednesday,Gunadala,Continental
Other,18-24,Single,Middle,Dinner,Monday,Governorpet,Biryani
Other,25-34,Divorced,Low,Breakfast,Thursday,Benz Circle,Fast Food
Other,18-24,Single,High,Late Night,Tuesday,Poranki,Bakery
Male,18-24,Widowed,Middle,Snack,Saturday,Auto Nagar,Biryani
Female,55-64,Married,Middle,Late Night,Monday,Ramachandra Nagar,North Indian
Male,25-34,Divorced,Low,Breakfast,Friday,MG Road,South Indian
Male,35-44,Divorced,High,Late Night,Saturday,Poranki,Fast Food
Other,18-24,Single,Low,Lunch,Thursday,One Town,Street Food
Other,25-34,Married,Low,Breakfast,Wednesday,Governorpet,Street Food
Other,55-64,Married,Low,Lunch,Thursday,Bhavanipuram,Biryani
Male,18-24,Single,Upper-Middle,Dinner,Thursday,Auto Nagar,Biryani
Female,18-24,Widowed,Upper-Middle,Breakfast,Thursday,Gunadala,South Indian
Female,25-34,Widowed,Upper-Middle,Dinner,Sunday,Bhavanipuram,Biryani
Other,45-54,Widowed,Upper-Middle,Snack,Friday,Benz Circle,Fast Food
Male,55-64,Divorced,High,Snack,Wednesday,Auto Nagar,Street Food
Male,25-34,Widowed,Low,Dinner,Tuesday,Ramachandra Nagar,North Indian
Male,45-54,Single,Low,Dinner,Wednesday,Poranki,Bakery
Other,25-34,Married,Upper-Middle,Late Night,Wednesday,Gunadala,Fast Food
Female,55-64,Single,High,Late Night,Monday,Auto Nagar,Biryani
Male,25-34,Divorced,Middle,Dinner,Sunday,One Town,Chinese
Other,55-64,Widowed,Upper-Middle,Breakfast,Wednesday,Patamata,South Indian
Other,35-44,Divorced,Upper-Middle,Snack,Thursday,Poranki,Chinese
Female,18-24,Single,Low,Snack,Thursday,Patamata,Street Food
Female,55-64,Widowed,Low,Dinner,Saturday,Governorpet,Fast Food
Male,55-64,Married,Upper-Middle,Dinner,Sunday,Poranki,Bakery
Female,35-44,Divorced,Middle,Late Night,Wednesday,Bhavanipuram,Biryani
Female,35-44,Widowed,High,Dinner,Sunday,Auto Nagar,Biryani
Male,55-64,Single,Low,Late Night,Wednesday,Benz Circle,Biryani
Female,45-54,Single,Low,Late Night,Tuesday,Auto Nagar,Fast Food
Female,18-24,Married,Low,Lunch,Friday,MG Road,Chinese
Male,25-34,Single,Low,Snack,Wednesday,Benz Circle,Chinese
Female,25-34,Widowed,High,Breakfast,Wednesday,Poranki,Bakery
Male,35-44,Single,Upper-Middle,Late Night,Wednesday,Gunadala,Fast Food
Female,45-54,Married,Middle,Lunch,Friday,Gunadala,South Indian
Other,25-34,Single,Upper-Middle,Lunch,Monday,Bhavanipuram,Biryani
Male,35-44,Divorced,Upper-Middle,Breakfast,Wednesday,Poranki,Bakery
Other,55-64,Divorced,High,Lunch,Thursday,Patamata,Continental
Male,25-34,Widowed,Middle,Late Night,Sunday,Patamata,Continental
Other,25-34,Widowed,High,Breakfast,Wednesday,Bhavanipuram,South Indian
Female,35-44,Married,Middle,Late Night,Saturday,One Town,Street Food
Female,35-44,Divorced,High,Breakfast,Monday,Poranki,Bakery
Female,18-24,Single,High,Dinner,Thursday,Auto Nagar,Biryani
Female,55-64,Single,High,Breakfast,Thursday,Bhavanipuram,Biryani
Female,18-24,Divorced,Low,Dinner,Monday,One Town,Street Food
Male,25-34,Widowed,Middle,Lunch,Thursday,Benz Circle,Fast Food
Male,25-34,Married,Low,Snack,Friday,MG Road,Chinese
Female,45-54,Widowed,Upper-Middle,Dinner,Monday,Governorpet,South Indian
Female,25-34,Married,High,Dinner,Friday,MG Road,Chinese
Other,18-24,Widowed,Upper-Middle,Snack,Sunday,Governorpet,Street Food
Female,45-54,Divorced,Middle,Snack,Thursday,MG Road,Chinese
Female,55-64,Divorced,Middle,Lunch,Monday,Auto Nagar,Biryani
Other,25-34,Divorced,Upper-Middle,Breakfast,Friday,MG Road,Chinese
Other,45-54,Single,Middle,Dinner,Tuesday,Gunadala,South Indian
Female,18-24,Married,Upper-Middle,Lunch,Thursday,MG Road,Chinese
Male,35-44,Single,High,Lunch,Friday,Benz Circle,Fast Food
Male,25-34,Married,Low,Snack,Sunday,One Town,Street Food
Other,55-64,Widowed,Upper-Middle,Breakfast,Tuesday,Gunadala,South Indian
Other,35-44,Widowed,High,Late Night,Tuesday,Governorpet,Fast Food
Male,25-34,Divorced,Middle,Lunch,Friday,Patamata,Continental
Male,35-44,Married,Low,Snack,Saturday,Governorpet,South Indian
Male,35-44,Widowed,Middle,Breakfast,Wednesday,Benz Circle,Fast Food
Male,45-54,Married,Upper-Middle,Lunch,Tuesday,Gunadala,Biryani
Female,55-64,Single,Low,Snack,Wednesday,Benz Circle,North Indian
Other,35-44,Single,Low,Late Night,Wednesday,MG Road,Street Food
Other,35-44,Divorced,Low,Lunch,Thursday,Benz Circle,North Indian
Male,18-24,Single,Middle,Snack,Thursday,Patamata,Continental
Other,18-24,Married,Low,Breakfast,Friday,Governorpet,South Indian
Female,35-44,Widowed,Low,Breakfast,Thursday,Auto Nagar,South Indian
Other,25-34,Divorced,Upper-Middle,Lunch,Sunday,Governorpet,Biryani
Male,55-64,Widowed,Upper-Middle,Late Night,Thursday,Patamata,Continental
Male,35-44,Divorced,High,Breakfast,Wednesday,Governorpet,South Indian
Female,45-54,Married,Low,Late Night,Wednesday,Bhavanipuram,Biryani
Other,55-64,Widowed,Low,Late Night,Saturday,MG Road,Biryani
Male,25-34,Married,Middle,Dinner,Tuesday,One Town,Street Food
Female,35-44,Single,Low,Lunch,Wednesday,Governorpet,South Indian
Male,18-24,Single,High,Late Night,Monday,Ramachandra Nagar,North Indian
Other,45-54,Widowed,Low,Lunch,Friday,Poranki,Bakery
Male,45-54,Single,Upper-Middle,Late Night,Sunday,Gunadala,South Indian
Male,18-24,Divorced,Upper-Middle,Lunch,Saturday,Bhavanipuram,Biryani
Female,35-44,Widowed,High,Snack,Sunday,Patamata,Street Food
Female,18-24,Married,Middle,Dinner,Monday,Gunadala,Fast Food
Female,25-34,Married,Middle,Snack,Saturday,Governorpet,Street Food
Female,35-44,Divorced,High,Lunch,Sunday,Benz Circle,Fast Food
Other,25-34,Married,Low,Snack,Friday,MG Road,Chinese
Female,25-34,Divorced,Low,Snack,Sunday,Ramachandra Nagar,North Indian
Male,55-64,Divorced,Upper-Middle,Snack,Thursday,Benz Circle,Fast Food
Female,25-34,Widowed,High,Breakfast,Saturday,Governorpet,South Indian
Female,25-34,Divorced,High,Breakfast,Saturday,One Town,Street Food
Female,18-24,Widowed,Middle,Lunch,Thursday,Poranki,Biryani
Male,55-64,Widowed,Upper-Middle,Lunch,Sunday,Poranki,Bakery
Male,45-54,Widowed,Low,Dinner,Tuesday,MG Road,Chinese
Male,55-64,Married,High,Dinner,Saturday,Ramachandra Nagar,Biryani
Female,55-64,Single,High,Late Night,Sunday,Benz Circle,Continental
Male,45-54,Divorced,Upper-Middle,Lunch,Thursday,MG Road,Biryani
Male,45-54,Single,Low,Dinner,Friday,Benz Circle,Biryani
Female,25-34,Widowed,High,Late Night,Monday,Governorpet,South Indian
Other,35-44,Single,High,Late Night,Sunday,Gunadala,Fast Food
Other,18-24,Married,High,Snack,Friday,Auto Nagar,Street Food
Male,25-34,Divorced,High,Lunch,Monday,Governorpet,South Indian
Female,35-44,Married,Middle,Dinner,Saturday,MG Road,Chinese
Female,45-54,Married,Middle,Snack,Wednesday,One Town,Street Food
Male,35-44,Single,Low,Breakfast,Saturday,Bhavanipuram,Biryani
Male,25-34,Divorced,High,Lunch,Tuesday,Patamata,Continental
Male,35-44,Divorced,Middle,Dinner,Sunday,Benz Circle,Fast Food
Other,25-34,Divorced,Middle,Dinner,Saturday,Bhavanipuram,Biryani
Male,35-44,Married,Middle,Dinner,Sunday,Gunadala,Biryani
Female,18-24,Divorced,High,Late Night,Thursday,Gunadala,South Indian
Other,18-24,Single,High,Late Night,Thursday,Ramachandra Nagar,Bakery
Female,45-54,Divorced,Middle,Lunch,Saturday,One Town,Street Food
Male,18-24,Single,Upper-Middle,Dinner,Wednesday,Gunadala,South Indian
Other,35-44,Divorced,Upper-Middle,Breakfast,Tuesday,Governorpet,South Indian
Female,35-44,Single,Middle,Snack,Thursday,Patamata,Street Food
Other,45-54,Single,Upper-Middle,Snack,Friday,Bhavanipuram,Street Food
Male,18-24,Single,Low,Breakfast,Saturday,Poranki,Fast Food
Other,55-64,Widowed,Upper-Middle,Snack,Saturday,Poranki,Bakery
Other,35-44,Widowed,High,Lunch,Tuesday,Poranki,Bakery
Other,55-64,Married,High,Late Night,Saturday,Auto Nagar,Biryani
Female,55-64,Single,High,Snack,Monday,Ramachandra Nagar,North Indian
Male,35-44,Divorced,Upper-Middle,Dinner,Sunday,Ramachandra Nagar,Biryani
Other,25-34,Widowed,Low,Snack,Monday,Patamata,Street Food
Female,55-64,Married,Upper-Middle,Lunch,Saturday,One Town,Street Food
Other,35-44,Single,Low,Lunch,Monday,Ramachandra Nagar,Biryani
Female,45-54,Single,Low,Lunch,Monday,Poranki,Bakery
Other,35-44,Widowed,Low,Lunch,Friday,Bhavanipuram,Biryani
Other,55-64,Widowed,High,Dinner,Wednesday,Poranki,Bakery
Female,18-24,Widowed,Middle,Breakfast,Friday,Auto Nagar,South Indian
Other,25-34,Single,Middle,Lunch,Monday,Ramachandra Nagar,Biryani
Female,35-44,Married,Low,Snack,Monday,Governorpet,Biryani
Female,18-24,Widowed,Low,Lunch,Sunday,One Town,Street Food
Other,55-64,Single,Upper-Middle,Dinner,Tuesday,Gunadala,South Indian
Other,25-34,Single,Upper-Middle,Late Night,Monday,Benz Circle,South Indian
Other,45-54,Divorced,Middle,Breakfast,Saturday,Gunadala,South Indian
Other,35-44,Single,Upper-Middle,Dinner,Thursday,Auto Nagar,Biryani
Female,25-34,Married,Upper-Middle,Breakfast,Saturday,Bhavanipuram,South Indian
Male,25-34,Divorced,Upper-Middle,Snack,Friday,Auto Nagar,Biryani
Male,35-44,Single,Low,Dinner,Wednesday,Ramachandra Nagar,Biryani
Other,25-34,Single,Low,Dinner,Sunday,Gunadala,South Indian
Male,25-34,Divorced,Upper-Middle,Snack,Thursday,One Town,North Indian
Other,35-44,Married,High,Snack,Sunday,Benz Circle,Fast Food
Female,35-44,Divorced,Low,Snack,Friday,Patamata,Street Food
Male,55-64,Married,High,Breakfast,Wednesday,Patamata,Continental
Male,35-44,Single,Low,Lunch,Sunday,Governorpet,Biryani
Female,18-24,Single,High,Dinner,Saturday,Ramachandra Nagar,North Indian
Male,18-24,Single,Low,Snack,Monday,One Town,Street Food
Male,55-64,Single,Middle,Snack,Thursday,Governorpet,South Indian
Female,55-64,Married,High,Breakfast,Monday,Auto Nagar,Biryani
Male,18-24,Married,High,Late Night,Wednesday,Benz Circle,Fast Food
Male,18-24,Single,Upper-Middle,Dinner,Sunday,MG Road,Chinese
Male,18-24,Single,Middle,Snack,Thursday,Benz Circle,Fast Food
Female,35-44,Divorced,Middle,Late Night,Thursday,Patamata,Continental
Other,18-24,Widowed,High,Late Night,Thursday,Poranki,Bakery
Female,55-64,Divorced,Middle,Late Night,Monday,One Town,Street Food
Male,45-54,Married,Middle,Breakfast,Sunday,MG Road,Chinese
Male,18-24,Married,High,Breakfast,Saturday,Gunadala,Biryani
Other,35-44,Divorced,Upper-Middle,Dinner,Sunday,Patamata,Continental
Other,45-54,Married,High,Dinner,Thursday,Bhavanipuram,Bakery
Male,18-24,Married,Low,Late Night,Saturday,Poranki,Street Food
Other,35-44,Married,Upper-Middle,Breakfast,Saturday,Bhavanipuram,Biryani
Male,45-54,Divorced,Upper-Middle,Lunch,Friday,Gunadala,South Indian
Male,18-24,Married,Upper-Middle,Dinner,Wednesday,Bhavanipuram,Biryani
Other,18-24,Widowed,Low,Dinner,Sunday,Gunadala,Biryani
Other,45-54,Divorced,High,Dinner,Friday,One Town,Street Food
Male,55-64,Married,Upper-Middle,Lunch,Friday,Bhavanipuram,Biryani
Female,35-44,Divorced,Middle,Dinner,Tuesday,Patamata,Biryani
Female,55-64,Widowed,Upper-Middle,Dinner,Tuesday,Ramachandra Nagar,North Indian
Other,35-44,Single,Middle,Late Night,Friday,Governorpet,Fast Food
Other,18-24,Single,High,Dinner,Friday,Poranki,Biryani
Female,18-24,Widowed,Middle,Dinner,Saturday,Bhavanipuram,Biryani
Female,55-64,Married,High,Dinner,Thursday,Patamata,Continental
Female,45-54,Single,Low,Breakfast,Saturday,Auto Nagar,Biryani
Other,45-54,Widowed,Upper-Middle,Late Night,Friday,Benz Circle,Fast Food
Other,18-24,Married,High,Snack,Monday,MG Road,Continental
Other,25-34,Married,Middle,Late Night,Friday,Benz Circle,Fast Food
Other,25-34,Single,Upper-Middle,Lunch,Wednesday,Ramachandra Nagar,Biryani
Male,45-54,Single,Upper-Middle,Lunch,Wednesday,Poranki,Bakery
Female,45-54,Single,High,Dinner,Wednesday,Governorpet,South Indian
Male,35-44,Divorced,Upper-Middle,Dinner,Monday,One Town,Street Food
Other,55-64,Divorced,Upper-Middle,Snack,Monday,Ramachandra Nagar,North Indian
Male,25-34,Widowed,Middle,Snack,Monday,One Town,Street Food
Male,35-44,Divorced,Middle,Breakfast,Tuesday,One Town,South Indian
Male,18-24,Married,Low,Late Night,Wednesday,Gunadala,Fast Food
Male,18-24,Divorced,Middle,Lunch,Monday,Benz Circle,Fast Food
Male,55-64,Widowed,Upper-Middle,Snack,Friday,Governorpet,South Indian
Male,45-54,Married,Middle,Lunch,Saturday,Patamata,Biryani
Male,55-64,Married,Middle,Dinner,Saturday,Gunadala,South Indian
Female,35-44,Divorced,Upper-Middle,Dinner,Friday,Poranki,Biryani
Other,35-44,Single,Middle,Dinner,Saturday,Governorpet,South Indian
Other,45-54,Married,Low,Lunch,Wednesday,Auto Nagar,Biryani
Male,35-44,Divorced,Middle,Dinner,Friday,Governorpet,Biryani
Male,35-44,Widowed,Low,Snack,Friday,Benz Circle,North Indian
Male,55-64,Widowed,Middle,Late Night,Tuesday,One Town,Street Food
Male,55-64,Single,Middle,Snack,Sunday,Governorpet,South Indian
Female,25-34,Married,Middle,Snack,Friday,Benz Circle,Fast Food
Other,25-34,Single,Upper-Middle,Dinner,Friday,MG Road,Chinese
Female,25-34,Widowed,High,Late Night,Tuesday,Governorpet,South Indian
Male,35-44,Single,Middle,Dinner,Saturday,MG Road,Chinese
Male,35-44,Divorced,Middle,Dinner,Monday,Bhavanipuram,Biryani
Male,18-24,Single,High,Breakfast,Sunday,Governorpet,South Indian
Male,55-64,Widowed,Upper-Middle,Snack,Monday,Gunadala,Street Food
Male,25-34,Widowed,Middle,Lunch,Friday,Patamata,Biryani
Other,35-44,Divorced,High,Lunch,Monday,Bhavanipuram,Biryani
Male,45-54,Widowed,Low,Breakfast,Thursday,One Town,Street Food
Female,55-64,Married,Low,Snack,Friday,Ramachandra Nagar,North Indian
Male,45-54,Married,Low,Snack,Tuesday,Gunadala,Street Food
Male,18-24,Single,High,Breakfast,Thursday,Poranki,Bakery
Male,25-34,Widowed,Low,Dinner,Friday,Ramachandra Nagar,North Indian
Other,25-34,Married,High,Breakfast,Wednesday,Patamata,Continental
Male,25-34,Widowed,Middle,Dinner,Saturday,One Town,Street Food
Male,18-24,Married,Middle,Breakfast,Monday,One Town,South Indian
Male,25-34,Single,High,Dinner,Monday,Gunadala,South Indian
Male,25-34,Divorced,Low,Lunch,Sunday,Poranki,Bakery
Male,35-44,Widowed,High,Lunch,Sunday,Gunadala,South Indian
Female,35-44,Divorced,Middle,Lunch,Monday,Ramachandra Nagar,North Indian
Male,18-24,Married,Low,Late Night,Sunday,One Town,Street Food
Female,55-64,Married,Middle,Dinner,Saturday,Ramachandra Nagar,North Indian
Male,25-34,Widowed,Upper-Middle,Lunch,Sunday,Ramachandra Nagar,Biryani
Other,35-44,Married,Low,Snack,Sunday,Ramachandra Nagar,Fast Food
Male,45-54,Widowed,Low,Breakfast,Friday,Patamata,Continental
Male,55-64,Married,Low,Lunch,Thursday,Gunadala,Biryani
Male,18-24,Single,Middle,Lunch,Sunday,Poranki,Bakery
Female,55-64,Married,High,Late Night,Tuesday,Patamata,Continental
Male,45-54,Widowed,Upper-Middle,Breakfast,Friday,Auto Nagar,Biryani
Male,45-54,Married,Low,Late Night,Thursday,Ramachandra Nagar,North Indian
Female,35-44,Widowed,Low,Dinner,Friday,Patamata,Continental
Female,45-54,Widowed,Low,Late Night,Monday,Ramachandra Nagar,North Indian
Male,35-44,Single,Upper-Middle,Lunch,Tuesday,Ramachandra Nagar,North Indian
Other,35-44,Single,Low,Snack,Friday,Benz Circle,Fast Food
Male,45-54,Single,Middle,Lunch,Monday,Gunadala,South Indian
Other,25-34,Widowed,Upper-Middle,Breakfast,Sunday,Poranki,Bakery
Female,18-24,Married,Middle,Breakfast,Friday,Auto Nagar,Biryani
Other,55-64,Married,Low,Snack,Thursday,Bhavanipuram,Chinese
Male,18-24,Married,Low,Late Night,Monday,Benz Circle,Continental
Male,55-64,Married,Middle,Dinner,Monday,Patamata,Continental
Female,35-44,Single,Middle,Dinner,Wednesday,Auto Nagar,Street Food
Male,45-54,Divorced,Low,Breakfast,Thursday,Auto Nagar,Biryani
Other,35-44,Widowed,Low,Late Night,Wednesday,Benz Circle,Fast Food
Female,35-44,Married,Upper-Middle,Breakfast,Monday,Gunadala,South Indian
Male,45-54,Widowed,Upper-Middle,Dinner,Monday,Ramachandra Nagar,North Indian
Female,25-34,Married,High,Snack,Tuesday,Bhavanipuram,Biryani
Male,45-54,Widowed,Upper-Middle,Late Night,Tuesday,One Town,Fast Food
Female,55-64,Single,Middle,Lunch,Thursday,Bhavanipuram,Biryani
Male,35-44,Single,Low,Dinner,Monday,Bhavanipuram,Biryani
Other,55-64,Divorced,Middle,Snack,Tuesday,Poranki,Street Food
Other,18-24,Widowed,High,Lunch,Friday,Ramachandra Nagar,North Indian
Other,35-44,Married,Middle,Late Night,Thursday,Gunadala,South Indian
Male,18-24,Married,Low,Breakfast,Friday,Bhavanipuram,Biryani
Female,55-64,Single,Low,Snack,Wednesday,Bhavanipuram,Biryani
Other,45-54,Widowed,Middle,Breakfast,Monday,MG Road,Chinese
Male,18-24,Divorced,Middle,Breakfast,Tuesday,Patamata,Continental
Other,35-44,Married,Middle,Late Night,Monday,Bhavanipuram,Biryani
Female,45-54,Divorced,Upper-Middle,Breakfast,Saturday,Gunadala,South Indian
Male,18-24,Single,Low,Lunch,Monday,Auto Nagar,Biryani
Other,35-44,Widowed,High,Breakfast,Friday,Gunadala,South Indian
Female,35-44,Single,Low,Snack,Monday,Benz Circle,Street Food
Male,35-44,Divorced,Upper-Middle,Lunch,Sunday,Governorpet,South Indian
Female,25-34,Married,Low,Late Night,Wednesday,MG Road,Chinese
Other,25-34,Divorced,Middle,Late Night,Friday,Gunadala,North Indian
Male,55-64,Widowed,Low,Dinner,Tuesday,Gunadala,South Indian
Female,18-24,Widowed,Low,Dinner,Monday,One Town,Street Food
Female,45-54,Widowed,Upper-Middle,Snack,Saturday,Ramachandra Nagar,Street Food
Other,25-34,Married,Upper-Middle,Dinner,Tuesday,MG Road,Biryani
Male,25-34,Married,High,Lunch,Sunday,Benz Circle,Fast Food
Female,25-34,Single,Upper-Middle,Snack,Tuesday,Poranki,Bakery
Female,55-64,Married,High,Snack,Tuesday,Auto Nagar,Biryani
Male,25-34,Divorced,High,Breakfast,Friday,Auto Nagar,Biryani
Female,18-24,Single,Middle,Lunch,Wednesday,Ramachandra Nagar,Biryani
Other,45-54,Widowed,High,Late Night,Tuesday,Bhavanipuram,Biryani
Male,45-54,Married,Upper-Middle,Breakfast,Friday,Bhavanipuram,Biryani
Female,25-34,Single,High,Lunch,Monday,Poranki,Bakery
Male,18-24,Single,Low,Late Night,Friday,Patamata,Continental
Female,25-34,Single,Low,Snack,Sunday,Governorpet,South Indian
Other,35-44,Divorced,Low,Snack,Wednesday,Bhavanipuram,Biryani
Other,35-44,Single,Upper-Middle,Lunch,Monday,Governorpet,South Indian
Female,25-34,Divorced,High,Snack,Wednesday,Gunadala,Chinese
Other,18-24,Widowed,High,Snack,Wednesday,Poranki,Bakery
Other,45-54,Single,Middle,Late Night,Wednesday,Patamata,Continental
Female,18-24,Married,Middle,Snack,Monday,Bhavanipuram,Street Food
Female,18-24,Widowed,High,Late Night,Saturday,Governorpet,South Indian
Female,18-24,Married,Low,Late Night,Sunday,Benz Circle,Fast Food
Female,18-24,Married,High,Snack,Tuesday,Auto Nagar,Biryani
Male,45-54,Divorced,High,Breakfast,Sunday,Governorpet,South Indian
Male,55-64,Widowed,Middle,Lunch,Monday,Benz Circle,Fast Food
Male,55-64,Widowed,Middle,Lunch,Saturday,Ramachandra Nagar,North Indian
Male,55-64,Divorced,Middle,Late Night,Saturday,Patamata,Continental
Other,45-54,Divorced,Upper-Middle,Dinner,Monday,Bhavanipuram,Chinese
Other,35-44,Married,High,Lunch,Monday,Patamata,Biryani
Female,18-24,Single,Upper-Middle,Breakfast,Friday,Gunadala,South Indian
Male,35-44,Single,Low,Snack,Friday,MG Road,Chinese
Other,25-34,Widowed,Middle,Late Night,Thursday,Patamata,Continental
Male,25-34,Married,Low,Lunch,Tuesday,Poranki,Bakery
Female,18-24,Married,Low,Snack,Thursday,Gunadala,South Indian
Other,18-24,Divorced,High,Late Night,Friday,Poranki,Chinese
Male,45-54,Married,High,Late Night,Thursday,Governorpet,Chinese
Male,45-54,Widowed,Upper-Middle,Snack,Saturday,Patamata,Continental
Male,45-54,Married,Upper-Middle,Breakfast,Sunday,Governorpet,South Indian
Other,35-44,Married,High,Snack,Thursday,Benz Circle,Fast Food
Female,25-34,Single,Low,Lunch,Saturday,MG Road,Biryani
Female,25-34,Divorced,Upper-Middle,Breakfast,Tuesday,Benz Circle,Fast Food
Other,25-34,Divorced,Middle,Late Night,Friday,Patamata,Continental
Other,45-54,Single,High,Late Night,Friday,MG Road,Chinese
Female,45-54,Married,Middle,Dinner,Monday,Governorpet,South Indian
Male,25-34,Single,Low,Lunch,Saturday,Patamata,Continental
Female,25-34,Widowed,Upper-Middle,Snack,Thursday,Ramachandra Nagar,Bakery
Other,45-54,Married,Middle,Dinner,Monday,Patamata,Biryani
Female,55-64,Widowed,High,Snack,Thursday,Ramachandra Nagar,North Indian
Female,35-44,Married,Middle,Lunch,Monday,Patamata,Continental
Other,18-24,Single,Upper-Middle,Late Night,Friday,One Town,Street Food
Other,35-44,Widowed,High,Late Night,Wednesday,Gunadala,Fast Food
Other,35-44,Divorced,High,Late Night,Saturday,One Town,Fast Food
Female,55-64,Divorced,Middle,Lunch,Friday,Ramachandra Nagar,North Indian
Male,55-64,Married,High,Late Night,Monday,Auto Nagar,Biryani
Female,55-64,Divorced,Upper-Middle,Late Night,Friday,One Town,Street Food
Female,55-64,Divorced,High,Breakfast,Saturday,Poranki,Bakery
Other,25-34,Single,Upper-Middle,Snack,Friday,Governorpet,South Indian
Other,18-24,Single,Low,Snack,Tuesday,MG Road,Street Food
Female,55-64,Divorced,Low,Lunch,Wednesday,Governorpet,South Indian
Male,45-54,Widowed,High,Late Night,Saturday,Gunadala,South Indian
Female,45-54,Single,High,Dinner,Wednesday,Benz Circle,Biryani
Female,18-24,Divorced,Middle,Breakfast,Friday,Governorpet,South Indian
Female,25-34,Widowed,Low,Late Night,Tuesday,Gunadala,Fast Food
Male,25-34,Widowed,High,Snack,Thursday,Patamata,Continental
Other,55-64,Married,Low,Dinner,Thursday,Poranki,Biryani
Female,35-44,Divorced,Middle,Snack,Saturday,Governorpet,South Indian
Female,18-24,Divorced,Upper-Middle,Lunch,Saturday,MG Road,Biryani
Female,25-34,Divorced,Upper-Middle,Late Night,Tuesday,Poranki,Bakery
Other,45-54,Divorced,Low,Snack,Sunday,Benz Circle,North Indian
Female,55-64,Widowed,High,Breakfast,Saturday,Governorpet,South Indian
Other,55-64,Divorced,High,Late Night,Monday,Poranki,Bakery
Female,18-24,Married,Middle,Lunch,Sunday,Bhavanipuram,Biryani
Other,55-64,Divorced,Low,Late Night,Saturday,Bhavanipuram,Biryani
Other,45-54,Married,Low,Lunch,Thursday,Benz Circle,Biryani
Other,55-64,Married,Middle,Breakfast,Saturday,Governorpet,South Indian
Other,25-34,Single,Upper-Middle,Late Night,Tuesday,One Town,Fast Food
Male,25-34,Single,Middle,Late Night,Monday,Patamata,Continental
Male,18-24,Married,Middle,Late Night,Sunday,Gunadala,South Indian
Other,18-24,Single,High,Snack,Tuesday,Ramachandra Nagar,North Indian
Male,35-44,Single,Upper-Middle,Late Night,Thursday,Auto Nagar,Street Food
Female,45-54,Married,Upper-Middle,Late Night,Tuesday,Patamata,Continental
Female,45-54,Single,Low,Snack,Wednesday,Poranki,Bakery
Male,45-54,Single,Upper-Middle,Snack,Friday,Poranki,Street Food
Other,18-24,Widowed,Upper-Middle,Late Night,Thursday,Ramachandra Nagar,Fast Food
Other,35-44,Widowed,Upper-Middle,Dinner,Sunday,Auto Nagar,Biryani
Male,35-44,Married,High,Late Night,Saturday,One Town,South Indian
Female,45-54,Widowed,Low,Snack,Tuesday,One Town,Street Food
Other,18-24,Divorced,Middle,Lunch,Tuesday,One Town,Biryani
Male,18-24,Single,Upper-Middle,Lunch,Tuesday,Patamata,Biryani
Female,25-34,Single,Low,Late Night,Thursday,Ramachandra Nagar,North Indian
Female,18-24,Single,Middle,Late Night,Wednesday,Ramachandra Nagar,North Indian
Male,55-64,Widowed,High,Breakfast,Friday,Patamata,Continental
Male,55-64,Widowed,High,Breakfast,Saturday,Governorpet,Biryani
Female,55-64,Single,Upper-Middle,Dinner,Sunday,Ramachandra Nagar,Biryani
Female,45-54,Widowed,Upper-Middle,Breakfast,Saturday,Gunadala,South Indian
Male,45-54,Divorced,Upper-Middle,Lunch,Tuesday,Bhavanipuram,Biryani
Other,35-44,Widowed,Middle,Dinner,Thursday,Patamata,Continental
Male,45-54,Married,Middle,Dinner,Tuesday,Benz Circle,Biryani
Female,35-44,Widowed,High,Dinner,Saturday,Benz Circle,Fast Food
Male,35-44,Widowed,Upper-Middle,Snack,Saturday,Governorpet,Biryani
Male,45-54,Married,Middle,Dinner,Tuesday,Poranki,Bakery
Male,35-44,Widowed,Middle,Snack,Wednesday,Governorpet,South Indian
Male,18-24,Single,Middle,Breakfast,Wednesday,Benz Circle,Chinese
Female,55-64,Single,Upper-Middle,Lunch,Friday,Bhavanipuram,Biryani
Male,25-34,Single,Low,Snack,Sunday,Auto Nagar,Biryani
Female,35-44,Single,Upper-Middle,Lunch,Tuesday,Patamata,Biryani
Male,55-64,Divorced,High,Dinner,Monday,Poranki,Bakery
Male,25-34,Married,Low,Lunch,Tuesday,Patamata,Biryani
Female,18-24,Divorced,High,Snack,Sunday,MG Road,Street Food
Female,35-44,Divorced,Upper-Middle,Lunch,Tuesday,One Town,Street Food
Female,35-44,Divorced,Middle,Snack,Saturday,Poranki,Street Food
Male,45-54,Single,Upper-Middle,Lunch,Thursday,Auto Nagar,Biryani
Male,55-64,Married,Middle,Snack,Thursday,Patamata,Continental
Other,55-64,Married,High,Snack,Friday,Governorpet,South Indian
Female,18-24,Divorced,High,Late Night,Saturday,Auto Nagar,Fast Food
Female,18-24,Widowed,Upper-Middle,Breakfast,Monday,Ramachandra Nagar,North Indian
Female,18-24,Single,Middle,Dinner,Tuesday,One Town,Biryani
Other,45-54,Married,High,Late Night,Thursday,Benz Circle,Street Food
Other,18-24,Widowed,Low,Snack,Friday,Governorpet,South Indian
Male,55-64,Widowed,High,Snack,Saturday,Bhavanipuram,Biryani
Other,45-54,Widowed,High,Snack,Thursday,Governorpet,Street Food
Other,35-44,Single,Middle,Breakfast,Friday,Gunadala,South Indian
Male,45-54,Married,Low,Breakfast,Friday,Benz Circle,Fast Food
Female,45-54,Widowed,High,Late Night,Saturday,Gunadala,Fast Food
Female,25-34,Divorced,Low,Lunch,Thursday,Poranki,Bakery
Other,45-54,Divorced,Middle,Dinner,Tuesday,Benz Circle,Fast Food
Other,45-54,Divorced,Middle,Lunch,Wednesday,Benz Circle,Fast Food
Other,25-34,Divorced,High,Late Night,Saturday,Governorpet,North Indian
Female,35-44,Widowed,Middle,Lunch,Sunday,Poranki,Bakery
Male,45-54,Divorced,High,Snack,Friday,Poranki,North Indian
Other,45-54,Single,Middle,Breakfast,Tuesday,Poranki,South Indian
Male,18-24,Single,Low,Breakfast,Saturday,Bhavanipuram,Biryani
Female,25-34,Single,Upper-Middle,Breakfast,Tuesday,Ramachandra Nagar,North Indian
Other,25-34,Single,Upper-Middle,Lunch,Saturday,Gunadala,South Indian
Male,35-44,Married,Middle,Dinner,Friday,Benz Circle,Biryani
Other,45-54,Married,Middle,Late Night,Sunday,MG Road,Chinese
Male,45-54,Single,Upper-Middle,Lunch,Wednesday,Auto Nagar,Biryani
Male,18-24,Single,High,Dinner,Sunday,Governorpet,Biryani
Male,35-44,Divorced,High,Snack,Wednesday,One Town,Street Food
Female,18-24,Married,High,Lunch,Sunday,Benz Circle,Biryani
Male,45-54,Divorced,Low,Snack,Sunday,Governorpet,South Indian
Male,18-24,Single,Low,Snack,Wednesday,Auto Nagar,Biryani
Female,25-34,Widowed,Low,Snack,Thursday,Benz Circle,North Indian
Male,45-54,Single,Upper-Middle,Snack,Monday,Poranki,Bakery
Other,35-44,Married,Middle,Lunch,Saturday,Gunadala,South Indian
Male,45-54,Divorced,Upper-Middle,Late Night,Friday,MG Road,Chinese
Other,55-64,Single,Upper-Middle,Breakfast,Thursday,One Town,Street Food
Male,35-44,Widowed,Upper-Middle,Dinner,Tuesday,Ramachandra Nagar,North Indian
Other,25-34,Divorced,Upper-Middle,Late Night,Tuesday,Ramachandra Nagar,North Indian
Female,45-54,Widowed,Upper-Middle,Breakfast,Monday,Governorpet,South Indian
Male,25-34,Widowed,Upper-Middle,Breakfast,Friday,Ramachandra Nagar,North Indian
Female,18-24,Divorced,Upper-Middle,Breakfast,Friday,Governorpet,South Indian
Male,45-54,Single,Upper-Middle,Dinner,Saturday,Governorpet,Biryani
Female,55-64,Married,Low,Snack,Sunday,Governorpet,South Indian
Other,35-44,Married,High,Breakfast,Saturday,One Town,Street Food
Female,55-64,Widowed,High,Breakfast,Saturday,Ramachandra Nagar,South Indian
Other,55-64,Widowed,Low,Dinner,Friday,Governorpet,Biryani
Male,55-64,Married,Upper-Middle,Breakfast,Monday,Bhavanipuram,Biryani
Other,25-34,Widowed,Upper-Middle,Late Night,Monday,Auto Nagar,Biryani
Female,35-44,Widowed,Low,Dinner,Thursday,One Town,Street Food
Other,45-54,Single,Middle,Dinner,Thursday,Ramachandra Nagar,Biryani
Female,45-54,Married,Middle,Late Night,Monday,One Town,Street Food
Female,25-34,Widowed,Low,Lunch,Wednesday,One Town,Biryani
Male,18-24,Single,High,Breakfast,Tuesday,Gunadala,Fast Food
Other,18-24,Single,High,Late Night,Tuesday,Patamata,Street Food
Male,45-54,Widowed,Upper-Middle,Lunch,Sunday,Poranki,Bakery
Male,35-44,Single,Upper-Middle,Lunch,Wednesday,Patamata,Continental
Female,25-34,Divorced,Middle,Late Night,Wednesday,Benz Circle,Fast Food
Other,55-64,Widowed,Middle,Lunch,Monday,MG Road,Street Food
Male,55-64,Widowed,Middle,Lunch,Wednesday,MG Road,Chinese
Other,45-54,Married,Upper-Middle,Dinner,Wednesday,Benz Circle,Fast Food
Other,18-24,Divorced,High,Lunch,Friday,Auto Nagar,Biryani
Male,55-64,Widowed,Middle,Dinner,Thursday,Gunadala,South Indian
Male,45-54,Widowed,Middle,Dinner,Thursday,Patamata,Continental
Female,25-34,Married,Middle,Breakfast,Friday,Gunadala,South Indian
Male,45-54,Divorced,Low,Snack,Thursday,Poranki,Street Food
Female,45-54,Married,Low,Lunch,Thursday,Benz Circle,Fast Food
Other,45-54,Single,Middle,Lunch,Tuesday,Bhavanipuram,Biryani
Other,55-64,Single,Upper-Middle,Breakfast,Wednesday,Gunadala,South Indian
Male,35-44,Divorced,Middle,Snack,Saturday,One Town,Street Food
Male,18-24,Married,Low,Lunch,Monday,Ramachandra Nagar,Biryani
Male,35-44,Widowed,Upper-Middle,Dinner,Saturday,Patamata,Continental
Female,35-44,Single,Middle,Snack,Wednesday,Poranki,Bakery
Other,25-34,Single,Middle,Dinner,Thursday,MG Road,Chinese
Male,25-34,Divorced,Middle,Dinner,Saturday,Patamata,Continental
Male,55-64,Married,Low,Dinner,Sunday,Bhavanipuram,Biryani
Female,25-34,Single,High,Snack,Friday,Benz Circle,Fast Food
Other,55-64,Widowed,Low,Snack,Tuesday,Benz Circle,Street Food
Male,25-34,Single,High,Dinner,Monday,MG Road,Biryani
Female,35-44,Married,Upper-Middle,Dinner,Thursday,Ramachandra Nagar,North Indian
Female,55-64,Single,Low,Snack,Wednesday,Poranki,Bakery
Female,45-54,Single,Middle,Late Night,Thursday,Poranki,Bakery
Male,55-64,Divorced,High,Dinner,Sunday,Benz Circle,Fast Food
Male,25-34,Single,Upper-Middle,Breakfast,Monday,Gunadala,South Indian
Male,45-54,Widowed,Low,Breakfast,Sunday,Poranki,South Indian
Female,45-54,Married,Upper-Middle,Breakfast,Wednesday,Ramachandra Nagar,North Indian
Other,35-44,Widowed,Upper-Middle,Late Night,Thursday,Auto Nagar,Fast Food
Female,18-24,Married,High,Lunch,Monday,One Town,South Indian
Male,45-54,Married,Middle,Dinner,Wednesday,Auto Nagar,Biryani
Other,25-34,Divorced,High,Snack,Monday,Auto Nagar,Street Food
Male,35-44,Married,High,Lunch,Saturday,Bhavanipuram,Biryani
Male,25-34,Widowed,High,Lunch,Monday,Ramachandra Nagar,North Indian
Male,55-64,Widowed,Middle,Lunch,Monday,Patamata,Biryani
Other,35-44,Widowed,Middle,Lunch,Tuesday,Benz Circle,Biryani
Male,35-44,Married,Low,Breakfast,Sunday,MG Road,Chinese
Female,18-24,Married,Upper-Middle,Dinner,Monday,Auto Nagar,Continental
